Server,Hostname,Application,Environment,Application Assignment Group,Endpoint URL
mg-intdev1-rk1,mg-intdev1-rk1,Non-Prod markandgraham.com,QA1,Ecom DevOps Non-Prod,https://mg-intdev1-rk1/summary.html
mg-intdev2-rk1,mg-intdev2-rk1,Non-Prod markandgraham.com,QA2,Ecom DevOps Non-Prod,https://mg-intdev2-rk1/summary.html
mg-intdev3-rk1,mg-intdev3-rk1,Non-Prod markandgraham.com,QA3,Ecom DevOps Non-Prod,https://mg-intdev3-rk1/summary.html
mg-intdev4-rk1,mg-intdev4-rk1,Non-Prod markandgraham.com,QA4,Ecom DevOps Non-Prod,https://mg-intdev4-rk1/summary.html
mg-intdev5-rk1,mg-intdev5-rk1,Non-Prod markandgraham.com,QA5,Ecom DevOps Non-Prod,https://mg-intdev5-rk1/summary.html
mg-intdev6-rk1,mg-intdev6-rk1,Non-Prod markandgraham.com,QA6,Ecom DevOps Non-Prod,https://mg-intdev6-rk1/summary.html
mg-intdev7-rk1,mg-intdev7-rk1,Non-Prod markandgraham.com,QA7,Ecom DevOps Non-Prod,https://mg-intdev7-rk1/summary.html
mg-intdev8-rk1,mg-intdev8-rk1,Non-Prod markandgraham.com,QA8,Ecom DevOps Non-Prod,https://mg-intdev8-rk1/summary.html
mg-intdev9-rk1,mg-intdev9-rk1,Non-Prod markandgraham.com,QA9,Ecom DevOps Non-Prod,https://mg-intdev9-rk1/summary.html
mg-intdev10-rk1,mg-intdev10-rk1,Non-Prod markandgraham.com,QA10,Ecom DevOps Non-Prod,https://mg-intdev10-rk1/summary.html
mg-intdev11-rk1,mg-intdev11-rk1,Non-Prod markandgraham.com,QA11,Ecom DevOps Non-Prod,https://mg-intdev11-rk1/summary.html
mg-intdev12-rk1,mg-intdev12-rk1,Non-Prod markandgraham.com,QA12,Ecom DevOps Non-Prod,https://mg-intdev12-rk1/summary.html
mg-intdev13-rk1,mg-intdev13-rk1,Non-Prod markandgraham.com,QA13,Ecom DevOps Non-Prod,https://mg-intdev13-rk1/summary.html
mg-intdev14-rk1,mg-intdev14-rk1,Non-Prod markandgraham.com,QA14,Ecom DevOps Non-Prod,https://mg-intdev14-rk1/summary.html
mg-qa15-rk1v,mg-qa15-rk1v,Non-Prod markandgraham.com,QA15,Ecom DevOps Non-Prod,https://mg-intdev15-rk1/summary.html
mg-qa16-rk1v,mg-qa16-rk1v,Non-Prod markandgraham.com,QA16,Ecom DevOps Non-Prod,https://mg-intdev16-rk1/summary.html
mg-intdev17-rk1,eferck-vicn001,Non-Prod markandgraham.com,QA17,Ecom DevOps Non-Prod,https://mg-intdev17-rk1/summary.html
mg-intdev18-rk1,eferck-vicn007,Non-Prod markandgraham.com,QA18,Ecom DevOps Non-Prod,https://mg-intdev18-rk1/summary.html
mg-intdev19-rk1,eferck-vicn013,Non-Prod markandgraham.com,QA19,Ecom DevOps Non-Prod,https://mg-intdev19-rk1/summary.html
mg-intdev20-rk1,eferck-vdcn001,Non-Prod markandgraham.com,QA20,Ecom DevOps Non-Prod,https://mg-intdev20-rk1/summary.html
mg-intdev21-rk1,eferck-vdcn007,Non-Prod markandgraham.com,QA21,Ecom DevOps Non-Prod,https://mg-intdev21-rk1/summary.html
mg-intdev22-rk1,eferck-vdcn013,Non-Prod markandgraham.com,QA22,Ecom DevOps Non-Prod,https://mg-intdev22-rk1/summary.html
mg-intdev23-rk1,eferck-vdcn019,Non-Prod markandgraham.com,QA23,Ecom DevOps Non-Prod,https://mg-intdev23-rk1/summary.html
mg-intdev24-rk1,eferck-vdcn025,Non-Prod markandgraham.com,QA24,Ecom DevOps Non-Prod,https://mg-intdev24-rk1/summary.html
mg-intdev25-rk1,eferck-vdcn031,Non-Prod markandgraham.com,QA25,Ecom DevOps Non-Prod,https://mg-intdev25-rk1/summary.html
mg-intdev26-rk1,eferck-vdcn037,Non-Prod markandgraham.com,QA26,Ecom DevOps Non-Prod,https://mg-intdev26-rk1/summary.html
mg-intdev27-rk1,eferck-vdcn043,Non-Prod markandgraham.com,QA27,Ecom DevOps Non-Prod,https://mg-intdev27-rk1/summary.html
mg-intdev28-rk1,eferck-vdcn049,Non-Prod markandgraham.com,QA28,Ecom DevOps Non-Prod,https://mg-intdev28-rk1/summary.html
mg-intdev29-rk1,eferck-vdcn055,Non-Prod markandgraham.com,QA29,Ecom DevOps Non-Prod,https://mg-intdev29-rk1/summary.html
mg-intdev30-rk1,eferck-vicn019,Non-Prod markandgraham.com,QA30,Ecom DevOps Non-Prod,https://mg-intdev30-rk1/summary.html
mg-intdev31-rk1,eferck-vicn025,Non-Prod markandgraham.com,QA31,Ecom DevOps Non-Prod,https://mg-intdev31-rk1/summary.html
mg-intdev32-rk1,eferck-vicn031,Non-Prod markandgraham.com,QA32,Ecom DevOps Non-Prod,https://mg-intdev32-rk1/summary.html
mg-intdev33-rk1,eferck-vicn037,Non-Prod markandgraham.com,QA33,Ecom DevOps Non-Prod,https://mg-intdev33-rk1/summary.html
mg-intdev34-rk1,eferck-vicn043,Non-Prod markandgraham.com,QA34,Ecom DevOps Non-Prod,https://mg-intdev34-rk1/summary.html
mg-intdev35-rk1,eferck-vicn049,Non-Prod markandgraham.com,QA35,Ecom DevOps Non-Prod,https://mg-intdev35-rk1/summary.html
mg-int1-rk1v,mg-int1-rk1v,Non-Prod markandgraham.com,Integration1,Ecom DevOps Non-Prod,https://mg-int1-rk1v/summary.html
mg-int2-rk1v,mg-int2-rk1v,Non-Prod markandgraham.com,Integration2,Ecom DevOps Non-Prod,https://mg-int2-rk1v/summary.html
mg-rgs1-rk1v,mg-rgs1-rk1v,Non-Prod markandgraham.com,Regression1,Ecom DevOps Non-Prod,https://mg-rgs1-rk1v/summary.html
mg-stg1-rk1v,mg-stg1-rk1v,Non-Prod markandgraham.com,Staging1,Ecom DevOps Non-Prod,https://mg-stg1-rk1v/summary.html
mg-uat1-rk1,mg-uat1-rk1,Non-Prod markandgraham.com,UAT1,ESRE eCom Support,https://mg-uat1-rk1/summary.html
mg-uat2-rk1,mg-uat2-rk1,Non-Prod markandgraham.com,UAT2,ESRE eCom Support,https://mg-uat2-rk1/summary.html
mg-uat3-rk1v,mg-uat3-rk1v,Non-Prod markandgraham.com,UAT3,ESRE eCom Support,https://mg-uat3-rk1/summary.html
mg-uat4-rk1,mg-uat4-rk1,Non-Prod markandgraham.com,UAT4,ESRE eCom Support,https://mg-uat4-rk1/summary.html
mg-uat5-rk1,mg-uat5-rk1,Non-Prod markandgraham.com,UAT5,ESRE eCom Support,https://mg-uat5-rk1/summary.html
pb-intdev1-rk1,pb-intdev1-rk1,Non-Prod potterybarn.com,QA1,Ecom DevOps Non-Prod,https://pb-intdev1-rk1/summary.html
pb-intdev2-rk1,pb-intdev2-rk1,Non-Prod potterybarn.com,QA2,Ecom DevOps Non-Prod,https://pb-intdev2-rk1/summary.html
pb-intdev3-rk1,pb-intdev3-rk1,Non-Prod potterybarn.com,QA3,Ecom DevOps Non-Prod,https://pb-intdev3-rk1/summary.html
pb-intdev4-rk1,pb-intdev4-rk1,Non-Prod potterybarn.com,QA4,Ecom DevOps Non-Prod,https://pb-intdev4-rk1/summary.html
pb-intdev5-rk1,pb-intdev5-rk1,Non-Prod potterybarn.com,QA5,Ecom DevOps Non-Prod,https://pb-intdev5-rk1/summary.html
pb-intdev6-rk1,pb-intdev6-rk1,Non-Prod potterybarn.com,QA6,Ecom DevOps Non-Prod,https://pb-intdev6-rk1/summary.html
pb-intdev7-rk1,pb-intdev7-rk1,Non-Prod potterybarn.com,QA7,Ecom DevOps Non-Prod,https://pb-intdev7-rk1/summary.html
pb-intdev8-rk1,pb-intdev8-rk1,Non-Prod potterybarn.com,QA8,Ecom DevOps Non-Prod,https://pb-intdev8-rk1/summary.html
pb-intdev9-rk1,pb-intdev9-rk1,Non-Prod potterybarn.com,QA9,Ecom DevOps Non-Prod,https://pb-intdev9-rk1/summary.html
pb-intdev10-rk1,pb-intdev10-rk1,Non-Prod potterybarn.com,QA10,Ecom DevOps Non-Prod,https://pb-intdev10-rk1/summary.html
pb-intdev11-rk1,pb-intdev11-rk1,Non-Prod potterybarn.com,QA11,Ecom DevOps Non-Prod,https://pb-intdev11-rk1/summary.html
pb-intdev12-rk1,pb-intdev12-rk1,Non-Prod potterybarn.com,QA12,Ecom DevOps Non-Prod,https://pb-intdev12-rk1/summary.html
pb-intdev13-rk1,pb-intdev13-rk1,Non-Prod potterybarn.com,QA13,Ecom DevOps Non-Prod,https://pb-intdev13-rk1/summary.html
pb-intdev14-rk1,pb-intdev14-rk1,Non-Prod potterybarn.com,QA14,Ecom DevOps Non-Prod,https://pb-intdev14-rk1/summary.html
pb-qa15-rk1v,pb-qa15-rk1v,Non-Prod potterybarn.com,QA15,Ecom DevOps Non-Prod,https://pb-intdev15-rk1/summary.html
pb-qa16-rk1v,pb-qa16-rk1v,Non-Prod potterybarn.com,QA16,Ecom DevOps Non-Prod,https://pb-intdev16-rk1/summary.html
pb-intdev17-rk1,eferck-vicn002,Non-Prod potterybarn.com,QA17,Ecom DevOps Non-Prod,https://pb-intdev17-rk1/summary.html
pb-intdev18-rk1,eferck-vicn008,Non-Prod potterybarn.com,QA18,Ecom DevOps Non-Prod,https://pb-intdev18-rk1/summary.html
pb-intdev19-rk1,eferck-vicn014,Non-Prod potterybarn.com,QA19,Ecom DevOps Non-Prod,https://pb-intdev19-rk1/summary.html
pb-intdev20-rk1,eferck-vdcn002,Non-Prod potterybarn.com,QA20,Ecom DevOps Non-Prod,https://pb-intdev20-rk1/summary.html
pb-intdev21-rk1,eferck-vdcn008,Non-Prod potterybarn.com,QA21,Ecom DevOps Non-Prod,https://pb-intdev21-rk1/summary.html
pb-intdev22-rk1,eferck-vdcn014,Non-Prod potterybarn.com,QA22,Ecom DevOps Non-Prod,https://pb-intdev22-rk1/summary.html
pb-intdev23-rk1,eferck-vdcn020,Non-Prod potterybarn.com,QA23,Ecom DevOps Non-Prod,https://pb-intdev23-rk1/summary.html
pb-intdev24-rk1,eferck-vdcn026,Non-Prod potterybarn.com,QA24,Ecom DevOps Non-Prod,https://pb-intdev24-rk1/summary.html
pb-intdev25-rk1,eferck-vdcn032,Non-Prod potterybarn.com,QA25,Ecom DevOps Non-Prod,https://pb-intdev25-rk1/summary.html
pb-intdev26-rk1,eferck-vdcn038,Non-Prod potterybarn.com,QA26,Ecom DevOps Non-Prod,https://pb-intdev26-rk1/summary.html
pb-intdev27-rk1,eferck-vdcn044,Non-Prod potterybarn.com,QA27,Ecom DevOps Non-Prod,https://pb-intdev27-rk1/summary.html
pb-intdev28-rk1,eferck-vdcn050,Non-Prod potterybarn.com,QA28,Ecom DevOps Non-Prod,https://pb-intdev28-rk1/summary.html
pb-intdev29-rk1,eferck-vdcn056,Non-Prod potterybarn.com,QA29,Ecom DevOps Non-Prod,https://pb-intdev29-rk1/summary.html
pb-intdev30-rk1,eferck-vicn020,Non-Prod potterybarn.com,QA30,Ecom DevOps Non-Prod,https://pb-intdev30-rk1/summary.html
pb-intdev31-rk1,eferck-vicn026,Non-Prod potterybarn.com,QA31,Ecom DevOps Non-Prod,https://pb-intdev31-rk1/summary.html
pb-intdev32-rk1,eferck-vicn032,Non-Prod potterybarn.com,QA32,Ecom DevOps Non-Prod,https://pb-intdev32-rk1/summary.html
pb-intdev33-rk1,eferck-vicn038,Non-Prod potterybarn.com,QA33,Ecom DevOps Non-Prod,https://pb-intdev33-rk1/summary.html
pb-intdev34-rk1,eferck-vicn044,Non-Prod potterybarn.com,QA34,Ecom DevOps Non-Prod,https://pb-intdev34-rk1/summary.html
pb-intdev35-rk1,eferck-vicn050,Non-Prod potterybarn.com,QA35,Ecom DevOps Non-Prod,https://pb-intdev35-rk1/summary.html
pb-int1-rk1v,pb-int1-rk1v,Non-Prod potterybarn.com,Integration,Ecom DevOps Non-Prod,https://pb-int1-rk1v/summary.html
pb-int2-rk1v,pb-int2-rk1v,Non-Prod potterybarn.com,Integration,Ecom DevOps Non-Prod,https://pb-int2-rk1v/summary.html
pb-rgs1-rk1v,pb-rgs1-rk1v,Non-Prod potterybarn.com,Regression,Ecom DevOps Non-Prod,https://pb-rgs1-rk1v/summary.html
pb-stg1-rk1v,pb-stg1-rk1v,Non-Prod potterybarn.com,Staging,Ecom DevOps Non-Prod,https://pb-stg1-rk1v/summary.html
pb-uat1-rk1,pb-uat1-rk1,Non-Prod potterybarn.com,UAT1,ESRE eCom Support,https://pb-uat1-rk1/summary.html
pb-uat2-rk1,pb-uat2-rk1,Non-Prod potterybarn.com,UAT2,ESRE eCom Support,https://pb-uat2-rk1/summary.html
pb-uat3-rk1v,pb-uat3-rk1v,Non-Prod potterybarn.com,UAT3,ESRE eCom Support,https://pb-uat3-rk1/summary.html
pb-uat4-rk1,pb-uat4-rk1,Non-Prod potterybarn.com,UAT4,ESRE eCom Support,https://pb-uat4-rk1/summary.html
pb-uat5-rk1,pb-uat5-rk1,Non-Prod potterybarn.com,UAT5,ESRE eCom Support,https://pb-uat5-rk1/summary.html
pk-intdev1-rk1,pk-intdev1-rk1,Non-Prod potterybarnkids.com,QA1,Ecom DevOps Non-Prod,https://pk-intdev1-rk1/summary.html
pk-intdev2-rk1,pk-intdev2-rk1,Non-Prod potterybarnkids.com,QA2,Ecom DevOps Non-Prod,https://pk-intdev2-rk1/summary.html
pk-intdev3-rk1,pk-intdev3-rk1,Non-Prod potterybarnkids.com,QA3,Ecom DevOps Non-Prod,https://pk-intdev3-rk1/summary.html
pk-intdev4-rk1,pk-intdev4-rk1,Non-Prod potterybarnkids.com,QA4,Ecom DevOps Non-Prod,https://pk-intdev4-rk1/summary.html
pk-intdev5-rk1,pk-intdev5-rk1,Non-Prod potterybarnkids.com,QA5,Ecom DevOps Non-Prod,https://pk-intdev5-rk1/summary.html
pk-intdev6-rk1,pk-intdev6-rk1,Non-Prod potterybarnkids.com,QA6,Ecom DevOps Non-Prod,https://pk-intdev6-rk1/summary.html
pk-intdev7-rk1,pk-intdev7-rk1,Non-Prod potterybarnkids.com,QA7,Ecom DevOps Non-Prod,https://pk-intdev7-rk1/summary.html
pk-intdev8-rk1,pk-intdev8-rk1,Non-Prod potterybarnkids.com,QA8,Ecom DevOps Non-Prod,https://pk-intdev8-rk1/summary.html
pk-intdev9-rk1,pk-intdev9-rk1,Non-Prod potterybarnkids.com,QA9,Ecom DevOps Non-Prod,https://pk-intdev9-rk1/summary.html
pk-intdev10-rk1,pk-intdev10-rk1,Non-Prod potterybarnkids.com,QA10,Ecom DevOps Non-Prod,https://pk-intdev10-rk1/summary.html
pk-intdev11-rk1,pk-intdev11-rk1,Non-Prod potterybarnkids.com,QA11,Ecom DevOps Non-Prod,https://pk-intdev11-rk1/summary.html
pk-intdev12-rk1,pk-intdev12-rk1,Non-Prod potterybarnkids.com,QA12,Ecom DevOps Non-Prod,https://pk-intdev12-rk1/summary.html
pk-intdev13-rk1,pk-intdev13-rk1,Non-Prod potterybarnkids.com,QA13,Ecom DevOps Non-Prod,https://pk-intdev13-rk1/summary.html
pk-intdev14-rk1,pk-intdev14-rk1,Non-Prod potterybarnkids.com,QA14,Ecom DevOps Non-Prod,https://pk-intdev14-rk1/summary.html
pk-qa15-rk1v,pk-qa15-rk1v,Non-Prod potterybarnkids.com,QA15,Ecom DevOps Non-Prod,https://pk-intdev15-rk1/summary.html
pk-qa16-rk1v,pk-qa16-rk1v,Non-Prod potterybarnkids.com,QA16,Ecom DevOps Non-Prod,https://pk-intdev16-rk1/summary.html
pk-intdev17-rk1,eferck-vicn003,Non-Prod potterybarnkids.com,QA17,Ecom DevOps Non-Prod,https://pk-intdev17-rk1/summary.html
pk-intdev18-rk1,eferck-vicn009,Non-Prod potterybarnkids.com,QA18,Ecom DevOps Non-Prod,https://pk-intdev18-rk1/summary.html
pk-intdev19-rk1,eferck-vicn015,Non-Prod potterybarnkids.com,QA19,Ecom DevOps Non-Prod,https://pk-intdev19-rk1/summary.html
pk-intdev20-rk1,eferck-vdcn003,Non-Prod potterybarnkids.com,QA20,Ecom DevOps Non-Prod,https://pk-intdev20-rk1/summary.html
pk-intdev21-rk1,eferck-vdcn009,Non-Prod potterybarnkids.com,QA21,Ecom DevOps Non-Prod,https://pk-intdev21-rk1/summary.html
pk-intdev22-rk1,eferck-vdcn015,Non-Prod potterybarnkids.com,QA22,Ecom DevOps Non-Prod,https://pk-intdev22-rk1/summary.html
pk-intdev23-rk1,eferck-vdcn021,Non-Prod potterybarnkids.com,QA23,Ecom DevOps Non-Prod,https://pk-intdev23-rk1/summary.html
pk-intdev24-rk1,eferck-vdcn027,Non-Prod potterybarnkids.com,QA24,Ecom DevOps Non-Prod,https://pk-intdev24-rk1/summary.html
pk-intdev25-rk1,eferck-vdcn033,Non-Prod potterybarnkids.com,QA25,Ecom DevOps Non-Prod,https://pk-intdev25-rk1/summary.html
pk-intdev26-rk1,eferck-vdcn039,Non-Prod potterybarnkids.com,QA26,Ecom DevOps Non-Prod,https://pk-intdev26-rk1/summary.html
pk-intdev27-rk1,eferck-vdcn045,Non-Prod potterybarnkids.com,QA27,Ecom DevOps Non-Prod,https://pk-intdev27-rk1/summary.html
pk-intdev28-rk1,eferck-vdcn051,Non-Prod potterybarnkids.com,QA28,Ecom DevOps Non-Prod,https://pk-intdev28-rk1/summary.html
pk-intdev29-rk1,eferck-vdcn057,Non-Prod potterybarnkids.com,QA29,Ecom DevOps Non-Prod,https://pk-intdev29-rk1/summary.html
pk-intdev30-rk1,eferck-vicn021,Non-Prod potterybarn.com,QA30,Ecom DevOps Non-Prod,https://pk-intdev30-rk1/summary.html
pk-intdev31-rk1,eferck-vicn027,Non-Prod potterybarn.com,QA31,Ecom DevOps Non-Prod,https://pk-intdev31-rk1/summary.html
pk-intdev32-rk1,eferck-vicn033,Non-Prod potterybarn.com,QA32,Ecom DevOps Non-Prod,https://pk-intdev32-rk1/summary.html
pk-intdev33-rk1,eferck-vicn039,Non-Prod potterybarn.com,QA33,Ecom DevOps Non-Prod,https://pk-intdev33-rk1/summary.html
pk-intdev34-rk1,eferck-vicn045,Non-Prod potterybarn.com,QA34,Ecom DevOps Non-Prod,https://pk-intdev34-rk1/summary.html
pk-intdev35-rk1,eferck-vicn051,Non-Prod potterybarn.com,QA35,Ecom DevOps Non-Prod,https://pk-intdev35-rk1/summary.html
pk-int1-rk1v,pk-int1-rk1v,Non-Prod potterybarnkids.com,Integration,Ecom DevOps Non-Prod,https://pk-int1-rk1v/summary.html
pk-int2-rk1v,pk-int2-rk1v,Non-Prod potterybarnkids.com,Integration,Ecom DevOps Non-Prod,https://pk-int2-rk1v/summary.html
pk-rgs1-rk1v,pk-rgs1-rk1v,Non-Prod potterybarnkids.com,Regression,Ecom DevOps Non-Prod,https://pk-rgs1-rk1v/summary.html
pk-stg1-rk1v,pk-stg1-rk1v,Non-Prod potterybarnkids.com,Staging,Ecom DevOps Non-Prod,https://pk-stg1-rk1v/summary.html
pk-uat1-rk1,pk-uat1-rk1,Non-Prod potterybarnkids.com,UAT1,ESRE eCom Support,https://pk-uat1-rk1/summary.html
pk-uat2-rk1,pk-uat2-rk1,Non-Prod potterybarnkids.com,UAT2,ESRE eCom Support,https://pk-uat2-rk1/summary.html
pk-uat3-rk1v,pk-uat3-rk1v,Non-Prod potterybarnkids.com,UAT3,ESRE eCom Support,https://pk-uat3-rk1/summary.html
pk-uat4-rk1,pk-uat4-rk1,Non-Prod potterybarnkids.com,UAT4,ESRE eCom Support,https://pk-uat4-rk1/summary.html
pk-uat5-rk1,pk-uat5-rk1,Non-Prod potterybarnkids.com,UAT5,ESRE eCom Support,https://pk-uat5-rk1/summary.html
pt-intdev1-rk1,pt-intdev1-rk1,Non-Prod pbteen.com,QA1,Ecom DevOps Non-Prod,https://pt-intdev1-rk1/summary.html
pt-intdev2-rk1,pt-intdev2-rk1,Non-Prod pbteen.com,QA2,Ecom DevOps Non-Prod,https://pt-intdev2-rk1/summary.html
pt-intdev3-rk1,pt-intdev3-rk1,Non-Prod pbteen.com,QA3,Ecom DevOps Non-Prod,https://pt-intdev3-rk1/summary.html
pt-intdev4-rk1,pt-intdev4-rk1,Non-Prod pbteen.com,QA4,Ecom DevOps Non-Prod,https://pt-intdev4-rk1/summary.html
pt-intdev5-rk1,pt-intdev5-rk1,Non-Prod pbteen.com,QA5,Ecom DevOps Non-Prod,https://pt-intdev5-rk1/summary.html
pt-intdev6-rk1,pt-intdev6-rk1,Non-Prod pbteen.com,QA6,Ecom DevOps Non-Prod,https://pt-intdev6-rk1/summary.html
pt-intdev7-rk1,pt-intdev7-rk1,Non-Prod pbteen.com,QA7,Ecom DevOps Non-Prod,https://pt-intdev7-rk1/summary.html
pt-intdev8-rk1,pt-intdev8-rk1,Non-Prod pbteen.com,QA8,Ecom DevOps Non-Prod,https://pt-intdev8-rk1/summary.html
pt-intdev9-rk1,pt-intdev9-rk1,Non-Prod pbteen.com,QA9,Ecom DevOps Non-Prod,https://pt-intdev9-rk1/summary.html
pt-intdev10-rk1,pt-intdev10-rk1,Non-Prod pbteen.com,QA10,Ecom DevOps Non-Prod,https://pt-intdev10-rk1/summary.html
pt-intdev11-rk1,pt-intdev11-rk1,Non-Prod pbteen.com,QA11,Ecom DevOps Non-Prod,https://pt-intdev11-rk1/summary.html
pt-intdev12-rk1,pt-intdev12-rk1,Non-Prod pbteen.com,QA12,Ecom DevOps Non-Prod,https://pt-intdev12-rk1/summary.html
pt-intdev13-rk1,pt-intdev13-rk1,Non-Prod pbteen.com,QA13,Ecom DevOps Non-Prod,https://pt-intdev13-rk1/summary.html
pt-intdev14-rk1,pt-intdev14-rk1,Non-Prod pbteen.com,QA14,Ecom DevOps Non-Prod,https://pt-intdev14-rk1/summary.html
pt-qa15-rk1v,pt-qa15-rk1v,Non-Prod pbteen.com,QA15,Ecom DevOps Non-Prod,https://pt-intdev15-rk1/summary.html
pt-qa16-rk1v,pt-qa16-rk1v,Non-Prod pbteen.com,QA16,Ecom DevOps Non-Prod,https://pt-intdev16-rk1/summary.html
pt-intdev17-rk1,eferck-vicn004,Non-Prod pbteen.com,QA17,Ecom DevOps Non-Prod,https://pt-intdev17-rk1/summary.html
pt-intdev18-rk1,eferck-vicn010,Non-Prod pbteen.com,QA18,Ecom DevOps Non-Prod,https://pt-intdev18-rk1/summary.html
pt-intdev19-rk1,eferck-vicn016,Non-Prod pbteen.com,QA19,Ecom DevOps Non-Prod,https://pt-intdev19-rk1/summary.html
pt-intdev20-rk1,eferck-vdcn004,Non-Prod pbteen.com,QA20,Ecom DevOps Non-Prod,https://pt-intdev20-rk1/summary.html
pt-intdev21-rk1,eferck-vdcn010,Non-Prod pbteen.com,QA21,Ecom DevOps Non-Prod,https://pt-intdev21-rk1/summary.html
pt-intdev22-rk1,eferck-vdcn016,Non-Prod pbteen.com,QA22,Ecom DevOps Non-Prod,https://pt-intdev22-rk1/summary.html
pt-intdev23-rk1,eferck-vdcn022,Non-Prod pbteen.com,QA23,Ecom DevOps Non-Prod,https://pt-intdev23-rk1/summary.html
pt-intdev24-rk1,eferck-vdcn028,Non-Prod pbteen.com,QA24,Ecom DevOps Non-Prod,https://pt-intdev24-rk1/summary.html
pt-intdev25-rk1,eferck-vdcn034,Non-Prod pbteen.com,QA25,Ecom DevOps Non-Prod,https://pt-intdev25-rk1/summary.html
pt-intdev26-rk1,eferck-vdcn040,Non-Prod pbteen.com,QA26,Ecom DevOps Non-Prod,https://pt-intdev26-rk1/summary.html
pt-intdev27-rk1,eferck-vdcn046,Non-Prod pbteen.com,QA27,Ecom DevOps Non-Prod,https://pt-intdev27-rk1/summary.html
pt-intdev28-rk1,eferck-vdcn052,Non-Prod pbteen.com,QA28,Ecom DevOps Non-Prod,https://pt-intdev28-rk1/summary.html
pt-intdev29-rk1,eferck-vdcn058,Non-Prod pbteen.com,QA29,Ecom DevOps Non-Prod,https://pt-intdev29-rk1/summary.html
pt-intdev30-rk1,eferck-vicn022,Non-Prod potterybarn.com,QA30,Ecom DevOps Non-Prod,https://pt-intdev30-rk1/summary.html
pt-intdev31-rk1,eferck-vicn028,Non-Prod potterybarn.com,QA31,Ecom DevOps Non-Prod,https://pt-intdev31-rk1/summary.html
pt-intdev32-rk1,eferck-vicn034,Non-Prod potterybarn.com,QA32,Ecom DevOps Non-Prod,https://pt-intdev32-rk1/summary.html
pt-intdev33-rk1,eferck-vicn040,Non-Prod potterybarn.com,QA33,Ecom DevOps Non-Prod,https://pt-intdev33-rk1/summary.html
pt-intdev34-rk1,eferck-vicn046,Non-Prod potterybarn.com,QA34,Ecom DevOps Non-Prod,https://pt-intdev34-rk1/summary.html
pt-intdev35-rk1,eferck-vicn052,Non-Prod potterybarn.com,QA35,Ecom DevOps Non-Prod,https://pt-intdev35-rk1/summary.html
pt-int1-rk1v,pt-int1-rk1v,Non-Prod pbteen.com,Integration,Ecom DevOps Non-Prod,https://pt-int1-rk1v/summary.html
pt-int2-rk1v,pt-int2-rk1v,Non-Prod pbteen.com,Integration,Ecom DevOps Non-Prod,https://pt-int2-rk1v/summary.html
pt-rgs1-rk1v,pt-rgs1-rk1v,Non-Prod pbteen.com,Regression,Ecom DevOps Non-Prod,https://pt-rgs1-rk1v/summary.html
pt-stg1-rk1v,pt-stg1-rk1v,Non-Prod pbteen.com,Staging,Ecom DevOps Non-Prod,https://pt-stg1-rk1v/summary.html
pt-uat1-rk1,pt-uat1-rk1,Non-Prod pbteen.com,UAT1,ESRE eCom Support,https://pt-uat1-rk1/summary.html
pt-uat2-rk1,pt-uat2-rk1,Non-Prod pbteen.com,UAT2,ESRE eCom Support,https://pt-uat2-rk1/summary.html
pt-uat3-rk1v,pt-uat3-rk1v,Non-Prod pbteen.com,UAT3,ESRE eCom Support,https://pt-uat3-rk1/summary.html
pt-uat4-rk1,pt-uat4-rk1,Non-Prod pbteen.com,UAT4,ESRE eCom Support,https://pt-uat4-rk1/summary.html
pt-uat5-rk1,pt-uat5-rk1,Non-Prod pbteen.com,UAT5,ESRE eCom Support,https://pt-uat5-rk1/summary.html
we-intdev1-rk1,we-intdev1-rk1,Non-Prod westelm.com,QA1,Ecom DevOps Non-Prod,https://we-intdev1-rk1/summary.html
we-intdev2-rk1,we-intdev2-rk1,Non-Prod westelm.com,QA2,Ecom DevOps Non-Prod,https://we-intdev2-rk1/summary.html
we-intdev3-rk1,we-intdev3-rk1,Non-Prod westelm.com,QA3,Ecom DevOps Non-Prod,https://we-intdev3-rk1/summary.html
we-intdev4-rk1,we-intdev4-rk1,Non-Prod westelm.com,QA4,Ecom DevOps Non-Prod,https://we-intdev4-rk1/summary.html
we-intdev5-rk1,we-intdev5-rk1,Non-Prod westelm.com,QA5,Ecom DevOps Non-Prod,https://we-intdev5-rk1/summary.html
we-intdev6-rk1,we-intdev6-rk1,Non-Prod westelm.com,QA6,Ecom DevOps Non-Prod,https://we-intdev6-rk1/summary.html
we-intdev7-rk1,we-intdev7-rk1,Non-Prod westelm.com,QA7,Ecom DevOps Non-Prod,https://we-intdev7-rk1/summary.html
we-intdev8-rk1,we-intdev8-rk1,Non-Prod westelm.com,QA8,Ecom DevOps Non-Prod,https://we-intdev8-rk1/summary.html
we-intdev9-rk1,we-intdev9-rk1,Non-Prod westelm.com,QA9,Ecom DevOps Non-Prod,https://we-intdev9-rk1/summary.html
we-intdev10-rk1,we-intdev10-rk1,Non-Prod westelm.com,QA10,Ecom DevOps Non-Prod,https://we-intdev10-rk1/summary.html
we-intdev11-rk1,we-intdev11-rk1,Non-Prod westelm.com,QA11,Ecom DevOps Non-Prod,https://we-intdev11-rk1/summary.html
we-intdev12-rk1,we-intdev12-rk1,Non-Prod westelm.com,QA12,Ecom DevOps Non-Prod,https://we-intdev12-rk1/summary.html
we-intdev13-rk1,we-intdev13-rk1,Non-Prod westelm.com,QA13,Ecom DevOps Non-Prod,https://we-intdev13-rk1/summary.html
we-intdev14-rk1,we-intdev14-rk1,Non-Prod westelm.com,QA14,Ecom DevOps Non-Prod,https://we-intdev14-rk1/summary.html
we-qa15-rk1v,we-qa15-rk1v,Non-Prod westelm.com,QA15,Ecom DevOps Non-Prod,https://we-intdev15-rk1/summary.html
we-qa16-rk1v,we-qa16-rk1v,Non-Prod westelm.com,QA16,Ecom DevOps Non-Prod,https://we-intdev16-rk1/summary.html
we-intdev17-rk1,eferck-vicn005,Non-Prod westelm.com,QA17,Ecom DevOps Non-Prod,https://we-intdev17-rk1/summary.html
we-intdev18-rk1,eferck-vicn011,Non-Prod westelm.com,QA18,Ecom DevOps Non-Prod,https://we-intdev18-rk1/summary.html
we-intdev19-rk1,eferck-vicn017,Non-Prod westelm.com,QA19,Ecom DevOps Non-Prod,https://we-intdev19-rk1/summary.html
we-intdev20-rk1,eferck-vdcn005,Non-Prod westelm.com,QA20,Ecom DevOps Non-Prod,https://we-intdev20-rk1/summary.html
we-intdev21-rk1,eferck-vdcn011,Non-Prod westelm.com,QA21,Ecom DevOps Non-Prod,https://we-intdev21-rk1/summary.html
we-intdev22-rk1,eferck-vdcn017,Non-Prod westelm.com,QA22,Ecom DevOps Non-Prod,https://we-intdev22-rk1/summary.html
we-intdev23-rk1,eferck-vdcn023,Non-Prod westelm.com,QA23,Ecom DevOps Non-Prod,https://we-intdev23-rk1/summary.html
we-intdev24-rk1,eferck-vdcn029,Non-Prod westelm.com,QA24,Ecom DevOps Non-Prod,https://we-intdev24-rk1/summary.html
we-intdev26-rk1,eferck-vdcn035,Non-Prod westelm.com,QA25,Ecom DevOps Non-Prod,https://we-intdev25-rk1/summary.html
we-intdev25-rk1,eferck-vdcn041,Non-Prod westelm.com,QA26,Ecom DevOps Non-Prod,https://we-intdev26-rk1/summary.html
we-intdev27-rk1,eferck-vdcn047,Non-Prod westelm.com,QA27,Ecom DevOps Non-Prod,https://we-intdev27-rk1/summary.html
we-intdev28-rk1,eferck-vdcn053,Non-Prod westelm.com,QA28,Ecom DevOps Non-Prod,https://we-intdev28-rk1/summary.html
we-intdev29-rk1,eferck-vdcn059,Non-Prod westelm.com,QA29,Ecom DevOps Non-Prod,https://we-intdev29-rk1/summary.html
we-intdev30-rk1,eferck-vicn023,Non-Prod potterybarn.com,QA30,Ecom DevOps Non-Prod,https://we-intdev30-rk1/summary.html
we-intdev31-rk1,eferck-vicn029,Non-Prod potterybarn.com,QA31,Ecom DevOps Non-Prod,https://we-intdev31-rk1/summary.html
we-intdev32-rk1,eferck-vicn035,Non-Prod potterybarn.com,QA32,Ecom DevOps Non-Prod,https://we-intdev32-rk1/summary.html
we-intdev33-rk1,eferck-vicn041,Non-Prod potterybarn.com,QA33,Ecom DevOps Non-Prod,https://we-intdev33-rk1/summary.html
we-intdev34-rk1,eferck-vicn047,Non-Prod potterybarn.com,QA34,Ecom DevOps Non-Prod,https://we-intdev34-rk1/summary.html
we-intdev35-rk1,eferck-vicn053,Non-Prod potterybarn.com,QA35,Ecom DevOps Non-Prod,https://we-intdev35-rk1/summary.html
we-int1-rk1v,we-int1-rk1v,Non-Prod westelm.com,Integration,Ecom DevOps Non-Prod,https://we-int1-rk1v/summary.html
we-int2-rk1v,we-int2-rk1v,Non-Prod westelm.com,Integration,Ecom DevOps Non-Prod,https://we-int2-rk1v/summary.html
we-rgs1-rk1v,we-rgs1-rk1v,Non-Prod westelm.com,Regression,Ecom DevOps Non-Prod,https://we-rgs1-rk1v/summary.html
we-stg1-rk1v,we-stg1-rk1v,Non-Prod westelm.com,Staging,Ecom DevOps Non-Prod,https://we-stg1-rk1v/summary.html
we-uat1-rk1,we-uat1-rk1,Non-Prod westelm.com,UAT1,ESRE eCom Support,https://we-uat1-rk1/summary.html
we-uat2-rk1,we-uat2-rk1,Non-Prod westelm.com,UAT2,ESRE eCom Support,https://we-uat2-rk1/summary.html
we-uat3-rk1v,we-uat3-rk1v,Non-Prod westelm.com,UAT3,ESRE eCom Support,https://we-uat3-rk1/summary.html
we-uat4-rk1,we-uat4-rk1,Non-Prod westelm.com,UAT4,ESRE eCom Support,https://we-uat4-rk1/summary.html
we-uat5-rk1,we-uat5-rk1,Non-Prod westelm.com,UAT5,ESRE eCom Support,https://we-uat5-rk1/summary.html
ws-intdev1-rk1,ws-intdev1-rk1,Non-Prod williams-sonoma.com,QA1,Ecom DevOps Non-Prod,https://ws-intdev1-rk1/summary.html
ws-intdev2-rk1,ws-intdev2-rk1,Non-Prod williams-sonoma.com,QA2,Ecom DevOps Non-Prod,https://ws-intdev2-rk1/summary.html
ws-intdev3-rk1,ws-intdev3-rk1,Non-Prod williams-sonoma.com,QA3,Ecom DevOps Non-Prod,https://ws-intdev3-rk1/summary.html
ws-intdev4-rk1,ws-intdev4-rk1,Non-Prod williams-sonoma.com,QA4,Ecom DevOps Non-Prod,https://ws-intdev4-rk1/summary.html
ws-intdev5-rk1,ws-intdev5-rk1,Non-Prod williams-sonoma.com,QA5,Ecom DevOps Non-Prod,https://ws-intdev5-rk1/summary.html
ws-intdev6-rk1,ws-intdev6-rk1,Non-Prod williams-sonoma.com,QA6,Ecom DevOps Non-Prod,https://ws-intdev6-rk1/summary.html
ws-intdev7-rk1,ws-intdev7-rk1,Non-Prod williams-sonoma.com,QA7,Ecom DevOps Non-Prod,https://ws-intdev7-rk1/summary.html
ws-intdev8-rk1,ws-intdev8-rk1,Non-Prod williams-sonoma.com,QA8,Ecom DevOps Non-Prod,https://ws-intdev8-rk1/summary.html
ws-intdev9-rk1,ws-intdev9-rk1,Non-Prod williams-sonoma.com,QA9,Ecom DevOps Non-Prod,https://ws-intdev9-rk1/summary.html
ws-intdev10-rk1,ws-intdev10-rk1,Non-Prod williams-sonoma.com,QA10,Ecom DevOps Non-Prod,https://ws-intdev10-rk1/summary.html
ws-intdev11-rk1,ws-intdev11-rk1,Non-Prod williams-sonoma.com,QA11,Ecom DevOps Non-Prod,https://ws-intdev11-rk1/summary.html
ws-intdev12-rk1,ws-intdev12-rk1,Non-Prod williams-sonoma.com,QA12,Ecom DevOps Non-Prod,https://ws-intdev12-rk1/summary.html
ws-intdev13-rk1,ws-intdev13-rk1,Non-Prod williams-sonoma.com,QA13,Ecom DevOps Non-Prod,https://ws-intdev13-rk1/summary.html
ws-intdev14-rk1,ws-intdev14-rk1,Non-Prod williams-sonoma.com,QA14,Ecom DevOps Non-Prod,https://ws-intdev14-rk1/summary.html
ws-qa15-rk1v,ws-qa15-rk1v,Non-Prod williams-sonoma.com,QA15,Ecom DevOps Non-Prod,https://ws-intdev15-rk1/summary.html
ws-qa16-rk1v,ws-qa16-rk1v,Non-Prod williams-sonoma.com,QA16,Ecom DevOps Non-Prod,https://ws-intdev16-rk1/summary.html
ws-intdev17-rk1,eferck-vicn006,Non-Prod williams-sonoma.com,QA17,Ecom DevOps Non-Prod,https://ws-intdev17-rk1/summary.html
ws-intdev18-rk1,eferck-vicn012,Non-Prod williams-sonoma.com,QA18,Ecom DevOps Non-Prod,https://ws-intdev18-rk1/summary.html
ws-intdev19-rk1,eferck-vicn018,Non-Prod williams-sonoma.com,QA19,Ecom DevOps Non-Prod,https://ws-intdev19-rk1/summary.html
ws-intdev20-rk1,eferck-vdcn006,Non-Prod williams-sonoma.com,QA20,Ecom DevOps Non-Prod,https://ws-intdev20-rk1/summary.html
ws-intdev21-rk1,eferck-vdcn012,Non-Prod williams-sonoma.com,QA21,Ecom DevOps Non-Prod,https://ws-intdev21-rk1/summary.html
ws-intdev22-rk1,eferck-vdcn018,Non-Prod williams-sonoma.com,QA22,Ecom DevOps Non-Prod,https://ws-intdev22-rk1/summary.html
ws-intdev23-rk1,eferck-vdcn024,Non-Prod williams-sonoma.com,QA23,Ecom DevOps Non-Prod,https://ws-intdev23-rk1/summary.html
ws-intdev24-rk1,eferck-vdcn030,Non-Prod williams-sonoma.com,QA24,Ecom DevOps Non-Prod,https://ws-intdev24-rk1/summary.html
ws-intdev26-rk1,eferck-vdcn036,Non-Prod williams-sonoma.com,QA25,Ecom DevOps Non-Prod,https://ws-intdev25-rk1/summary.html
ws-intdev25-rk1,eferck-vdcn042,Non-Prod williams-sonoma.com,QA26,Ecom DevOps Non-Prod,https://ws-intdev26-rk1/summary.html
ws-intdev27-rk1,eferck-vdcn048,Non-Prod williams-sonoma.com,QA27,Ecom DevOps Non-Prod,https://ws-intdev27-rk1/summary.html
ws-intdev28-rk1,eferck-vdcn054,Non-Prod williams-sonoma.com,QA28,Ecom DevOps Non-Prod,https://ws-intdev28-rk1/summary.html
ws-intdev29-rk1,eferck-vdcn060,Non-Prod williams-sonoma.com,QA29,Ecom DevOps Non-Prod,https://ws-intdev29-rk1/summary.html
ws-intdev30-rk1,eferck-vicn024,Non-Prod potterybarn.com,QA30,Ecom DevOps Non-Prod,https://ws-intdev30-rk1/summary.html
ws-intdev31-rk1,eferck-vicn030,Non-Prod potterybarn.com,QA31,Ecom DevOps Non-Prod,https://ws-intdev31-rk1/summary.html
ws-intdev32-rk1,eferck-vicn036,Non-Prod potterybarn.com,QA32,Ecom DevOps Non-Prod,https://ws-intdev32-rk1/summary.html
ws-intdev33-rk1,eferck-vicn042,Non-Prod potterybarn.com,QA33,Ecom DevOps Non-Prod,https://ws-intdev33-rk1/summary.html
ws-intdev34-rk1,eferck-vicn048,Non-Prod potterybarn.com,QA34,Ecom DevOps Non-Prod,https://ws-intdev34-rk1/summary.html
ws-intdev35-rk1,eferck-vicn054,Non-Prod potterybarn.com,QA35,Ecom DevOps Non-Prod,https://ws-intdev35-rk1/summary.html
ws-int1-rk1v,ws-int1-rk1v,Non-Prod williams-sonoma.com,Integration,Ecom DevOps Non-Prod,https://ws-int1-rk1v/summary.html
ws-int2-rk1v,ws-int2-rk1v,Non-Prod williams-sonoma.com,Integration,Ecom DevOps Non-Prod,https://ws-int2-rk1v/summary.html
ws-rgs1-rk1v,ws-rgs1-rk1v,Non-Prod williams-sonoma.com,Regression,Ecom DevOps Non-Prod,https://ws-rgs1-rk1v/summary.html
ws-stg1-rk1v,ws-stg1-rk1v,Non-Prod williams-sonoma.com,Staging,Ecom DevOps Non-Prod,https://ws-stg1-rk1v/summary.html
ws-uat1-rk1,ws-uat1-rk1,Non-Prod williams-sonoma.com,UAT1,ESRE eCom Support,https://ws-uat1-rk1/summary.html
ws-uat2-rk1,ws-uat2-rk1,Non-Prod williams-sonoma.com,UAT2,ESRE eCom Support,https://ws-uat2-rk1/summary.html
ws-uat3-rk1v,ws-uat3-rk1v,Non-Prod williams-sonoma.com,UAT3,ESRE eCom Support,https://ws-uat3-rk1/summary.html
ws-uat4-rk1,ws-uat4-rk1,Non-Prod williams-sonoma.com,UAT4,ESRE eCom Support,https://ws-uat4-rk1/summary.html
ws-uat5-rk1,ws-uat5-rk1,Non-Prod williams-sonoma.com,UAT5,ESRE eCom Support,https://ws-uat5-rk1/summary.html
mg-xcprf-rk1v,dparck-vicn001,Non-Prod markandgraham.com,Performance,Ecom DevOps Non-Prod,https://www.perf.markandgraham.com/summary.html
mg-xcprf-rk2v,dparck-vicn002,Non-Prod markandgraham.com,Performance,Ecom DevOps Non-Prod,https://www.perf.markandgraham.com/summary.html
pb-xcprf-rk1v,dparck-vicn003,Non-Prod potterybarn.com,Performance,Ecom DevOps Non-Prod,https://www.perf.potterybarn.com/summary.html
pb-xcprf-rk2v,dparck-vicn004,Non-Prod potterybarn.com,Performance,Ecom DevOps Non-Prod,https://www.perf.potterybarn.com/summary.html
pb-xcprf-rk3v,dparck-vicn005,Non-Prod potterybarn.com,Performance,Ecom DevOps Non-Prod,https://www.perf.potterybarn.com/summary.html
pk-xcprf-rk1v,dparck-vicn006,Non-Prod potterybarnkids.com,Performance,Ecom DevOps Non-Prod,https://www.perf.potterybarnkids.com/summary.html
pk-xcprf-rk2v,dparck-vicn007,Non-Prod potterybarnkids.com,Performance,Ecom DevOps Non-Prod,https://www.perf.potterybarnkids.com/summary.html
pt-xcprf-rk1v,dparck-vicn008,Non-Prod pbteen.com,Performance,Ecom DevOps Non-Prod,https://www.perf.potterybarnteen.com/summary.html
pt-xcprf-rk2v,dparck-vicn009,Non-Prod pbteen.com,Performance,Ecom DevOps Non-Prod,https://www.perf.potterybarnteen.com/summary.html
we-xcprf-rk1v,dparck-vicn010,Non-Prod westelm.com,Performance,Ecom DevOps Non-Prod,https://www.perf.westelm.com/summary.html
we-xcprf-rk2v,dparck-vicn011,Non-Prod westelm.com,Performance,Ecom DevOps Non-Prod,https://www.perf.westelm.com/summary.html
ws-xcprf-rk1v,dparck-vicn012,Non-Prod williams-sonoma.com,Performance,Ecom DevOps Non-Prod,https://www.perf.williams-sonoma.com/summary.html
ws-xcprf-rk2v,dparck-vicn013,Non-Prod williams-sonoma.com,Performance,Ecom DevOps Non-Prod,https://www.perf.williams-sonoma.com/summary.html
dparck-vicn014,dparck-vicn014,Non-Prod pbteen.com,Performance,Ecom DevOps Non-Prod,https://www.perf.potterybarnteen.com/summary.html
dparck-vicn015,dparck-vicn015,Non-Prod pbteen.com,Performance,Ecom DevOps Non-Prod,https://www.perf.potterybarnteen.com/summary.html
dparck-vicn016,dparck-vicn016,Non-Prod williams-sonoma.com,Performance,Ecom DevOps Non-Prod,https://www.perf.williams-sonoma.com/summary.html
dparck-vicn017,dparck-vicn017,Non-Prod westelm.com,Performance,Ecom DevOps Non-Prod,https://www.perf.westelm.com/summary.html
dparck-vicn018,dparck-vicn018,Non-Prod potterybarnkids.com,Performance,Ecom DevOps Non-Prod,https://www.perf.potterybarnkids.com/summary.html
,,,,,
Components/Services,,,,,
Server,Hostname,Application,Environment,Application Assignment Group,Endpoint URL
pricing-qa1-rk1v,pricing-qa1-rk1v,Non-Prod Pricing,QA1,Ecom DevOps Non-Prod,http://pricing-qa1-rk1v/summary.html
pricing-qa2-rk1v,pricing-qa2-rk1v,Non-Prod Pricing,QA2,Ecom DevOps Non-Prod,http://pricing-qa2-rk1v/summary.html
pricing-qa3-rk1v,pricing-qa3-rk1v,Non-Prod Pricing,QA3,Ecom DevOps Non-Prod,http://pricing-qa3-rk1v/summary.html
pricing-qa4-rk1v,pricing-qa4-rk1v,Non-Prod Pricing,QA4,Ecom DevOps Non-Prod,http://pricing-qa4-rk1v/summary.html
pricing-qa5-rk1v,pricing-qa5-rk1v,Non-Prod Pricing,QA5,Ecom DevOps Non-Prod,http://pricing-qa5-rk1v/summary.html
pricing-qa6-rk1v,pricing-qa6-rk1v,Non-Prod Pricing,QA6,Ecom DevOps Non-Prod,http://pricing-qa6-rk1v/summary.html
pricing-qa7-rk1v,prcrck-vicn008,Non-Prod Pricing,QA7/UAT,ESRE eCom Support,http://pricing-qa7-rk1v/summary.html
pxyrck-vicn003,pxyrck-vicn003,Non-Prod Pricing,QA,Ecom DevOps Non-Prod,
publisher-qa1-rk1v,publisher-qa1-rk1v,Non-Prod Publisher,QA1,Ecom DevOps Non-Prod,http://publisher-qa1-rk1v/summary.html
publisher-qa2-rk1v,publisher-qa2-rk1v,Non-Prod Publisher,QA2,Ecom DevOps Non-Prod,http://publisher-qa2-rk1v/summary.html
publisher-qa3-rk1v,publisher-qa3-rk1v,Non-Prod Publisher,QA3,Ecom DevOps Non-Prod,http://publisher-qa3-rk1v/summary.html
publisher-qa4-rk1v,publisher-qa4-rk1v,Non-Prod Publisher,QA4,Ecom DevOps Non-Prod,http://publisher-qa4-rk1v/summary.html
publisher-qa5-rk1v,publisher-qa5-rk1v,Non-Prod Publisher,QA5,Ecom DevOps Non-Prod,http://publisher-qa5-rk1v/summary.html
publisher-qa6-rk1v,publisher-qa6-rk1v,Non-Prod Publisher,QA6,Ecom DevOps Non-Prod,http://publisher-qa6-rk1v/summary.html
publisher-qa7-rk1v,pubrck-vicn001,Non-Prod Publisher,QA7/UAT,ESRE eCom Support,http://publisher-qa7-rk1v/summary.html
pradm-qa1-rk1v,pradm-qa1-rk1v,Non-Prod Promo-admin,QA1,Ecom DevOps Non-Prod,https://pradm-qa1-rk1v/summary.html
pradm-qa2-rk1v,pradm-qa2-rk1v,Non-Prod Promo-admin,QA2,Ecom DevOps Non-Prod,https://pradm-qa2-rk1v/summary.html
pradm-qa3-rk1v,pradm-qa3-rk1v,Non-Prod Promo-admin,QA3,Ecom DevOps Non-Prod,https://pradm-qa3-rk1v/summary.html
pradm-qa4-rk1v,pradm-qa4-rk1v,Non-Prod Promo-admin,QA4,Ecom DevOps Non-Prod,https://pradm-qa4-rk1v/summary.html
pradm-qa5-rk1v,pradm-qa5-rk1v,Non-Prod Promo-admin,QA5,Ecom DevOps Non-Prod,https://pradm-qa5-rk1v/summary.html
pradm-qa6-rk1v,pradm-qa6-rk1v,Non-Prod Promo-admin,QA6,Ecom DevOps Non-Prod,https://pradm-qa6-rk1v/summary.html
pradm-qa7-rk1v,prarck-vicn006,Non-Prod Promo-admin,QA7/UAT,ESRE eCom Support,https://pradm-qa7-rk1v/summary.html
singleuse-qa1-rk1v,singleuse-qa1-rk1v,Non-Prod Singleuse,QA1,Ecom DevOps Non-Prod,http://singleuse-qa1-rk1v.wsgc.com/summary.html
singleuse-qa2-rk1v,singleuse-qa2-rk1v,Non-Prod Singleuse,QA2,Ecom DevOps Non-Prod,http://singleuse-qa2-rk1v.wsgc.com/summary.html
singleuse-qa3-rk1v,singleuse-qa3-rk1v,Non-Prod Singleuse,QA3,Ecom DevOps Non-Prod,http://singleuse-qa3-rk1v.wsgc.com/summary.html
singleusemaster-qa4-rk1v,singleusemaster-qa4-rk1v,Non-Prod Singleuse,QA4,Ecom DevOps Non-Prod,http://singleusemaster-qa4-rk1v.wsgc.com/summary.html
singleusemaster-qa5-rk1v,singleusemaster-qa5-rk1v,Non-Prod Singleuse,QA5,Ecom DevOps Non-Prod,http://singleusemaster-qa5-rk1v.wsgc.com/summary.html
singleusemaster-qa6-rk1v,singleusemaster-qa6-rk1v,Non-Prod Singleuse,QA6,Ecom DevOps Non-Prod,http://singleusemaster-qa6-rk1v.wsgc.com/summary.html
singleuse-qa7-rk1v,sgurck-vicn001,Non-Prod Singleuse,QA7,ESRE eCom Support,http://singleuse-qa7-rk1v.wsgc.com/summary.html
aossvc-qa-rk1v,asorck-vicn001,Non-Prod AssociateOrderSite,QA,Ecom DevOps Non-Prod,
cre-qa-rk1v,crerck-vicn001,Non-Prod CustomerRecognitionEngine,QA,Ecom DevOps Non-Prod,
cre-qa-rk2v,crerck-vicn002,Non-Prod CustomerRecognitionEngine,QA,Ecom DevOps Non-Prod,
creadm-qa-rk1v,crerck-vicn003,Non-Prod CustomerRecognitionEngine,QA,Ecom DevOps Non-Prod,https://crerck-vicn003/admin/summary.html
credb-devrk1v,crerck-vdcn001,Non-Prod CustomerRecognitionEngine,DEV,Ecom DevOps Non-Prod,
credb-devrk2v,crerck-vdcn002,Non-Prod CustomerRecognitionEngine,DEV,Ecom DevOps Non-Prod,
credb-devrk3v,crerck-vdcn003,Non-Prod CustomerRecognitionEngine,DEV,Ecom DevOps Non-Prod,
credl-qa-rk1v,crerck-vicn004,Non-Prod CustomerRecognitionEngine,QA,Ecom DevOps Non-Prod,
ecmq-dev1-rk1v,ecmq-dev1-rk1v,Non-Prod Enterprise Connector ,DEV,Ecom DevOps Non-Prod,NEED Validation
ecmq-qa1-rk1v,ecmq-qa1-rk1v,Non-Prod Enterprise Connector ,QA,Ecom DevOps Non-Prod,NEED Validation
ecmq-qa2-rk1v,ecmq-qa2-rk1v,Non-Prod Enterprise Connector ,QA,Ecom DevOps Non-Prod,NEED Validation
ecmq-qa3-rk1v,ecmq-qa3-rk1v,Non-Prod Enterprise Connector ,QA,Ecom DevOps Non-Prod,NEED Validation
ecmq-qa4-rk1v,ecmq-qa4-rk1v,Non-Prod Enterprise Connector ,QA,Ecom DevOps Non-Prod,NEED Validation
ecmq-qa5-rk1v,ecmq-qa5-rk1v,Non-Prod Enterprise Connector ,QA,Ecom DevOps Non-Prod,NEED Validation
loyalty-dev1-rk1v,loyalty-dev1-rk1v,Non-Prod Loyalty,DEV,Ecom DevOps Non-Prod,http://loyalty-dev1-rk1v/summary.html
loyalty-qa1-rk1v,loyalty-qa1-rk1v,Non-Prod Loyalty,QA1,Ecom DevOps Non-Prod,https://loyalty-qa1-rk1v.wsgc.com/summary
loyalty-qa1-rk2v,loyalty-qa1-rk2v,Non-Prod Loyalty,QA1,Ecom DevOps Non-Prod,https://loyalty-qa1-rk2v.wsgc.com/summary
loyalty-uat1-rk1v,loyalty-uat1-rk1v,Non-Prod Loyalty,UAT,ESRE eCom Support,https://loyalty-uat1-rk1v.wsgc.com/summary
loyalty-uat1-rk2v,loyalty-uat1-rk2v,Non-Prod Loyalty,UAT,ESRE eCom Support,https://loyalty-uat1-rk2v.wsgc.com/summary
mdm-qa1-rk1v,mdm-qa1-rk1v,Non-Prod MasterDataManagement,QA1,Ecom DevOps Non-Prod,http://mdm-qa1-rk1v.wsgc.com/admin/summary.html
mdm-qa2-rk1v,mdm-qa2-rk1v,Non-Prod MasterDataManagement,QA2,Ecom DevOps Non-Prod,http://mdm-qa2-rk1v.wsgc.com/admin/summary.html
mdm-qa3-rk1v,mdm-qa3-rk1v,Non-Prod MasterDataManagement,QA3,Ecom DevOps Non-Prod,http://mdm-qa3-rk1v.wsgc.com/admin/summary.html
mdm-qa4-rk1v,mdm-qa4-rk1v,Non-Prod MasterDataManagement,QA4,Ecom DevOps Non-Prod,http://mdm-qa4-rk1v.wsgc.com/admin/summary.html
favorites-dev1-rk1v,favorites-dev1-rk1v,Non-Prod Favorites,DEV,Ecom DevOps Non-Prod,https://favorites-dev1-rk1v/favorites/health/summary
favorites-qa1-rk1v,favorites-qa1-rk1v,Non-Prod Favorites,QA,Ecom DevOps Non-Prod,https://favorites-qa1-rk1v/favorites/v1/health/summary
favorites-uat1-rk1v,favorites-uat1-rk1v,Non-Prod Favorites,UAT,ESRE eCom Support,https://favorites-uat1-rk1v/favorites/v1/health/summary
rewards-dev1-rk1,rewards-dev1-rk1,Non-Prod Rewards,DEV,Ecom DevOps Non-Prod,https://rewards-dev1-rk1/summary.html
rewards-dev2-rk1,rewards-dev2-rk1,Non-Prod Rewards,DEV,Ecom DevOps Non-Prod,https://rewards-dev2-rk1/summary.html
rewards-qa1-rk1,rewards-qa1-rk1,Non-Prod Rewards,QA,Ecom DevOps Non-Prod,http://rewards-qa1-rk1/summary.html
rewards-qa2-rk1,rewards-qa2-rk1,Non-Prod Rewards,QA,Ecom DevOps Non-Prod,http://rewards-qa2-rk1/summary.html
rewards-qa6-rk1,invadj-uat-rk1v,Non-Prod Rewards,QA,Ecom DevOps Non-Prod,
ecinvent-qa-rk1v,venrck-vicn001,Non-Prod Inventory,QA1,Ecom DevOps Non-Prod,https://ecinvent-qa-rk1v.wsgc.com/
ecinvent-qa-rk2v,venrck-vicn002,Non-Prod Inventory,QA2,Ecom DevOps Non-Prod,https://ecinvent-qa-rk1v.wsgc.com/
ecinvent-qa-rk3v,venrck-vicn003,Non-Prod Inventory,QA3,Ecom DevOps Non-Prod,https://ecinvent-qa-rk1v.wsgc.com/
ecinvent-qa-rk4v,venrck-vicn004,Non-Prod Inventory,QA4,Ecom DevOps Non-Prod,https://ecinvent-qa-rk1v.wsgc.com/
ecinvent-qa-rk5v,venrck-vicn005,Non-Prod Inventory,QA5,Ecom DevOps Non-Prod,https://ecinvent-qa-rk1v.wsgc.com/
intl-dev1-rk1v,intl-dev1-rk1v,Non-Prod International,DEV,Ecom DevOps Non-Prod,
intl-qa1-rk1v,intl-qa1-rk1v,Non-Prod International,QA,Ecom DevOps Non-Prod,
intlfetch-qa1-rk1v,intlfetch-qa1-rk1v,Non-Prod International,QA,Ecom DevOps Non-Prod,
invadj-dev-rk1v,invadj-dev-rk1v,Non-Prod Inventory,DEV,Ecom DevOps Non-Prod,invadj-dev-rk1v/summary.html
invadj-qa1-rk1v,odsrck-vdcn002,Non-Prod Inventory,QA,Ecom DevOps Non-Prod,invadj-qa1-rk1v/summary.html
invadj-qa2-rk1v,invadj-qa2-rk1v,Non-Prod Inventory,QA,Ecom DevOps Non-Prod,invadj-qa2-rk1v/summary.html
invadj-uat-rk1v,odsrck-vdcn001,Non-Prod Inventory,UAT,ESRE eCom Support,invadj-uat-rk1v/summary.html
sccint-dev-rk1v,sccint-dev-rk1v,Non-Prod SavedCreditCard,DEV,Ecom DevOps Non-Prod,http://sccint-dev1-rk1v/admin/summary.html
sccint-qa1-rk1v,sccint-qa1-rk1v,Non-Prod SavedCreditCard,QA1,Ecom DevOps Non-Prod,http://sccint-qa1-rk1v/admin/summary.html
sccint-qa2-rk1v,sccint-qa2-rk1v,Non-Prod SavedCreditCard,QA2,Ecom DevOps Non-Prod,http://sccint-qa2-rk1v/admin/summary.html
sccint-qa3-rk1v,sccint-qa3-rk1v,Non-Prod SavedCreditCard,QA3,Ecom DevOps Non-Prod,http://sccint-qa3-rk1v/admin/summary.html
sccint-qa5-rk1v,sccint-qa5-rk1v,Non-Prod SavedCreditCard,QA5,Ecom DevOps Non-Prod,http://sccint-qa5-rk1v/admin/summary.html
sccext-dev-rk1v,sccext-dev-rk1v,Non-Prod SavedCreditCard,DEV,Ecom DevOps Non-Prod,http://sccext-dev1-rk1v/admin/summary.html
sccext-qa1-rk1v,sccext-qa1-rk1v,Non-Prod SavedCreditCard,QA1,Ecom DevOps Non-Prod,http://sccext-qa1-rk1v/admin/summary.html
sccext-qa2-rk1v,sccext-qa2-rk1v,Non-Prod SavedCreditCard,QA2,Ecom DevOps Non-Prod,http://sccext-qa2-rk1v/admin/summary.html
sccext-qa3-rk1v,sccext-qa3-rk1v,Non-Prod SavedCreditCard,QA3,Ecom DevOps Non-Prod,http://sccext-qa3-rk1v/admin/summary.html
sccext-qa5-rk1v,sccext-qa5-rk1v,Non-Prod SavedCreditCard,QA5,Ecom DevOps Non-Prod,http://sccext-qa5-rk1v/admin/summary.html
storelocator-qa1-rk1v,storelocator-qa1-rk1v,Non-Prod Storelocator,QA,Ecom DevOps Non-Prod,
xcadm-dev1-rk1v,xcadm-dev1-rk1v,Non-Prod Xcadm,DEV,Ecom DevOps Non-Prod,https://xcadm-dev1-rk1v.wsgc.com/summary.html
xcadm-qa1-rk1v,xcadm-qa1-rk1v,Non-Prod Xcadm,QA1,Ecom DevOps Non-Prod,https://xcadm-qa1-rk1v.wsgc.com/summary.html
xcadm-qa2-rk1v,xcadm-qa2-rk1v,Non-Prod Xcadm,QA2,Ecom DevOps Non-Prod,https://xcadm-qa2-rk1v.wsgc.com/summary.html
xcadm-qa3-rk1,xcadm-qa3-rk1,Non-Prod Xcadm,QA3,Ecom DevOps Non-Prod,https://xcadm-qa3-rk1v.wsgc.com/summary.html
xcadm-qa4-rk1,xcadm-qa4-rk1,Non-Prod Xcadm,QA4,Ecom DevOps Non-Prod,https://xcadm-qa4-rk1v.wsgc.com/summary.html
xcadm-qa5-rk1,xcadm-qa5-rk1,Non-Prod Xcadm,QA5,Ecom DevOps Non-Prod,https://xcadm-qa5-rk1v.wsgc.com/summary.html
xcadm-qa6-rk1,xcadm-qa6-rk1,Non-Prod Xcadm,QA6,Ecom DevOps Non-Prod,https://xcadm-qa6-rk1v.wsgc.com/summary.html
xcadmqark2v,xcadmqark2v,Non-Prod Xcadm,QA,Ecom DevOps Non-Prod,
xcarck-vicn001,xcarck-vicn001,Non-Prod Xcadm,QA,Ecom DevOps Non-Prod,
xcarck-vdcn001,xcarck-vdcn001,Non-Prod Xcadm,QA,Ecom DevOps Non-Prod,
xcarck-vdcn002,xcarck-vdcn002,Non-Prod Xcadm,QA,Ecom DevOps Non-Prod,
xcarck-vdcn003,xcarck-vdcn003,Non-Prod Xcadm,QA,Ecom DevOps Non-Prod,
hfauth-qa-rk1v,hmfrck-vicn001,Non-Prod Homefront,QA,Ecom DevOps Non-Prod,
hfpub-qa-rk1v,hmfrck-vicn002,Non-Prod Homefront,QA,Ecom DevOps Non-Prod,
hfweb-qa-rk1v,hmfrck-vicn003,Non-Prod Homefront,QA,Ecom DevOps Non-Prod,
hmfrck-vicn004,hmfrck-vicn004,Non-Prod Homefront,QA,Ecom DevOps Non-Prod,
hmfrck-vicn005,hmfrck-vicn005,Non-Prod Homefront,QA,Ecom DevOps Non-Prod,
hmfrck-virh003,hmfrck-virh003,Non-Prod Homefront,QA,Ecom DevOps Non-Prod,
mg-wcm-qa1-sac1v,mg-wcm-qa1-sac1v,Non-Prod Wcm,QA1,Ecom DevOps Non-Prod,
pb-wcm-qa1-sac1v,pb-wcm-qa1-sac1v,Non-Prod Wcm,QA1,Ecom DevOps Non-Prod,
pk-wcm-qa1-sac1v,pk-wcm-qa1-sac1v,Non-Prod Wcm,QA1,Ecom DevOps Non-Prod,
pt-wcm-qa1-sac1v,pt-wcm-qa1-sac1v,Non-Prod Wcm,QA1,Ecom DevOps Non-Prod,
we-wcm-qa1-sac1v,we-wcm-qa1-sac1v,Non-Prod Wcm,QA1,Ecom DevOps Non-Prod,
ws-wcm-qa1-sac1v,ws-wcm-qa1-sac1v,Non-Prod Wcm,QA1,Ecom DevOps Non-Prod,
mg-wcm-qa2-rk1v,wcmrck-vicn015,Non-Prod Wcm,QA2,Ecom DevOps Non-Prod,
pb-wcm-qa2-rk1v,wcmrck-vicn010,Non-Prod Wcm,QA2,Ecom DevOps Non-Prod,
pk-wcm-qa2-rk1v,wcmrck-vicn011,Non-Prod Wcm,QA2,Ecom DevOps Non-Prod,
pt-wcm-qa2-rk1v,wcmrck-vicn012,Non-Prod Wcm,QA2,Ecom DevOps Non-Prod,
we-wcm-qa2-rk1v,wcmrck-vicn014,Non-Prod Wcm,QA2,Ecom DevOps Non-Prod,
ws-wcm-qa2-rk1v,wcmrck-vicn013,Non-Prod Wcm,QA2,Ecom DevOps Non-Prod,
mg-wcm-uat1-rk1v,mg-wcm-uat1-rk1v,Non-Prod Wcm,UAT1,ESRE eCom Support,
pb-wcm-uat1-rk1v,pb-wcm-uat1-rk1v,Non-Prod Wcm,UAT1,ESRE eCom Support,
pk-wcm-uat1-rk1v,pk-wcm-uat1-rk1v,Non-Prod Wcm,UAT1,ESRE eCom Support,
pt-wcm-uat1-rk1v,pt-wcm-uat1-rk1v,Non-Prod Wcm,UAT1,ESRE eCom Support,
we-wcm-uat1-rk1v,we-wcm-uat1-rk1v,Non-Prod Wcm,UAT1,ESRE eCom Support,
ws-wcm-uat1-rk1v,ws-wcm-uat1-rk1v,Non-Prod Wcm,UAT1,ESRE eCom Support,
mg-wcm-uat2-rk1v,wcmrck-vicn005,Non-Prod Wcm,UAT2,ESRE eCom Support,
pb-wcm-uat2-rk1v,wcmrck-vicn001,Non-Prod Wcm,UAT2,ESRE eCom Support,
pk-wcm-uat2-rk1v,wcmrck-vicn006,Non-Prod Wcm,UAT2,ESRE eCom Support,
pt-wcm-uat2-rk1v,wcmrck-vicn002,Non-Prod Wcm,UAT2,ESRE eCom Support,
we-wcm-uat2-rk1v,wcmrck-vicn003,Non-Prod Wcm,UAT2,ESRE eCom Support,
ws-wcm-uat2-rk1v,wcmrck-vicn004,Non-Prod Wcm,UAT2,ESRE eCom Support,
xc-wcm-dev1-sac1v,xc-wcm-dev1-sac1v,Non-Prod Wcm,DEV1,Ecom DevOps Non-Prod,
xc-wcm-dev2-sac1v,xc-wcm-dev2-sac1v,Non-Prod Wcm,DEV2,Ecom DevOps Non-Prod,
mg-ecmauth-qa-sac1v,mg-ecmauth-qa-sac1v,Non-Prod Ecm,QA1,Ecom DevOps Non-Prod,
mg-ecmpub-qa-sac1v,mg-ecmpub-qa-sac1v,Non-Prod Ecm,QA1,Ecom DevOps Non-Prod,
pb-ecmauth-qa-sac1v,pb-ecmauth-qa-sac1v,Non-Prod Ecm,QA1,Ecom DevOps Non-Prod,
pb-ecmpub-qa-sac1v,pb-ecmpub-qa-sac1v,Non-Prod Ecm,QA1,Ecom DevOps Non-Prod,
pk-ecmauth-qa-sac1v,pk-ecmauth-qa-sac1v,Non-Prod Ecm,QA1,Ecom DevOps Non-Prod,
pk-ecmpub-qa-sac1v,pk-ecmpub-qa-sac1v,Non-Prod Ecm,QA1,Ecom DevOps Non-Prod,
pt-ecmauth-qa-sac1v,pt-ecmauth-qa-sac1v,Non-Prod Ecm,QA1,Ecom DevOps Non-Prod,
pt-ecmpub-qa-sac1v,pt-ecmpub-qa-sac1v,Non-Prod Ecm,QA1,Ecom DevOps Non-Prod,
we-ecmauth-qa-sac1v,we-ecmauth-qa-sac1v,Non-Prod Ecm,QA1,Ecom DevOps Non-Prod,
we-ecmpub-qa-sac1v,we-ecmpub-qa-sac1v,Non-Prod Ecm,QA11,Ecom DevOps Non-Prod,
ws-ecmauth-qa-sac1v,ws-ecmauth-qa-sac1v,Non-Prod Ecm,UAT,ESRE eCom Support,
ws-ecmpub-qa-sac1v,ws-ecmpub-qa-sac1v,Non-Prod Ecm,UAT,ESRE eCom Support,
mg-ecmauth-uat-rk1,mg-ecmauth-uat-rk1,Non-Prod Ecm,UAT,ESRE eCom Support,
mg-ecmpub-uat-rk1,mg-ecmpub-uat-rk1,Non-Prod Ecm,UAT,ESRE eCom Support,
pb-ecmauth-uat-rk1,pb-ecmauth-uat-rk1,Non-Prod Ecm,UAT,ESRE eCom Support,
pb-ecmpub-uat-rk1,pb-ecmpub-uat-rk1,Non-Prod Ecm,UAT,ESRE eCom Support,
pk-ecmauth-uat-rk1,pk-ecmauth-uat-rk1,Non-Prod Ecm,UAT,ESRE eCom Support,
pk-ecmpub-uat-rk1,pk-ecmpub-uat-rk1,Non-Prod Ecm,UAT,ESRE eCom Support,
pt-ecmauth-uat-rk1,pt-ecmauth-uat-rk1,Non-Prod Ecm,UAT,ESRE eCom Support,
pt-ecmpub-uat-rk1,pt-ecmpub-uat-rk1,Non-Prod Ecm,UAT,ESRE eCom Support,
we-ecmauth-uat-rk1,we-ecmauth-uat-rk1,Non-Prod Ecm,UAT,ESRE eCom Support,
we-ecmpub-uat-rk1,we-ecmpub-uat-rk1,Non-Prod Ecm,UAT,ESRE eCom Support,
ws-ecmauth-uat-rk1,ws-ecmauth-uat-rk1,Non-Prod Ecm,UAT,ESRE eCom Support,
ws-ecmpub-uat-rk1,ws-ecmpub-uat-rk1,Non-Prod Ecm,UAT,ESRE eCom Support,
pkecm-uat-rk1v,ecmrck-vicn011,Non-Prod Ecm,UAT,ESRE eCom Support,
wsecm-uat-rk1v,ecmrck-vicn012,Non-Prod Ecm,UAT,ESRE eCom Support,
mgecm-int-rk1v,ecmrck-vicn014,Non-Prod Ecm,UAT,ESRE eCom Support,
ptecm-uat-rk1v,ecmrck-vicn015,Non-Prod Ecm,UAT,ESRE eCom Support,
weecm-uat-rk1v,ecmrck-vicn016,Non-Prod Ecm,UAT,ESRE eCom Support,
pbecmprvuatrk1v,pbecmprvuatrk1v,Non-Prod Ecm-preview,UAT,ESRE eCom Support,
pkecmprvuatrk1v,pkecmprvuatrk1v,Non-Prod Ecm-preview,UAT,ESRE eCom Support,
ptecmprvuatrk1v,ptecmprvuatrk1v,Non-Prod Ecm-preview,UAT,ESRE eCom Support,
weecmprvuatrk1v,weecmprvuatrk1v,Non-Prod Ecm-preview,UAT,ESRE eCom Support,
wsecmprvuatrk1v,wsecmprvuatrk1v,Non-Prod Ecm-preview,UAT,ESRE eCom Support,
mgecmprv-qa-rk1v,wcmrck-vicn007,Non-Prod Ecm-preview,QA,Ecom DevOps Non-Prod,
weecmprvintrk1v,weecmprvuatrk1v,Non-Prod Ecm-preview,INT,Ecom DevOps Non-Prod,
wsecmprvintrk1v,wsecmprvuatrk1v,Non-Prod Ecm-preview,INT,Ecom DevOps Non-Prod,
mgecmprv-uat-rk1v,wcmrck-vicn009,Non-Prod Ecm-preview,UAT,ESRE eCom Support,
caweb-qa1-rk1v,caweb-qa1-rk1v,Non-Prod Caweb,QA,Ecom DevOps Non-Prod,
corp-qa1-rk1v,corp-qa1-rk1v,Non-Prod Corp,QA,Ecom DevOps Non-Prod,
dfeed-qa-rk1v ,dfdrck-vicn001,Non-Prod Datafeed,QA1,Ecom DevOps Non-Prod,
prsfc-dev1-rk1v,regrck-vdrh005,Non-Prod Prsfc,QA,Ecom DevOps Non-Prod,
prsfc-qa1-rk1v,dasrck-vicn001,Non-Prod Prsfc,QA,Ecom DevOps Non-Prod,
profile-dev1-rk1v,profile-dev1-rk1v,Non-Prod Profile,DEV,Ecom DevOps Non-Prod,http://profile-dev1-rk1v.wsgc.com/summary
profile-qa1-rk1v,profile-qa1-rk1v,Non-Prod Profile,QA1,Ecom DevOps Non-Prod,http://profile-qa1-rk1v.wsgc.com/summary
profile-uat1-rk1v,profile-uat1-rk1v,Non-Prod Profile,UAT1,ESRE eCom Support,http://profile-uat1-rk1v.wsgc.com/summary
registry-dev1-rk1v,regrck-vdrh003,Non-Prod Registry,DEV,Ecom DevOps Non-Prod,
registry-perf-rk1v,regrck-virh007,Non-Prod Registry,PERF,Ecom DevOps Non-Prod,
registry-qa1-rk1v,regrck-virh003,Non-Prod Registry,QA1,Ecom DevOps Non-Prod,
registry-qa2-rk1v,regrck-virh004,Non-Prod Registry,QA2,Ecom DevOps Non-Prod,
registry-uat1-rk1v,regrck-virh010,Non-Prod Registry,UAT1,ESRE eCom Support,
registry-uat2-rk1v,regrck-virh011,Non-Prod Registry,UAT2,ESRE eCom Support,
regrck-vdcn003,regrck-vdcn003,Non-Prod Registry,DEV,Ecom DevOps Non-Prod,
regrck-vdcn004,regrck-vdcn004,Non-Prod Registry,SBX,Ecom DevOps Non-Prod,
regrck-vicn001,regrck-vicn001,Non-Prod Registry,,Ecom DevOps Non-Prod,
regrck-vicn002,regrck-vicn002,Non-Prod Registry,,Ecom DevOps Non-Prod,
regrck-vicn003,regrck-vicn003,Non-Prod Registry,,Ecom DevOps Non-Prod,
regrck-vicn004,regrck-vicn004,Non-Prod Registry,,Ecom DevOps Non-Prod,
regrck-vicn005,regrck-vicn005,Non-Prod Registry,,Ecom DevOps Non-Prod,
regrck-vicn006,regrck-vicn006,Non-Prod Registry,,Ecom DevOps Non-Prod,
regrck-vicn007,regrck-vicn007,Non-Prod Registry,DEV,Ecom DevOps Non-Prod,
regrck-vicn008,regrck-vicn008,Non-Prod Registry,,Ecom DevOps Non-Prod,
regrck-vicn009,regrck-vicn009,Non-Prod Registry,,Ecom DevOps Non-Prod,
regrck-vicn010,regrck-vicn010,Non-Prod Registry,,Ecom DevOps Non-Prod,
regrck-vicn011,regrck-vicn011,Non-Prod Registry,,Ecom DevOps Non-Prod,
regadm-dev-rk1v,regrck-vdcn001,Non-Prod Registry,DEV,Ecom DevOps Non-Prod,
regadm-dev-rk2v,regrck-vdcn002,Non-Prod Registry,DEV,Ecom DevOps Non-Prod,
regadm-dev-rk1v,regrck-vdrh001,Non-Prod Registry-admin,DEV,Ecom DevOps Non-Prod,
regadm-dev-rk2v,regrck-vdrh002,Non-Prod Registry-admin,DEV,Ecom DevOps Non-Prod,
regadm-qa1-rk1v,rearck-vicn001,Non-Prod Registry-admin,QA,Ecom DevOps Non-Prod,
regadm-qa1-rk2v,rearck-vicn002,Non-Prod Registry-admin,QA,Ecom DevOps Non-Prod,
feedgen-dev-rk1v,ossrck-vdcn001,Non-Prod OnSiteSearch,DEV,Ecom DevOps Non-Prod,https://feedgen-dev-rk1v/admin/summary.html
feedgen-qa-rk1v,ossrck-vicn001,Non-Prod OnSiteSearch,QA,Ecom DevOps Non-Prod,https://feedgen-qa-rk1v/admin/summary.html
feedgen-uat-rk1v,ossrck-vicn003,Non-Prod OnSiteSearch,UAT,ESRE eCom Support,https://feedgen-uat-rk1v/admin/summary.html
search-publisher-dev-rk1v,ossrck-vdcn002,Non-Prod OnSiteSearch,DEV,Ecom DevOps Non-Prod,https://search-publisher-dev-rk1v/summary/
search-publisher-qa-rk1v,ossrck-vicn002,Non-Prod OnSiteSearch,QA,Ecom DevOps Non-Prod,https://search-publisher-qa-rk1v/summary/
search-publisher-sac1v-rk1v,osssac-vccn001,Non-Prod OnSiteSearch,QA,Ecom DevOps Non-Prod,https://search-publisher-qa-rk1v/summary/
search-publisher-uat-rk1v,ossrck-vicn004,Non-Prod OnSiteSearch,UAT,ESRE eCom Support,https://search-publisher-uat-rk1v/summary/
search-orchestrator-dev-rk1v,ossrck-vdcn003,Non-Prod OnSiteSearch,DEV,Ecom DevOps Non-Prod,https://search-orchestrator-dev-rk1v/summary.html
search-orchestrator-qa-rk1v,ossrck-vicn005,Non-Prod OnSiteSearch,QA,Ecom DevOps Non-Prod,https://search-orchestrator-qa-rk1v/summary.html
search-orchestrator-uat-rk1v,ossrck-vicn006,Non-Prod OnSiteSearch,UAT,ESRE eCom Support,https://search-orchestrator-uat-rk1v/summary.html
c3svc-qa-rk1v,c3srck-vicn001,Non-Prod C3,QA1,Ecom DevOps Non-Prod,http://c3srck-vicn001/admin/summary.html
c3svc-qa-rk2v,c3srck-vicn002,Non-Prod C3,QA1,Ecom DevOps Non-Prod,http://c3srck-vicn002/admin/summary.html 
webauth-dev-rk01v,webauth-dev-rk01v,Non-Prod Oauth,DEV,Ecom DevOps Non-Prod,https://webauth-dev-rk01v.wsgc.com/summary
webauth-qa-rk01v,webauth-qa-rk01v,Non-Prod Oauth,QA1,Ecom DevOps Non-Prod,https://webauth-qa-rk01v.wsgc.com/summary
webauth-uat-rk01v,webauth-uat-rk01v,Non-Prod Oauth,UAT1,ESRE eCom Support,https://webauth-uat-rk01v.wsgc.com/summary
ecmagent-int-rk1v,ecmrck-vicn001,Non-Prod Ecmagent,INT,Ecom DevOps Non-Prod,
ecmagent-qa-rk1v,ecmrck-vicn017,Non-Prod Ecmagent,QA,Ecom DevOps Non-Prod,
ecmagentintrk1v,ecmagentintrk1v,Non-Prod Ecmagent,INT,Ecom DevOps Non-Prod,
enditl-dev-rk1,edcrck-vicn001,Non-Prod Endeca,DEV,Ecom DevOps Non-Prod,
endmdex-dev-rk1,edcrck-vdcn001,Non-Prod Endeca,DEV,Ecom DevOps Non-Prod,
endmdex-dev-rk2,edcrck-vdcn002,Non-Prod Endeca,DEV,Ecom DevOps Non-Prod,
enditl-qa1-rk1,enditl-qa1-rk1,Non-Prod Endeca,QA,Ecom DevOps Non-Prod,
enditl-uat1-rk1,enditl-uat1-rk1,Non-Prod Endeca,UAT,ESRE eCom Support,
enditluatsf1v,enditluatsf1v,Non-Prod Endeca,UAT,ESRE eCom Support,
endmdex-qa1-rk1,endmdex-qa1-rk1,Non-Prod Endeca,QA,Ecom DevOps Non-Prod,
endmdex-qa1-rk2,endmdex-qa1-rk2,Non-Prod Endeca,QA,Ecom DevOps Non-Prod,
endmdex-uat1-rk1,endmdex-uat1-rk1,Non-Prod Endeca,UAT,ESRE eCom Support,
endmdex-uat1-rk2,endmdex-uat1-rk2,Non-Prod Endeca,UAT,ESRE eCom Support,
endmdexuatsf1v,endmdexuatsf1v,Non-Prod Endeca,UAT,ESRE eCom Support,
endmdexuatsf2v,endmdexuatsf2v,Non-Prod Endeca,UAT,ESRE eCom Support,
img-qa1-rk2v,img-qa1-rk2v,Non-Prod Image,QA,Ecom DevOps Non-Prod,
imgproc-qa-sac1v,imgproc-qa-sac1v,Non-Prod Image,QA,Ecom DevOps Non-Prod,
imgqark1v,imgqark1v,Non-Prod Image,QA,Ecom DevOps Non-Prod,
img-dev-rk1v,imgrck-vdcn001,Non-Prod Image,QA,Ecom DevOps Non-Prod,
img-qa-rk1v,imgrck-vicn001,Non-Prod Image,QA,Ecom DevOps Non-Prod,
imgrck-vicn002,imgrck-vicn002,Non-Prod Image,QA,Ecom DevOps Non-Prod,
poloader-dev1-rk1v,poloader-dev1-rk1v,Non-Prod Poloader,QA,Ecom DevOps Non-Prod,
poloader-qa1-rk1v,poloader-qa1-rk1v,Non-Prod Poloader,QA,Ecom DevOps Non-Prod,
aesrck-vdcn001,aesrck-vdcn001,Non-Prod AES,,Ecom DevOps Non-Prod,
aesrck-vicn001,aesrck-vicn001,Non-Prod AES,,Ecom DevOps Non-Prod,
,,,,,
CI/CD,,,,,
Server,Hostname,Application,Environment,Application Assignment Group,Comments
bgb-dev-sac1,bgb-dev-sac1,Non-Prod BGB,QA,Ecom DevOps Non-Prod,
bgb-qa1-sac1v,bgb-qa1-sac1v,Non-Prod BGB,QA,Ecom DevOps Non-Prod,
bgb-uat1-rk1v,bgb-uat1-rk1v,Non-Prod BGB,UAT,ESRE eCom Support,
bgb-uat2-rk1v,bgb-uat2-rk1v,Non-Prod BGB,UAT,ESRE eCom Support,
buildsystem-dev-sac1,buildsystem-dev-sac1,Non-Prod Buildsystem,QA,Ecom DevOps Non-Prod,
buildsystem-qa1-sac1v,buildsystem-qa1-sac1v,Non-Prod Buildsystem,QA,Ecom DevOps Non-Prod,
buildsystem-uat2-rk1v,buildsystem-uat2-rk1v,Non-Prod Buildsystem,UAT,ESRE eCom Support,
jnkrck-vdcn001,jnkrck-vdcn001,eCommerce-Jenkins,CI,Ecom DevOps Non-Prod,
jnkrck-vdcn002,jnkrck-vdcn002,eCommerce-Jenkins,CI,Ecom DevOps Non-Prod,
jnkrck-vdcn003,jnkrck-vdcn003,eCommerce-Jenkins,CI,Ecom DevOps Non-Prod,
jnkrck-vicn003,jnkrck-vicn003,eCommerce-Jenkins,CI,Ecom DevOps Non-Prod,
jnkrck-vicn004,jnkrck-vicn004,eCommerce-Jenkins,CI,Ecom DevOps Non-Prod,
ecbuild-agent-qa-sac1v,ecbuild-agent-qa-sac1v,eCommerce-Jenkins,CI,Ecom DevOps Non-Prod,
ecbuild-agent-qa-sac2v,ecbuild-agent-qa-sac2v,eCommerce-Jenkins,CI,Ecom DevOps Non-Prod,
ecbuild-agent-qa-sac3v,ecbuild-agent-qa-sac3v,eCommerce-Jenkins,CI,Ecom DevOps Non-Prod,
ecbuild-agent-qa-sac4v,ecbuild-agent-qa-sac4v,eCommerce-Jenkins,CI,Ecom DevOps Non-Prod,
ecbuild-agent-qa-sac5v,ecbuild-agent-qa-sac5v,eCommerce-Jenkins,CI,Ecom DevOps Non-Prod,
ecbuild-agent-qa-sac6v,ecbuild-agent-qa-sac6v,eCommerce-Jenkins,CI,Ecom DevOps Non-Prod,
ecbuild-agent-qa-sac7v,ecbuild-agent-qa-sac7v,eCommerce-Jenkins,CI,Ecom DevOps Non-Prod,
ecbuild-master-qa-sac1v,ecbuild-master-qa-sac1v,eCommerce-Jenkins,CI,Ecom DevOps Non-Prod,
rndrck-vdcn001,rndrck-vdcn001,eCommerce-Rundeck,CD,Ecom DevOps Non-Prod,
haprck-vccn001,haprck-vccn001,eCommerce-Rundeck,CD,Ecom DevOps Non-Prod,
haprck-vccn002,haprck-vccn002,eCommerce-Rundeck,CD,Ecom DevOps Non-Prod,
rndrck-vccn001,rndrck-vccn001,eCommerce-Rundeck,CD,Ecom DevOps Non-Prod,
rndrck-vccn002,rndrck-vccn002,eCommerce-Rundeck,CD,Ecom DevOps Non-Prod,
rndrck-vicn001,rndrck-vicn001,eCommerce-Rundeck,CD,Ecom DevOps Non-Prod,
rndrck-vicn002,rndrck-vicn002,eCommerce-Rundeck,CD,Ecom DevOps Non-Prod,
rndrck-vicn003,rndrck-vicn003,eCommerce-Rundeck,CD,Ecom DevOps Non-Prod,
rndrck-vicn004,rndrck-vicn004,eCommerce-Rundeck,,Ecom DevOps Non-Prod,
mdbrck-vccn001,mdbrck-vccn001,eCommerce-Rundeck,CD,Ecom DevOps Non-Prod,Production
artrck-vccn002,artrck-vccn002,eCommerce-Nexus,Artifactory,Ecom DevOps Non-Prod,
artrck-vicn001,artrck-vicn001,eCommerce-Nexus,Artifactory,Ecom DevOps Non-Prod,
artrck-vdcn001,artrck-vdcn001,Artifactory,Artifactory,Ecom DevOps Non-Prod,
artrck-vdcn002,artrck-vdcn002,Artifactory,Artifactory,Ecom DevOps Non-Prod,
artrck-vdcn003,artrck-vdcn003,Artifactory,Artifactory,Ecom DevOps Non-Prod,
ecyumrk1v,ecyumrk1v,Artifactory,Artifactory,Ecom DevOps Non-Prod,
ecyumab1v,ecyumab1v,Artifactory,Artifactory,Ecom DevOps Non-Prod,Production
artash-vccn001,artash-vccn001,Artifactory,Artifactory,Ecom DevOps Non-Prod,Production
artash-vccn002,artash-vccn002,Artifactory,Artifactory,Ecom DevOps Non-Prod,Production
artash-vccn003,artash-vccn003,Artifactory,Artifactory,Ecom DevOps Non-Prod,Production
artash-vccn004,artash-vccn004,Artifactory,Artifactory,Ecom DevOps Non-Prod,Production
artrck-vccn001,artrck-vccn001,Artifactory,Artifactory,Ecom DevOps Non-Prod,Production
artrck-vccn003,artrck-vccn003,Artifactory,Artifactory,Ecom DevOps Non-Prod,Production
artrck-vccn004,artrck-vccn004,Artifactory,Artifactory,Ecom DevOps Non-Prod,Production
artrck-vccn005,artrck-vccn005,Artifactory,Artifactory,Ecom DevOps Non-Prod,Production
artrck-vccn006,artrck-vccn006,Artifactory,Artifactory,Ecom DevOps Non-Prod,Production
artrck-vccn008,artrck-vccn008,Artifactory,Artifactory,Ecom DevOps Non-Prod,Production
artrck-vdcn007,artrck-vdcn007,Artifactory,Artifactory,Ecom DevOps Non-Prod,Production
artrck-vicn002,artrck-vicn002,Artifactory,Artifactory,Ecom DevOps Non-Prod,Production
artrck-vicn003,artrck-vicn003,Artifactory,Artifactory,Ecom DevOps Non-Prod,Production
deposprdrk1v,deposprdrk1v,Artifactory,Artifactory,Ecom DevOps Non-Prod,
sndrck-vdcn001,sndrck-vdcn001,eCommerce-Sandbox,eCommerce-Sandbox,Ecom DevOps Non-Prod,
sndrck-vdcn002,sndrck-vdcn002,eCommerce-Sandbox,eCommerce-Sandbox,Ecom DevOps Non-Prod,
sndrck-vdcn003,sndrck-vdcn003,eCommerce-Sandbox,eCommerce-Sandbox,Ecom DevOps Non-Prod,
sndrck-vdcn004,sndrck-vdcn004,eCommerce-Sandbox,eCommerce-Sandbox,Ecom DevOps Non-Prod,
snrrck-vicn002,snrrck-vicn002,SonarCube,SonarCube,Ecom DevOps Non-Prod,Production
,,,,,
Database,,,,,
Server,Hostname,Application,Environment,Application Assignment Group,Comments
cassandra-dev1-rk1,cassandra-dev1-rk1,Non-Prod Cassandra,DEV,Ecom DevOps Non-Prod,
cassandra-dev1-rk2,cassandra-dev1-rk2,Non-Prod Cassandra,DEV,Ecom DevOps Non-Prod,
casrck-vdcn001,casrck-vdcn001,Non-Prod Cassandra,QA,Ecom DevOps Non-Prod,
casrck-vdcn002,casrck-vdcn002,Non-Prod Cassandra,QA,Ecom DevOps Non-Prod,
cassandra-qa1-rk1,cassandra-qa1-rk1,Non-Prod Cassandra,QA,Ecom DevOps Non-Prod,
cassandra-qa1-rk2,cassandra-qa1-rk2,Non-Prod Cassandra,QA,Ecom DevOps Non-Prod,
cassandra-qa1-rk3,cassandra-qa1-rk3,Non-Prod Cassandra,QA,Ecom DevOps Non-Prod,
casrck-vicn001,casrck-vicn001,Non-Prod Cassandra,QA,Ecom DevOps Non-Prod,
casrck-vicn002,casrck-vicn002,Non-Prod Cassandra,QA,Ecom DevOps Non-Prod,
casrck-vicn003,casrck-vicn003,Non-Prod Cassandra,QA,Ecom DevOps Non-Prod,
cassandra-qa1-sac1,cassandra-qa1-sac1,Non-Prod Cassandra,QA,Ecom DevOps Non-Prod,
cassandra-qa1-sac2,cassandra-qa1-sac2,Non-Prod Cassandra,QA,Ecom DevOps Non-Prod,
cassandra-qa1-sac3,cassandra-qa1-sac3,Non-Prod Cassandra,QA,Ecom DevOps Non-Prod,
cassandradevrk1,cassandradevrk1,Non-Prod Cassandra,DEV,Ecom DevOps Non-Prod,
cassandradevrk2,cassandradevrk2,Non-Prod Cassandra,DEV,Ecom DevOps Non-Prod,
cassandraqark1,cassandraqark1,Non-Prod Cassandra,QA,Ecom DevOps Non-Prod,
cassandraqark2,cassandraqark2,Non-Prod Cassandra,QA,Ecom DevOps Non-Prod,
cassandraqark3,cassandraqark3,Non-Prod Cassandra,QA,Ecom DevOps Non-Prod,
cassandraqasac01v,cassandraqasac01v,Non-Prod Cassandra,QA,Ecom DevOps Non-Prod,
cassandraqasac02v,cassandraqasac02v,Non-Prod Cassandra,QA,Ecom DevOps Non-Prod,
cassandraqasac03v,cassandraqasac03v,Non-Prod Cassandra,QA,Ecom DevOps Non-Prod,
aerodbqark1,asdrck-picn005,Non-Prod Aerodb,QA,Ecom DevOps Non-Prod,
aerodbqark2,asdrck-picn004,Non-Prod Aerodb,QA,Ecom DevOps Non-Prod,
aerodbqark3,asdrck-picn003,Non-Prod Aerodb,QA,Ecom DevOps Non-Prod,
aerodbqark4,asdrck-picn002,Non-Prod Aerodb,QA,Ecom DevOps Non-Prod,
aerodbqark5,asdrck-picn001,Non-Prod Aerodb,QA,Ecom DevOps Non-Prod,
opcrck-vicn001,opcrck-vicn001,Non-Prod Cassandra,QA,Ecom DevOps Non-Prod,
