<?xml version="1.0" encoding="UTF-8"?>
<project>
  <actions/>
  <description>builds and activates content</description>
  <logRotator class="hudson.tasks.LogRotator">     
    <daysToKeep>-1</daysToKeep>    
    <numToKeep>25</numToKeep>    
    <artifactDaysToKeep>-1</artifactDaysToKeep>    
    <artifactNumToKeep>-1</artifactNumToKeep>    
  </logRotator>
  <keepDependencies>false</keepDependencies>
  <properties>
    <hudson.plugins.buildblocker.BuildBlockerProperty plugin="build-blocker-plugin@1.7.2">
      <useBuildBlocker>true</useBuildBlocker>
      <blockLevel>GLOBAL</blockLevel>
      <scanQueueFor>DISABLED</scanQueueFor>
      <blockingJobs>.*uat3.*CONTENT.*</blockingJobs>
    </hudson.plugins.buildblocker.BuildBlockerProperty>
    <hudson.model.ParametersDefinitionProperty>
      <parameterDefinitions>
        <hudson.model.StringParameterDefinition>
          <name>CONTENT_BRANCH</name>
          <description/>
          <defaultValue>release-hazelburn</defaultValue>
        </hudson.model.StringParameterDefinition>
        <hudson.model.StringParameterDefinition>
          <name>ENVIRO</name>
          <description/>
          <defaultValue>uat3</defaultValue>
        </hudson.model.StringParameterDefinition>
        <hudson.model.StringParameterDefinition>
          <name>PROJECT</name>
          <description/>
          <defaultValue>pt</defaultValue>
        </hudson.model.StringParameterDefinition>
        <hudson.model.StringParameterDefinition>
          <name>FORCEBUILD</name>
          <description/>
          <defaultValue>false</defaultValue>
        </hudson.model.StringParameterDefinition>
        <hudson.model.StringParameterDefinition>
          <name>REVISION</name>
          <description/>
          <defaultValue/>
        </hudson.model.StringParameterDefinition>
      </parameterDefinitions>
    </hudson.model.ParametersDefinitionProperty>
  </properties>
  <scm class="hudson.scm.SubversionSCM" plugin="subversion@2.2">
    <locations>
      <hudson.scm.SubversionSCM_-ModuleLocation>
        <remote>https://repos.wsgc.com/svn/deployments/content/trunk</remote>
        <credentialsId>bb7f2475-307d-46ae-bf2c-87791001d4a7</credentialsId>
        <local>.</local>
        <depthOption>infinity</depthOption>
        <ignoreExternalsOption>false</ignoreExternalsOption>
      </hudson.scm.SubversionSCM_-ModuleLocation>
    </locations>
    <excludedRegions/>
    <includedRegions/>
    <excludedUsers/>
    <excludedRevprop/>
    <excludedCommitMessages/>
    <workspaceUpdater class="hudson.scm.subversion.UpdateUpdater"/>
    <ignoreDirPropChanges>false</ignoreDirPropChanges>
    <filterChangelog>false</filterChangelog>
  </scm>
  <assignedNode>deploy</assignedNode>
  <canRoam>false</canRoam>
  <disabled>false</disabled>
  <blockBuildWhenDownstreamBuilding>false</blockBuildWhenDownstreamBuilding>
  <blockBuildWhenUpstreamBuilding>false</blockBuildWhenUpstreamBuilding>
  <jdk>JDK1.7</jdk>
  <triggers>
    <hudson.triggers.TimerTrigger>
      <spec></spec>
    </hudson.triggers.TimerTrigger>
  </triggers>
  <concurrentBuild>false</concurrentBuild>
   <builders>
    <hudson.tasks.Ant plugin="ant@1.1">
      <targets>-Dproject=${PROJECT} -DcontentBranch=${CONTENT_BRANCH} -Dforcebuild=${FORCEBUILD} -Drevision=${REVISION} -Denviro=${ENVIRO} bs2.commonContentBuildActivate</targets>
      <antName>Ant</antName>
    </hudson.tasks.Ant>
    <EnvInjectBuilder plugin="envinject@1.91.3">
      <info>
        <propertiesFilePath>${WORKSPACE}/build_data/content-deploy/${ENVIRO}/${PROJECT}.properties</propertiesFilePath>
      </info>
    </EnvInjectBuilder>
  </builders>
  <publishers>
    <hudson.plugins.chucknorris.CordellWalkerRecorder plugin="chucknorris@0.5">
      <factGenerator/>
    </hudson.plugins.chucknorris.CordellWalkerRecorder>
    <hudson.plugins.emailext.ExtendedEmailPublisher plugin="email-ext@2.31">
      <recipientList>$DEFAULT_RECIPIENTS,EcomEOReleaseManagement@WSGC.com,EcomEOReleaseManagement@WSGC.com</recipientList>
      <configuredTriggers>
        <hudson.plugins.emailext.plugins.trigger.FailureTrigger>
          <email>
            <recipientList>,EcomEOReleaseManagement@WSGC.com</recipientList>
            <subject>$PROJECT_DEFAULT_SUBJECT</subject>
            <body>$PROJECT_DEFAULT_CONTENT</body>
            <sendToDevelopers>true</sendToDevelopers>
            <sendToRequester>false</sendToRequester>
            <includeCulprits>false</includeCulprits>
            <sendToRecipientList>true</sendToRecipientList>
            <attachmentsPattern/>
            <attachBuildLog>false</attachBuildLog>
            <compressBuildLog>false</compressBuildLog>
            <replyTo>$PROJECT_DEFAULT_REPLYTO</replyTo>
          </email>
        </hudson.plugins.emailext.plugins.trigger.FailureTrigger>
      </configuredTriggers>
      <contentType>default</contentType>
      <defaultSubject>$DEFAULT_SUBJECT</defaultSubject>
      <defaultContent>$DEFAULT_CONTENT</defaultContent>
      <attachmentsPattern/>
      <presendScript>$DEFAULT_PRESEND_SCRIPT</presendScript>
      <attachBuildLog>false</attachBuildLog>
      <compressBuildLog>false</compressBuildLog>
      <replyTo>$DEFAULT_REPLYTO</replyTo>
      <saveOutput>false</saveOutput>
    </hudson.plugins.emailext.ExtendedEmailPublisher>
    <!--<com.wsgc.devops.toolchain.jenkins.deploy__event__plugin.DeployEventNotifier plugin="wsgc-deploy-event-plugin@1.0-SNAPSHOT">
       <environment>${ENVIRO}</environment>
       <application>${PROJECT}</application>
       <releaseName>${CONTENT_BRANCH}</releaseName>
       <generationName>${bs2_genname}</generationName>
       <appEndpoint>content</appEndpoint>
    </com.wsgc.devops.toolchain.jenkins.deploy__event__plugin.DeployEventNotifier>-->
    <hudson.tasks.BuildTrigger>
      <childProjects>deploy-uat3-pt-WAR_release-2.4.8</childProjects>
      <threshold>
        <name>SUCCESS</name>
        <ordinal>0</ordinal>
        <color>BLUE</color>
        <completeBuild>true</completeBuild>
      </threshold>
    </hudson.tasks.BuildTrigger>
  </publishers>
  <buildWrappers>
    <org.jenkinsci.plugins.builduser.BuildUser plugin="build-user-vars-plugin@1.4"/>
   </buildWrappers>
</project>
