Please create the following A records in DNS and VIPs on the F5 load balancers; you can model these on the existing QA VIPs.  Use the 'Sitecode_ignore' node health rule for the VIPs

A records/VIPS,,,Node,Ports
vip_cauat7_pb_ca,IN A,origin-www.uat7.potterybarn.ca,dparck-vicn203.wsgc.com,80 49446
vip_cauat7_pk_ca,IN A,origin-www.uat7.potterybarnkids.ca,dparck-vicn204.wsgc.com,80 49446
vip_cauat7_pt_ca,IN A,origin-www.uat7.pbteen.ca,dparck-vicn273.wsgc.com,80 49446
vip_cauat7_we_ca,IN A,origin-www.uat7.westelm.ca,dparck-vicn274.wsgc.com,80 49446
vip_cauat7_ws_ca,IN A,origin-www.uat7.williams-sonoma.ca,dparck-vicn275.wsgc.com,80 49446

Jira: https://jira.wsgc.com/browse/cauat7

