﻿Host,Filebeats Package,WSI Package,Config File,Filebeat Kafka Hosts,Log4j Config, Log4j Kafka Hosts
aemrck-vdcn001,filebeat-6.7.0-1,wsgc-devops-edam-dev-we-primary-config-2.0,/etc/filebeat/edam.yml,kafrck-vicn017:31090 kafrck-vicn018:31091 kafrck-vicn019:31092 kafrck-vicn020:31093 kafrck-vicn021:31094,/apps/apps-edam/lib/log4j2.xml ,kafrck-vicn017:31090 kafrck-vicn018:31091 kafrck-vicn019:31092 kafrck-vicn020:31093 kafrck-vicn021:31094
aemrck-vdcn002,filebeat-6.7.0-1,wsgc-devops-edam-dev-west-primary-config-2.0,/etc/filebeat/edam.yml,kafrck-vicn017:31090 kafrck-vicn018:31091 kafrck-vicn019:31092 kafrck-vicn020:31093 kafrck-vicn021:31094,/apps/apps-edam/lib/log4j2.xml ,kafrck-vicn017:31090 kafrck-vicn018:31091 kafrck-vicn019:31092 kafrck-vicn020:31093 kafrck-vicn021:31094
aemrck-vdcn003,filebeat-6.7.0-1,wsgc-devops-cma-dev-ws-author-config-2.0,/etc/filebeat/cma.yml,null,/apps/apps-cma/lib/log4j2.xml ,kafrck-vicn017:31090 kafrck-vicn018:31091 kafrck-vicn019:31092 kafrck-vicn020:31093 kafrck-vicn021:31094
aemrck-vdcn004,filebeat-6.7.0-1,wsgc-devops-cma-dev-ws-publish-config-2.0,/etc/filebeat/cma.yml,null,/apps/apps-cma/lib/log4j2.xml ,kafrck-vicn017:31090 kafrck-vicn018:31091 kafrck-vicn019:31092 kafrck-vicn020:31093 kafrck-vicn021:31094
aemrck-vdcn009,filebeat-6.7.0-1,wsgc-devops-edam-dev-we-primary-config-poc-2.0,/etc/filebeat/edam.yml,kafrck-vicn017:31090 kafrck-vicn018:31091 kafrck-vicn019:31092 kafrck-vicn020:31093 kafrck-vicn021:31094,/apps/apps-edam/lib/log4j2.xml ,kafrck-vicn017:31090 kafrck-vicn018:31091 kafrck-vicn019:31092 kafrck-vicn020:31093 kafrck-vicn021:31094
aemrck-vicn001,filebeat-6.7.0-1,wsgc-devops-edam-qa-we-primary-config-2.0,/etc/filebeat/edam.yml,kafrck-vicn017:31090 kafrck-vicn018:31091 kafrck-vicn019:31092 kafrck-vicn020:31093 kafrck-vicn021:31094,/apps/apps-edam/lib/log4j2.xml ,kafrck-vicn017:31090 kafrck-vicn018:31091 kafrck-vicn019:31092 kafrck-vicn020:31093 kafrck-vicn021:31094
aemrck-vicn002,filebeat-6.7.0-1,wsgc-devops-edam-qa-west-primary-config-2.0,/etc/filebeat/edam.yml,kafrck-vicn017:31090 kafrck-vicn018:31091 kafrck-vicn019:31092 kafrck-vicn020:31093 kafrck-vicn021:31094,/apps/apps-edam/lib/log4j2.xml ,kafrck-vicn017:31090 kafrck-vicn018:31091 kafrck-vicn019:31092 kafrck-vicn020:31093 kafrck-vicn021:31094
aemrck-vicn003,filebeat-6.7.0-1,wsgc-devops-edam-rgs-we-primary-config-2.0,/etc/filebeat/edam.yml,kafrck-vicn017:31090 kafrck-vicn018:31091 kafrck-vicn019:31092 kafrck-vicn020:31093 kafrck-vicn021:31094,/apps/apps-edam/lib/log4j2.xml ,kafrck-vicn017:31090 kafrck-vicn018:31091 kafrck-vicn019:31092 kafrck-vicn020:31093 kafrck-vicn021:31094
aemrck-vicn004,filebeat-6.7.0-1,wsgc-devops-edam-rgs-west-primary-config-2.0,/etc/filebeat/edam.yml,kafrck-vicn017:31090 kafrck-vicn018:31091 kafrck-vicn019:31092 kafrck-vicn020:31093 kafrck-vicn021:31094,/apps/apps-edam/lib/log4j2.xml ,kafrck-vicn017:31090 kafrck-vicn018:31091 kafrck-vicn019:31092 kafrck-vicn020:31093 kafrck-vicn021:31094
aemrck-vicn005,filebeat-6.7.0-1,wsgc-devops-cma-qa-ws-author-config-2.0,/etc/filebeat/cma.yml,null,/apps/apps-cma/lib/log4j2.xml ,kafrck-vicn017:31090 kafrck-vicn018:31091 kafrck-vicn019:31092 kafrck-vicn020:31093 kafrck-vicn021:31094
aemrck-vicn006,filebeat-6.7.0-1,wsgc-devops-cma-qa-ws-publisher-config-2.0,/etc/filebeat/cma.yml,null,/apps/apps-cma/lib/log4j2.xml ,kafrck-vicn017:31090 kafrck-vicn018:31091 kafrck-vicn019:31092 kafrck-vicn020:31093 kafrck-vicn021:31094
aemrck-vicn007,filebeat-6.7.0-1,wsgc-devops-cma-uat-ws-author-config-2.0,/etc/filebeat/cma.yml,null,/apps/apps-cma/lib/log4j2.xml ,kafrck-vicn017:31090 kafrck-vicn018:31091 kafrck-vicn019:31092 kafrck-vicn020:31093 kafrck-vicn021:31094
aemrck-vicn008,filebeat-6.7.0-1,wsgc-devops-cma-uat-ws-publisher-config-2.0,/etc/filebeat/cma.yml,null,/apps/apps-cma/lib/log4j2.xml ,kafrck-vicn017:31090 kafrck-vicn018:31091 kafrck-vicn019:31092 kafrck-vicn020:31093 kafrck-vicn021:31094
aemsac-vccn001,filebeat-6.7.0-1,wsgc-devops-edam-prd-west-primary-config-2.0.22,/etc/filebeat/edam.yml,kafrck-vccn010:31090 kafrck-vccn011:31091 kafrck-vccn012:31092 kafrck-vccn013:31093 kafrck-vccn014:31094 kafash-vccn010:31090 kafash-vccn011:31091 kafash-vccn012:31092 kafash-vccn013:31093 kafash-vccn014:31094,/apps/apps-edam/lib/log4j2.xml ,kafrck-vccn010:31090 kafrck-vccn011:31091 kafrck-vccn012:31092 kafrck-vccn013:31093 kafrck-vccn014:31094 kafash-vccn010:31090 kafash-vccn011:31091 kafash-vccn012:31092 kafash-vccn013:31093 kafash-vccn014:31094
aemsac-vccn002,filebeat-6.7.0-1,,/etc/filebeat/filebeat.yml,null,,
aemsac-vicn001,filebeat-6.7.0-1,wsgc-devops-edam-uat-west-primary-config-2.0,/etc/filebeat/edam.yml,kafrck-vicn017:31090 kafrck-vicn018:31091 kafrck-vicn019:31092 kafrck-vicn020:31093 kafrck-vicn021:31094,/apps/apps-edam/lib/log4j2.xml ,kafrck-vicn017:31090 kafrck-vicn018:31091 kafrck-vicn019:31092 kafrck-vicn020:31093 kafrck-vicn021:31094
aemsac-vicn002,filebeat-6.7.0-1,wsgc-devops-edam-perf-west-primary-config-2.0,/etc/filebeat/edam.yml,kafrck-vicn017:31090 kafrck-vicn018:31091 kafrck-vicn019:31092 kafrck-vicn020:31093 kafrck-vicn021:31094,/apps/apps-edam/lib/log4j2.xml ,kafrck-vicn017:31090 kafrck-vicn018:31091 kafrck-vicn019:31092 kafrck-vicn020:31093 kafrck-vicn021:31094
ecmrck-vccn001,filebeat-6.4.2-1,,/etc/filebeat/filebeat.yml,elkrck-vccn009:5044 elkrck-vccn010:5044 elkrck-vccn011:5044,,
ecmrck-vccn002,filebeat-6.7.0-1,,/etc/filebeat/filebeat.yml,null,/apps/tomcat/lib/log4j2.xml ,telemetry
ecmrck-vccn003,filebeat-6.7.0-1,,/etc/filebeat/filebeat.yml,null,/apps/tomcat/lib/log4j2.xml ,telemetry
imgrck-vccn001,filebeat-6.7.0-1,,/etc/filebeat/filebeat.yml,null,,
imgrck-vpcn001,filebeat-6.4.2-1,,/etc/filebeat/filebeat.yml,elkrck-vccn009:5044 elkrck-vccn010:5044 elkrck-vccn011:5044,,
prcrck-vicn008,filebeat-6.7.0-1,,/etc/filebeat/filebeat.yml,null,/apps/tomcat-pricing/lib/log4j2.xml ,kafrck-vicn017:31090 kafrck-vicn018:31091 kafrck-vicn019:31092 kafrck-vicn020:31093 kafrck-vicn021:31094
prcrck-vicn009,filebeat-6.7.0-1,,/etc/filebeat/filebeat.yml,null,/apps/tomcat-pricing/lib/log4j2.xml ,kafrck-vicn017:31090 kafrck-vicn018:31091 kafrck-vicn019:31092 kafrck-vicn020:31093 kafrck-vicn021:31094
prcrck-vicn011,filebeat-6.5.4-1,,/etc/filebeat/filebeat.yml,kafrck-vicn017:31090 kafrck-vicn018:31091 kafrck-vicn019:31092 kafrck-vicn020:31093 kafrck-vicn021:31094,/apps/tomcat-pricing/lib/log4j2.xml ,kafrck-vicn017:31090 kafrck-vicn018:31091 kafrck-vicn019:31092 kafrck-vicn020:31093 kafrck-vicn021:31094
prcrck-vicn012,filebeat-6.5.4-1,,/etc/filebeat/filebeat.yml,kafrck-vicn017:31090 kafrck-vicn018:31091 kafrck-vicn019:31092 kafrck-vicn020:31093 kafrck-vicn021:31094,/apps/tomcat-pricing/lib/log4j2.xml ,kafrck-vicn017:31090 kafrck-vicn018:31091 kafrck-vicn019:31092 kafrck-vicn020:31093 kafrck-vicn021:31094
prcrck-vicn013,filebeat-6.5.4-1,,/etc/filebeat/filebeat.yml,kafrck-vicn017:31090 kafrck-vicn018:31091 kafrck-vicn019:31092 kafrck-vicn020:31093 kafrck-vicn021:31094,/apps/tomcat-pricing/lib/log4j2.xml ,kafrck-vicn017:31090 kafrck-vicn018:31091 kafrck-vicn019:31092 kafrck-vicn020:31093 kafrck-vicn021:31094
prcrck-vicn014,filebeat-6.5.4-1,,/etc/filebeat/filebeat.yml,kafrck-vicn017:31090 kafrck-vicn018:31091 kafrck-vicn019:31092 kafrck-vicn020:31093 kafrck-vicn021:31094,/apps/tomcat-pricing/lib/log4j2.xml ,kafrck-vicn017:31090 kafrck-vicn018:31091 kafrck-vicn019:31092 kafrck-vicn020:31093 kafrck-vicn021:31094
prcrck-vicn015,filebeat-6.5.4-1,,/etc/filebeat/filebeat.yml,kafrck-vicn017:31090 kafrck-vicn018:31091 kafrck-vicn019:31092 kafrck-vicn020:31093 kafrck-vicn021:31094,/apps/tomcat-pricing/lib/log4j2.xml ,kafrck-vicn017:31090 kafrck-vicn018:31091 kafrck-vicn019:31092 kafrck-vicn020:31093 kafrck-vicn021:31094
prcrck-vicn016,filebeat-6.5.4-1,,/etc/filebeat/filebeat.yml,null,/apps/tomcat-pricing/lib/log4j2.xml ,kafrck-vicn017:31090 kafrck-vicn018:31091 kafrck-vicn019:31092 kafrck-vicn020:31093 kafrck-vicn021:31094
prorck-vccn004,filebeat-6.7.0-1,,/etc/filebeat/filebeat.yml,elkrck-vccn009:5044 elkrck-vccn010:5044 elkrck-vccn011:5044,/apps/tomcat-profile/lib/log4j2.xml ,kafrck-vccn010:31090 kafrck-vccn011:31091 kafrck-vccn012:31092 kafrck-vccn013:31093 kafrck-vccn014:31094
prorck-vccn005,filebeat-6.7.0-1,,/etc/filebeat/filebeat.yml,null,/apps/tomcat-profile/lib/log4j2.xml ,kafrck-vccn010:31090 kafrck-vccn011:31091 kafrck-vccn012:31092 kafrck-vccn013:31093 kafrck-vccn014:31094
prorck-vccn006,filebeat-6.7.0-1,,/etc/filebeat/filebeat.yml,null,/apps/tomcat-profile/lib/log4j2.xml ,kafrck-vccn010:31090 kafrck-vccn011:31091 kafrck-vccn012:31092 kafrck-vccn013:31093 kafrck-vccn014:31094
verrck-vdcn001,filebeat-6.7.0-1,,/etc/filebeat/filebeat.yml,kafrck-vicn017:31090 kafrck-vicn018:31091 kafrck-vicn019:31092 kafrck-vicn020:31093 kafrck-vicn021:31094,,
verrck-vicn001,filebeat-6.7.0-1,,/etc/filebeat/filebeat.yml,kafrck-vicn017:31090 kafrck-vicn018:31091 kafrck-vicn019:31092 kafrck-vicn020:31093 kafrck-vicn021:31094,,
verrck-vicn002,filebeat-6.7.0-1,,/etc/filebeat/filebeat.yml,null,,
verrck-vicn003,filebeat-6.7.0-1,,/etc/filebeat/filebeat.yml,null,,
verrck-vicn004,filebeat-6.7.0-1,,/etc/filebeat/filebeat.yml,null,,
wcmrck-vccn003,filebeat-6.7.0-1,,/etc/filebeat/filebeat.yml,null,/apps/tomcat/lib/log4j2.xml ,telemetry
wcmrck-vccn005,filebeat-6.7.0-1,,/etc/filebeat/filebeat.yml,null,/apps/tomcat/lib/log4j2.xml ,telemetry
wcmrck-vccn006,filebeat-6.7.0-1,,/etc/filebeat/filebeat.yml,null,/apps/tomcat/lib/log4j2.xml ,telemetry
wcmrck-vccn009,filebeat-6.7.0-1,,/etc/filebeat/filebeat.yml,null,/apps/tomcat/lib/log4j2.xml ,telemetry
wcmrck-vdcn001,filebeat-6.5.4-1,,/etc/filebeat/filebeat.yml,null,,
wcmrck-vicn020,filebeat-6.7.0-1,,/etc/filebeat/filebeat.yml,null,,
wcmrck-vicn021,filebeat-6.7.0-1,,/etc/filebeat/filebeat.yml,null,,
wcmrck-vicn022,filebeat-6.7.0-1,,/etc/filebeat/filebeat.yml,kafrck-vicn017:31090 kafrck-vicn018:31091 kafrck-vicn019:31092 kafrck-vicn020:31093 kafrck-vicn021:31094,,
wcmrck-vicn031,filebeat-6.7.0-1,,/etc/filebeat/filebeat.yml,null,,
wcmrck-vicn032,filebeat-6.7.0-1,,/etc/filebeat/filebeat.yml,null,,
wcmrck-vicn033,filebeat-6.7.0-1,,/etc/filebeat/filebeat.yml,null,,
wcmrck-vicn034,filebeat-6.7.0-1,,/etc/filebeat/filebeat.yml,null,,
wcmrck-vicn036,filebeat-6.7.0-1,,/etc/filebeat/filebeat.yml,null,,
wcmrck-vpcn002,filebeat-6.7.0-1,,/etc/filebeat/filebeat.yml,null,,
wcmsac-vicn013,filebeat-6.7.0-1,,/etc/filebeat/filebeat.yml,kafrck-vicn017:31090 kafrck-vicn018:31091 kafrck-vicn019:31092 kafrck-vicn020:31093 kafrck-vicn021:31094,,
wcmsac-vicn015,filebeat-6.7.0-1,,/etc/filebeat/filebeat.yml,null,,
wcmsac-vicn017,filebeat-6.7.0-1,,/etc/filebeat/filebeat.yml,null,,
wcmsac-vicn019,filebeat-6.7.0-1,,/etc/filebeat/filebeat.yml,null,,
wcmsac-vicn021,filebeat-6.7.0-1,,/etc/filebeat/filebeat.yml,null,,
wcmsac-vicn023,filebeat-6.7.0-1,,/etc/filebeat/filebeat.yml,null,,
xcarck-vdcn002,filebeat-6.7.0-1,,/etc/filebeat/filebeat.yml,null,,
xcarck-vdcn003,filebeat-6.7.0-1,,/etc/filebeat/filebeat.yml,elkrck-vccn009:5044 elkrck-vccn010:5044 elkrck-vccn011:5044,,