﻿Host,Filebeats Package,WSI Package,Config File,Filebeat Kafka Hosts,Log4j Config, Log4j Kafka Hosts
aemash-vccn001,filebeat-6.7.0-1,wsgc-devops-edam-prd-we-primary-config-2.0.22,/etc/filebeat/edam.yml,kafrck-vccn010:31090 kafrck-vccn011:31091 kafrck-vccn012:31092 kafrck-vccn013:31093 kafrck-vccn014:31094 kafash-vccn010:31090 kafash-vccn011:31091 kafash-vccn012:31092 kafash-vccn013:31093 kafash-vccn014:31094,/apps/apps-edam/lib/log4j2.xml ,kafrck-vccn010:31090 kafrck-vccn011:31091 kafrck-vccn012:31092 kafrck-vccn013:31093 kafrck-vccn014:31094 kafash-vccn010:31090 kafash-vccn011:31091 kafash-vccn012:31092 kafash-vccn013:31093 kafash-vccn014:31094
aemash-vccn002,filebeat-6.7.0-1,wsgc-devops-edam-prd-we-primary-config-2.0.12,/etc/filebeat/edam.yml,kafrck-vccn010:31090 kafrck-vccn011:31091 kafrck-vccn012:31092 kafrck-vccn013:31093 kafrck-vccn014:31094 kafash-vccn010:31090 kafash-vccn011:31091 kafash-vccn012:31092 kafash-vccn013:31093 kafash-vccn014:31094,/apps/apps-edam/lib/log4j2.xml ,kafrck-vccn010:31090 kafrck-vccn011:31091 kafrck-vccn012:31092 kafrck-vccn013:31093 kafrck-vccn014:31094 kafash-vccn010:31090 kafash-vccn011:31091 kafash-vccn012:31092 kafash-vccn013:31093 kafash-vccn014:31094
aemash-vicn001,filebeat-6.7.0-1,wsgc-devops-edam-uat-we-primary-config-2.0,/etc/filebeat/edam.yml,kafrck-vicn017:31090 kafrck-vicn018:31091 kafrck-vicn019:31092 kafrck-vicn020:31093 kafrck-vicn021:31094,/apps/apps-edam/lib/log4j2.xml ,kafrck-vicn017:31090 kafrck-vicn018:31091 kafrck-vicn019:31092 kafrck-vicn020:31093 kafrck-vicn021:31094
aemash-vicn006,filebeat-6.7.0-1,wsgc-devops-edam-perf-we-primary-config-2.0,/etc/filebeat/edam.yml,kafrck-vicn017:31090 kafrck-vicn018:31091 kafrck-vicn019:31092 kafrck-vicn020:31093 kafrck-vicn021:31094,/apps/apps-edam/lib/log4j2.xml ,kafrck-vicn017:31090 kafrck-vicn018:31091 kafrck-vicn019:31092 kafrck-vicn020:31093 kafrck-vicn021:31094
aemrck-vdcn001,filebeat-6.7.0-1,wsgc-devops-edam-dev-we-primary-config-2.0,/etc/filebeat/edam.yml,kafrck-vicn017:31090 kafrck-vicn018:31091 kafrck-vicn019:31092 kafrck-vicn020:31093 kafrck-vicn021:31094,/apps/apps-edam/lib/log4j2.xml ,kafrck-vicn017:31090 kafrck-vicn018:31091 kafrck-vicn019:31092 kafrck-vicn020:31093 kafrck-vicn021:31094
aemrck-vdcn002,filebeat-6.7.0-1,wsgc-devops-edam-dev-west-primary-config-2.0,/etc/filebeat/edam.yml,kafrck-vicn017:31090 kafrck-vicn018:31091 kafrck-vicn019:31092 kafrck-vicn020:31093 kafrck-vicn021:31094,/apps/apps-edam/lib/log4j2.xml ,kafrck-vicn017:31090 kafrck-vicn018:31091 kafrck-vicn019:31092 kafrck-vicn020:31093 kafrck-vicn021:31094
aemrck-vdcn003,filebeat-6.7.0-1,wsgc-devops-cma-dev-ws-author-config-2.0,/etc/filebeat/cma.yml,null,/apps/apps-cma/lib/log4j2.xml ,kafrck-vicn017:31090 kafrck-vicn018:31091 kafrck-vicn019:31092 kafrck-vicn020:31093 kafrck-vicn021:31094
aemrck-vdcn004,filebeat-6.7.0-1,wsgc-devops-cma-dev-ws-publish-config-2.0,/etc/filebeat/cma.yml,null,/apps/apps-cma/lib/log4j2.xml ,kafrck-vicn017:31090 kafrck-vicn018:31091 kafrck-vicn019:31092 kafrck-vicn020:31093 kafrck-vicn021:31094
aemrck-vdcn009,filebeat-6.7.0-1,wsgc-devops-edam-dev-we-primary-config-poc-2.0,/etc/filebeat/edam.yml,kafrck-vicn017:31090 kafrck-vicn018:31091 kafrck-vicn019:31092 kafrck-vicn020:31093 kafrck-vicn021:31094,/apps/apps-edam/lib/log4j2.xml ,kafrck-vicn017:31090 kafrck-vicn018:31091 kafrck-vicn019:31092 kafrck-vicn020:31093 kafrck-vicn021:31094
aemrck-vicn001,filebeat-6.7.0-1,wsgc-devops-edam-qa-we-primary-config-2.0,/etc/filebeat/edam.yml,kafrck-vicn017:31090 kafrck-vicn018:31091 kafrck-vicn019:31092 kafrck-vicn020:31093 kafrck-vicn021:31094,/apps/apps-edam/lib/log4j2.xml ,kafrck-vicn017:31090 kafrck-vicn018:31091 kafrck-vicn019:31092 kafrck-vicn020:31093 kafrck-vicn021:31094
aemrck-vicn002,filebeat-6.7.0-1,wsgc-devops-edam-qa-west-primary-config-2.0,/etc/filebeat/edam.yml,kafrck-vicn017:31090 kafrck-vicn018:31091 kafrck-vicn019:31092 kafrck-vicn020:31093 kafrck-vicn021:31094,/apps/apps-edam/lib/log4j2.xml ,kafrck-vicn017:31090 kafrck-vicn018:31091 kafrck-vicn019:31092 kafrck-vicn020:31093 kafrck-vicn021:31094
aemrck-vicn003,filebeat-6.7.0-1,wsgc-devops-edam-rgs-we-primary-config-2.0,/etc/filebeat/edam.yml,kafrck-vicn017:31090 kafrck-vicn018:31091 kafrck-vicn019:31092 kafrck-vicn020:31093 kafrck-vicn021:31094,/apps/apps-edam/lib/log4j2.xml ,kafrck-vicn017:31090 kafrck-vicn018:31091 kafrck-vicn019:31092 kafrck-vicn020:31093 kafrck-vicn021:31094
aemrck-vicn004,filebeat-6.7.0-1,wsgc-devops-edam-rgs-west-primary-config-2.0,/etc/filebeat/edam.yml,kafrck-vicn017:31090 kafrck-vicn018:31091 kafrck-vicn019:31092 kafrck-vicn020:31093 kafrck-vicn021:31094,/apps/apps-edam/lib/log4j2.xml ,kafrck-vicn017:31090 kafrck-vicn018:31091 kafrck-vicn019:31092 kafrck-vicn020:31093 kafrck-vicn021:31094
aemrck-vicn005,filebeat-6.7.0-1,wsgc-devops-cma-qa-ws-author-config-2.0,/etc/filebeat/cma.yml,null,/apps/apps-cma/lib/log4j2.xml ,kafrck-vicn017:31090 kafrck-vicn018:31091 kafrck-vicn019:31092 kafrck-vicn020:31093 kafrck-vicn021:31094
aemrck-vicn006,filebeat-6.7.0-1,wsgc-devops-cma-qa-ws-publisher-config-2.0,/etc/filebeat/cma.yml,null,/apps/apps-cma/lib/log4j2.xml ,kafrck-vicn017:31090 kafrck-vicn018:31091 kafrck-vicn019:31092 kafrck-vicn020:31093 kafrck-vicn021:31094
aemrck-vicn007,filebeat-6.7.0-1,wsgc-devops-cma-uat-ws-author-config-2.0,/etc/filebeat/cma.yml,null,/apps/apps-cma/lib/log4j2.xml ,kafrck-vicn017:31090 kafrck-vicn018:31091 kafrck-vicn019:31092 kafrck-vicn020:31093 kafrck-vicn021:31094
aemrck-vicn008,filebeat-6.7.0-1,wsgc-devops-cma-uat-ws-publisher-config-2.0,/etc/filebeat/cma.yml,null,/apps/apps-cma/lib/log4j2.xml ,kafrck-vicn017:31090 kafrck-vicn018:31091 kafrck-vicn019:31092 kafrck-vicn020:31093 kafrck-vicn021:31094
aemsac-vccn001,filebeat-6.7.0-1,wsgc-devops-edam-prd-west-primary-config-2.0.22,/etc/filebeat/edam.yml,kafrck-vccn010:31090 kafrck-vccn011:31091 kafrck-vccn012:31092 kafrck-vccn013:31093 kafrck-vccn014:31094 kafash-vccn010:31090 kafash-vccn011:31091 kafash-vccn012:31092 kafash-vccn013:31093 kafash-vccn014:31094,/apps/apps-edam/lib/log4j2.xml ,kafrck-vccn010:31090 kafrck-vccn011:31091 kafrck-vccn012:31092 kafrck-vccn013:31093 kafrck-vccn014:31094 kafash-vccn010:31090 kafash-vccn011:31091 kafash-vccn012:31092 kafash-vccn013:31093 kafash-vccn014:31094
aemsac-vicn001,filebeat-6.7.0-1,wsgc-devops-edam-uat-west-primary-config-2.0,/etc/filebeat/edam.yml,kafrck-vicn017:31090 kafrck-vicn018:31091 kafrck-vicn019:31092 kafrck-vicn020:31093 kafrck-vicn021:31094,/apps/apps-edam/lib/log4j2.xml ,kafrck-vicn017:31090 kafrck-vicn018:31091 kafrck-vicn019:31092 kafrck-vicn020:31093 kafrck-vicn021:31094
aemsac-vicn002,filebeat-6.7.0-1,wsgc-devops-edam-perf-west-primary-config-2.0,/etc/filebeat/edam.yml,kafrck-vicn017:31090 kafrck-vicn018:31091 kafrck-vicn019:31092 kafrck-vicn020:31093 kafrck-vicn021:31094,/apps/apps-edam/lib/log4j2.xml ,kafrck-vicn017:31090 kafrck-vicn018:31091 kafrck-vicn019:31092 kafrck-vicn020:31093 kafrck-vicn021:31094
aemsac-vpcn001,filebeat-6.7.0-1,wsgc-devops-cma-prd-ws-author-config-2.0.4,/etc/filebeat/cma.yml,null,/apps/apps-cma/lib/log4j2.xml ,kafrck-vccn010:31090 kafrck-vccn011:31091 kafrck-vccn012:31092 kafrck-vccn013:31093 kafrck-vccn014:31094 kafash-vccn010:31090 kafash-vccn011:31091 kafash-vccn012:31092 kafash-vccn013:31093 kafash-vccn014:31094
aemsac-vpcn002,filebeat-6.7.0-1,wsgc-devops-cma-prd-ws-publish-config-2.0.4,/etc/filebeat/cma.yml,null,/apps/apps-cma/lib/log4j2.xml ,kafrck-vccn010:31090 kafrck-vccn011:31091 kafrck-vccn012:31092 kafrck-vccn013:31093 kafrck-vccn014:31094 kafash-vccn010:31090 kafash-vccn011:31091 kafash-vccn012:31092 kafash-vccn013:31093 kafash-vccn014:31094
artrck-vicn003,filebeat-6.7.0-1,,/etc/filebeat/filebeat.yml,null,/apps/tomcat-profile/lib/log4j2.xml ,kafrck-vicn017:31090 kafrck-vicn018:31091 kafrck-vicn019:31092 kafrck-vicn020:31093 kafrck-vicn021:31094
bgbrck-vccn001,filebeat-6.7.0-1,,/etc/filebeat/filebeat.yml,null,/apps/tomcat-ecmagent/lib/log4j2.xml /apps/tomcat-imageprocessor/lib/log4j2.xml /apps/tomcat-bgb/lib/log4j2.xml ,telemetry telemetry telemetry
c3sash-vccn001,filebeat-6.7.0-1,,/etc/filebeat/filebeat.yml,null,/apps/tomcat-c3/lib/log4j2.xml ,kafash-vccn010:31090 kafash-vccn011:31091 kafash-vccn012:31092 kafash-vccn013:31093 kafash-vccn014:31094
c3sash-vccn002,filebeat-6.7.0-1,,/etc/filebeat/filebeat.yml,null,/apps/tomcat-c3/lib/log4j2.xml ,kafash-vccn010:31090 kafash-vccn011:31091 kafash-vccn012:31092 kafash-vccn013:31093 kafash-vccn014:31094
c3sash-vccn003,filebeat-6.7.0-1,,/etc/filebeat/filebeat.yml,null,/apps/tomcat-c3/lib/log4j2.xml ,kafash-vccn010:31090 kafash-vccn011:31091 kafash-vccn012:31092 kafash-vccn013:31093 kafash-vccn014:31094
c3srck-vccn001,filebeat-6.7.0-1,,/etc/filebeat/filebeat.yml,null,/apps/tomcat-c3/lib/log4j2.xml ,kafrck-vccn010:31090 kafrck-vccn011:31091 kafrck-vccn012:31092 kafrck-vccn013:31093 kafrck-vccn014:31094
c3srck-vccn002,filebeat-6.7.0-1,,/etc/filebeat/filebeat.yml,null,/apps/tomcat-c3/lib/log4j2.xml ,kafrck-vccn010:31090 kafrck-vccn011:31091 kafrck-vccn012:31092 kafrck-vccn013:31093 kafrck-vccn014:31094
c3srck-vccn003,filebeat-6.7.0-1,,/etc/filebeat/filebeat.yml,null,/apps/tomcat-c3/lib/log4j2.xml ,kafrck-vccn010:31090 kafrck-vccn011:31091 kafrck-vccn012:31092 kafrck-vccn013:31093 kafrck-vccn014:31094
dpaash-vpcn004,filebeat-6.7.0-1,,/etc/filebeat/filebeat.yml,null,/apps/tomcat/lib/log4j2.xml ,kafash-vccn010:31090 kafash-vccn011:31091 kafash-vccn012:31092 kafash-vccn013:31093 kafash-vccn014:31094
dpaash-vpcn005,filebeat-6.7.0-1,,/etc/filebeat/filebeat.yml,null,/apps/tomcat/lib/log4j2.xml ,kafash-vccn010:31090 kafash-vccn011:31091 kafash-vccn012:31092 kafash-vccn013:31093 kafash-vccn014:31094
dpaash-vpcn006,filebeat-6.7.0-1,,/etc/filebeat/filebeat.yml,null,/apps/tomcat/lib/log4j2.xml ,kafash-vccn010:31090 kafash-vccn011:31091 kafash-vccn012:31092 kafash-vccn013:31093 kafash-vccn014:31094
dpaash-vpcn007,filebeat-6.7.0-1,,/etc/filebeat/filebeat.yml,null,/apps/tomcat/lib/log4j2.xml ,kafrck-vccn010:31090 kafrck-vccn011:31091 kafrck-vccn012:31092 kafrck-vccn013:31093 kafrck-vccn014:31094
dpaash-vpcn008,filebeat-6.7.0-1,,/etc/filebeat/filebeat.yml,null,/apps/tomcat/lib/log4j2.xml ,kafrck-vccn010:31090 kafrck-vccn011:31091 kafrck-vccn012:31092 kafrck-vccn013:31093 kafrck-vccn014:31094
dpaash-vpcn009,filebeat-6.7.0-1,,/etc/filebeat/filebeat.yml,null,/apps/tomcat/lib/log4j2.xml ,kafrck-vccn010:31090 kafrck-vccn011:31091 kafrck-vccn012:31092 kafrck-vccn013:31093 kafrck-vccn014:31094
dpaash-vpcn010,filebeat-6.7.0-1,,/etc/filebeat/filebeat.yml,null,/apps/tomcat/lib/log4j2.xml ,kafrck-vccn010:31090 kafrck-vccn011:31091 kafrck-vccn012:31092 kafrck-vccn013:31093 kafrck-vccn014:31094
dpaash-vpcn011,filebeat-6.7.0-1,,/etc/filebeat/filebeat.yml,null,/apps/tomcat/lib/log4j2.xml ,kafrck-vccn010:31090 kafrck-vccn011:31091 kafrck-vccn012:31092 kafrck-vccn013:31093 kafrck-vccn014:31094
dpaash-vpcn012,filebeat-6.7.0-1,,/etc/filebeat/filebeat.yml,null,/apps/tomcat/lib/log4j2.xml ,kafrck-vccn010:31090 kafrck-vccn011:31091 kafrck-vccn012:31092 kafrck-vccn013:31093 kafrck-vccn014:31094
dpaash-vpcn018,filebeat-6.7.0-1,,/etc/filebeat/filebeat.yml,null,/apps/tomcat/lib/log4j2.xml ,kafrck-vccn010:31090 kafrck-vccn011:31091 kafrck-vccn012:31092 kafrck-vccn013:31093 kafrck-vccn014:31094
dpaash-vpcn019,filebeat-6.7.0-1,,/etc/filebeat/filebeat.yml,null,/apps/tomcat/lib/log4j2.xml ,kafrck-vccn010:31090 kafrck-vccn011:31091 kafrck-vccn012:31092 kafrck-vccn013:31093 kafrck-vccn014:31094
dpaash-vpcn020,filebeat-6.7.0-1,,/etc/filebeat/filebeat.yml,null,/apps/tomcat/lib/log4j2.xml ,kafrck-vccn010:31090 kafrck-vccn011:31091 kafrck-vccn012:31092 kafrck-vccn013:31093 kafrck-vccn014:31094
dpasac-vpcn001,filebeat-6.7.0-1,,/etc/filebeat/filebeat.yml,null,/apps/tomcat/lib/log4j2.xml ,kafrck-vccn010:31090 kafrck-vccn011:31091 kafrck-vccn012:31092 kafrck-vccn013:31093 kafrck-vccn014:31094
dpasac-vpcn004,filebeat-6.7.0-1,,/etc/filebeat/filebeat.yml,null,/apps/tomcat/lib/log4j2.xml ,kafrck-vccn010:31090 kafrck-vccn011:31091 kafrck-vccn012:31092 kafrck-vccn013:31093 kafrck-vccn014:31094
dpasac-vpcn005,filebeat-6.7.0-1,,/etc/filebeat/filebeat.yml,null,/apps/tomcat/lib/log4j2.xml ,kafrck-vccn010:31090 kafrck-vccn011:31091 kafrck-vccn012:31092 kafrck-vccn013:31093 kafrck-vccn014:31094
dpasac-vpcn006,filebeat-6.7.0-1,,/etc/filebeat/filebeat.yml,null,/apps/tomcat/lib/log4j2.xml ,kafrck-vccn010:31090 kafrck-vccn011:31091 kafrck-vccn012:31092 kafrck-vccn013:31093 kafrck-vccn014:31094
dpasac-vpcn007,filebeat-6.7.0-1,,/etc/filebeat/filebeat.yml,null,/apps/tomcat/lib/log4j2.xml ,kafrck-vccn010:31090 kafrck-vccn011:31091 kafrck-vccn012:31092 kafrck-vccn013:31093 kafrck-vccn014:31094
dpasac-vpcn008,filebeat-6.7.0-1,,/etc/filebeat/filebeat.yml,null,/apps/tomcat/lib/log4j2.xml ,kafrck-vccn010:31090 kafrck-vccn011:31091 kafrck-vccn012:31092 kafrck-vccn013:31093 kafrck-vccn014:31094
dpasac-vpcn009,filebeat-6.7.0-1,,/etc/filebeat/filebeat.yml,null,/apps/tomcat/lib/log4j2.xml ,kafrck-vccn010:31090 kafrck-vccn011:31091 kafrck-vccn012:31092 kafrck-vccn013:31093 kafrck-vccn014:31094
dpasac-vpcn010,filebeat-6.7.0-1,,/etc/filebeat/filebeat.yml,null,/apps/tomcat/lib/log4j2.xml ,kafrck-vccn010:31090 kafrck-vccn011:31091 kafrck-vccn012:31092 kafrck-vccn013:31093 kafrck-vccn014:31094
dpasac-vpcn011,filebeat-6.7.0-1,,/etc/filebeat/filebeat.yml,null,/apps/tomcat/lib/log4j2.xml ,kafrck-vccn010:31090 kafrck-vccn011:31091 kafrck-vccn012:31092 kafrck-vccn013:31093 kafrck-vccn014:31094
dpasac-vpcn012,filebeat-6.7.0-1,,/etc/filebeat/filebeat.yml,null,/apps/tomcat/lib/log4j2.xml ,kafrck-vccn010:31090 kafrck-vccn011:31091 kafrck-vccn012:31092 kafrck-vccn013:31093 kafrck-vccn014:31094
dpasac-vpcn018,filebeat-6.7.0-1,,/etc/filebeat/filebeat.yml,null,/apps/tomcat/lib/log4j2.xml ,kafrck-vccn010:31090 kafrck-vccn011:31091 kafrck-vccn012:31092 kafrck-vccn013:31093 kafrck-vccn014:31094
dpasac-vpcn019,filebeat-6.7.0-1,,/etc/filebeat/filebeat.yml,null,/apps/tomcat/lib/log4j2.xml ,kafrck-vccn010:31090 kafrck-vccn011:31091 kafrck-vccn012:31092 kafrck-vccn013:31093 kafrck-vccn014:31094
dpasac-vpcn020,filebeat-6.7.0-1,,/etc/filebeat/filebeat.yml,null,/apps/tomcat/lib/log4j2.xml ,kafrck-vccn010:31090 kafrck-vccn011:31091 kafrck-vccn012:31092 kafrck-vccn013:31093 kafrck-vccn014:31094
ecmrck-vccn002,filebeat-6.7.0-1,,/etc/filebeat/filebeat.yml,null,/apps/tomcat/lib/log4j2.xml ,telemetry
ecmrck-vccn003,filebeat-6.7.0-1,,/etc/filebeat/filebeat.yml,null,/apps/tomcat/lib/log4j2.xml ,telemetry
efeash-vpcn001,filebeat-6.7.0-1,,/etc/filebeat/filebeat.yml,null,/apps/tomcat/lib/log4j2.xml ,kafash-vccn010:31090 kafash-vccn011:31091 kafash-vccn012:31092 kafash-vccn013:31093 kafash-vccn014:31094
efeash-vpcn003,filebeat-6.7.0-1,,/etc/filebeat/filebeat.yml,null,/apps/tomcat/lib/log4j2.xml ,kafash-vccn010:31090 kafash-vccn011:31091 kafash-vccn012:31092 kafash-vccn013:31093 kafash-vccn014:31094
efeash-vpcn004,filebeat-6.7.0-1,,/etc/filebeat/filebeat.yml,null,/apps/tomcat/lib/log4j2.xml ,kafash-vccn010:31090 kafash-vccn011:31091 kafash-vccn012:31092 kafash-vccn013:31093 kafash-vccn014:31094
efeash-vpcn005,filebeat-6.7.0-1,,/etc/filebeat/filebeat.yml,null,/apps/tomcat/lib/log4j2.xml ,kafash-vccn010:31090 kafash-vccn011:31091 kafash-vccn012:31092 kafash-vccn013:31093 kafash-vccn014:31094
efeash-vpcn006,filebeat-6.7.0-1,,/etc/filebeat/filebeat.yml,null,/apps/tomcat/lib/log4j2.xml ,kafash-vccn010:31090 kafash-vccn011:31091 kafash-vccn012:31092 kafash-vccn013:31093 kafash-vccn014:31094
efeash-vpcn007,filebeat-6.7.0-1,,/etc/filebeat/filebeat.yml,null,/apps/tomcat/lib/log4j2.xml ,kafash-vccn010:31090 kafash-vccn011:31091 kafash-vccn012:31092 kafash-vccn013:31093 kafash-vccn014:31094
efeash-vpcn008,filebeat-6.7.0-1,,/etc/filebeat/filebeat.yml,null,/apps/tomcat/lib/log4j2.xml ,kafash-vccn010:31090 kafash-vccn011:31091 kafash-vccn012:31092 kafash-vccn013:31093 kafash-vccn014:31094
efeash-vpcn009,filebeat-6.7.0-1,,/etc/filebeat/filebeat.yml,null,/apps/tomcat/lib/log4j2.xml ,kafash-vccn010:31090 kafash-vccn011:31091 kafash-vccn012:31092 kafash-vccn013:31093 kafash-vccn014:31094
efeash-vpcn010,filebeat-6.7.0-1,,/etc/filebeat/filebeat.yml,null,/apps/tomcat/lib/log4j2.xml ,kafash-vccn010:31090 kafash-vccn011:31091 kafash-vccn012:31092 kafash-vccn013:31093 kafash-vccn014:31094
efeash-vpcn011,filebeat-6.7.0-1,,/etc/filebeat/filebeat.yml,null,/apps/tomcat/lib/log4j2.xml ,kafash-vccn010:31090 kafash-vccn011:31091 kafash-vccn012:31092 kafash-vccn013:31093 kafash-vccn014:31094
efeash-vpcn014,filebeat-6.7.0-1,,/etc/filebeat/filebeat.yml,null,/apps/tomcat/lib/log4j2.xml ,kafash-vccn010:31090 kafash-vccn011:31091 kafash-vccn012:31092 kafash-vccn013:31093 kafash-vccn014:31094
efeash-vpcn015,filebeat-6.7.0-1,,/etc/filebeat/filebeat.yml,null,/apps/tomcat/lib/log4j2.xml ,kafash-vccn010:31090 kafash-vccn011:31091 kafash-vccn012:31092 kafash-vccn013:31093 kafash-vccn014:31094
efeash-vpcn016,filebeat-6.7.0-1,,/etc/filebeat/filebeat.yml,null,/apps/tomcat/lib/log4j2.xml ,kafash-vccn010:31090 kafash-vccn011:31091 kafash-vccn012:31092 kafash-vccn013:31093 kafash-vccn014:31094
efeash-vpcn017,filebeat-6.7.0-1,,/etc/filebeat/filebeat.yml,null,/apps/tomcat/lib/log4j2.xml ,kafash-vccn010:31090 kafash-vccn011:31091 kafash-vccn012:31092 kafash-vccn013:31093 kafash-vccn014:31094
efeash-vpcn019,filebeat-6.7.0-1,,/etc/filebeat/filebeat.yml,null,/apps/tomcat/lib/log4j2.xml ,kafash-vccn010:31090 kafash-vccn011:31091 kafash-vccn012:31092 kafash-vccn013:31093 kafash-vccn014:31094
efeash-vpcn020,filebeat-6.7.0-1,,/etc/filebeat/filebeat.yml,null,/apps/tomcat/lib/log4j2.xml ,kafash-vccn010:31090 kafash-vccn011:31091 kafash-vccn012:31092 kafash-vccn013:31093 kafash-vccn014:31094
efeash-vpcn021,filebeat-6.7.0-1,,/etc/filebeat/filebeat.yml,null,/apps/tomcat/lib/log4j2.xml ,kafash-vccn010:31090 kafash-vccn011:31091 kafash-vccn012:31092 kafash-vccn013:31093 kafash-vccn014:31094
efeash-vpcn022,filebeat-6.7.0-1,,/etc/filebeat/filebeat.yml,null,/apps/tomcat/lib/log4j2.xml ,kafash-vccn010:31090 kafash-vccn011:31091 kafash-vccn012:31092 kafash-vccn013:31093 kafash-vccn014:31094
efeash-vpcn023,filebeat-6.7.0-1,,/etc/filebeat/filebeat.yml,null,/apps/tomcat/lib/log4j2.xml ,kafash-vccn010:31090 kafash-vccn011:31091 kafash-vccn012:31092 kafash-vccn013:31093 kafash-vccn014:31094
efeash-vpcn024,filebeat-6.7.0-1,,/etc/filebeat/filebeat.yml,null,/apps/tomcat/lib/log4j2.xml ,kafash-vccn010:31090 kafash-vccn011:31091 kafash-vccn012:31092 kafash-vccn013:31093 kafash-vccn014:31094
efeash-vpcn025,filebeat-6.7.0-1,,/etc/filebeat/filebeat.yml,null,/apps/tomcat/lib/log4j2.xml ,kafash-vccn010:31090 kafash-vccn011:31091 kafash-vccn012:31092 kafash-vccn013:31093 kafash-vccn014:31094
efeash-vpcn026,filebeat-6.7.0-1,,/etc/filebeat/filebeat.yml,null,/apps/tomcat/lib/log4j2.xml ,kafash-vccn010:31090 kafash-vccn011:31091 kafash-vccn012:31092 kafash-vccn013:31093 kafash-vccn014:31094
efeash-vpcn027,filebeat-6.7.0-1,,/etc/filebeat/filebeat.yml,null,/apps/tomcat/lib/log4j2.xml ,kafash-vccn010:31090 kafash-vccn011:31091 kafash-vccn012:31092 kafash-vccn013:31093 kafash-vccn014:31094
efeash-vpcn029,filebeat-6.7.0-1,,/etc/filebeat/filebeat.yml,null,/apps/tomcat/lib/log4j2.xml ,kafash-vccn010:31090 kafash-vccn011:31091 kafash-vccn012:31092 kafash-vccn013:31093 kafash-vccn014:31094
efeash-vpcn030,filebeat-6.7.0-1,,/etc/filebeat/filebeat.yml,null,/apps/tomcat/lib/log4j2.xml ,kafash-vccn010:31090 kafash-vccn011:31091 kafash-vccn012:31092 kafash-vccn013:31093 kafash-vccn014:31094
efeash-vpcn031,filebeat-6.7.0-1,,/etc/filebeat/filebeat.yml,null,/apps/tomcat/lib/log4j2.xml ,kafash-vccn010:31090 kafash-vccn011:31091 kafash-vccn012:31092 kafash-vccn013:31093 kafash-vccn014:31094
efeash-vpcn032,filebeat-6.7.0-1,,/etc/filebeat/filebeat.yml,null,/apps/tomcat/lib/log4j2.xml ,kafash-vccn010:31090 kafash-vccn011:31091 kafash-vccn012:31092 kafash-vccn013:31093 kafash-vccn014:31094
efeash-vpcn033,filebeat-6.7.0-1,,/etc/filebeat/filebeat.yml,null,/apps/tomcat/lib/log4j2.xml ,kafash-vccn010:31090 kafash-vccn011:31091 kafash-vccn012:31092 kafash-vccn013:31093 kafash-vccn014:31094
efeash-vpcn034,filebeat-6.7.0-1,,/etc/filebeat/filebeat.yml,null,/apps/tomcat/lib/log4j2.xml ,kafash-vccn010:31090 kafash-vccn011:31091 kafash-vccn012:31092 kafash-vccn013:31093 kafash-vccn014:31094
efeash-vpcn035,filebeat-6.7.0-1,,/etc/filebeat/filebeat.yml,null,/apps/tomcat/lib/log4j2.xml ,kafash-vccn010:31090 kafash-vccn011:31091 kafash-vccn012:31092 kafash-vccn013:31093 kafash-vccn014:31094
efeash-vpcn036,filebeat-6.7.0-1,,/etc/filebeat/filebeat.yml,null,/apps/tomcat/lib/log4j2.xml ,kafash-vccn010:31090 kafash-vccn011:31091 kafash-vccn012:31092 kafash-vccn013:31093 kafash-vccn014:31094
efeash-vpcn040,filebeat-6.7.0-1,,/etc/filebeat/filebeat.yml,null,/apps/tomcat/lib/log4j2.xml ,kafash-vccn010:31090 kafash-vccn011:31091 kafash-vccn012:31092 kafash-vccn013:31093 kafash-vccn014:31094
efeash-vpcn041,filebeat-6.7.0-1,,/etc/filebeat/filebeat.yml,null,/apps/tomcat/lib/log4j2.xml ,kafash-vccn010:31090 kafash-vccn011:31091 kafash-vccn012:31092 kafash-vccn013:31093 kafash-vccn014:31094
efeash-vpcn042,filebeat-6.7.0-1,,/etc/filebeat/filebeat.yml,null,/apps/tomcat/lib/log4j2.xml ,kafash-vccn010:31090 kafash-vccn011:31091 kafash-vccn012:31092 kafash-vccn013:31093 kafash-vccn014:31094
efeash-vpcn045,filebeat-6.7.0-1,,/etc/filebeat/filebeat.yml,null,/apps/tomcat/lib/log4j2.xml ,kafash-vccn010:31090 kafash-vccn011:31091 kafash-vccn012:31092 kafash-vccn013:31093 kafash-vccn014:31094
efeash-vpcn046,filebeat-6.7.0-1,,/etc/filebeat/filebeat.yml,null,/apps/tomcat/lib/log4j2.xml ,kafash-vccn010:31090 kafash-vccn011:31091 kafash-vccn012:31092 kafash-vccn013:31093 kafash-vccn014:31094
efeash-vpcn047,filebeat-6.7.0-1,,/etc/filebeat/filebeat.yml,null,/apps/tomcat/lib/log4j2.xml ,kafash-vccn010:31090 kafash-vccn011:31091 kafash-vccn012:31092 kafash-vccn013:31093 kafash-vccn014:31094
efeash-vpcn048,filebeat-6.7.0-1,,/etc/filebeat/filebeat.yml,null,/apps/tomcat/lib/log4j2.xml ,kafash-vccn010:31090 kafash-vccn011:31091 kafash-vccn012:31092 kafash-vccn013:31093 kafash-vccn014:31094
efeash-vpcn052,filebeat-6.7.0-1,,/etc/filebeat/filebeat.yml,null,/apps/tomcat/lib/log4j2.xml ,kafash-vccn010:31090 kafash-vccn011:31091 kafash-vccn012:31092 kafash-vccn013:31093 kafash-vccn014:31094
efeash-vpcn053,filebeat-6.7.0-1,,/etc/filebeat/filebeat.yml,null,/apps/tomcat/lib/log4j2.xml ,kafash-vccn010:31090 kafash-vccn011:31091 kafash-vccn012:31092 kafash-vccn013:31093 kafash-vccn014:31094
efeash-vpcn054,filebeat-6.7.0-1,,/etc/filebeat/filebeat.yml,null,/apps/tomcat/lib/log4j2.xml ,kafash-vccn010:31090 kafash-vccn011:31091 kafash-vccn012:31092 kafash-vccn013:31093 kafash-vccn014:31094
efeash-vpcn059,filebeat-6.7.0-1,,/etc/filebeat/filebeat.yml,null,/apps/tomcat/lib/log4j2.xml ,kafash-vccn010:31090 kafash-vccn011:31091 kafash-vccn012:31092 kafash-vccn013:31093 kafash-vccn014:31094
efeash-vpcn060,filebeat-6.7.0-1,,/etc/filebeat/filebeat.yml,null,/apps/tomcat/lib/log4j2.xml ,kafash-vccn010:31090 kafash-vccn011:31091 kafash-vccn012:31092 kafash-vccn013:31093 kafash-vccn014:31094
efeash-vpcn061,filebeat-6.7.0-1,,/etc/filebeat/filebeat.yml,null,/apps/tomcat/lib/log4j2.xml ,kafash-vccn010:31090 kafash-vccn011:31091 kafash-vccn012:31092 kafash-vccn013:31093 kafash-vccn014:31094
efeash-vpcn065,filebeat-6.7.0-1,,/etc/filebeat/filebeat.yml,null,/apps/tomcat/lib/log4j2.xml ,kafash-vccn010:31090 kafash-vccn011:31091 kafash-vccn012:31092 kafash-vccn013:31093 kafash-vccn014:31094
efeash-vpcn070,filebeat-6.7.0-1,,/etc/filebeat/filebeat.yml,null,/apps/tomcat/lib/log4j2.xml ,kafash-vccn010:31090 kafash-vccn011:31091 kafash-vccn012:31092 kafash-vccn013:31093 kafash-vccn014:31094
efeash-vpcn074,filebeat-6.7.0-1,,/etc/filebeat/filebeat.yml,null,/apps/tomcat/lib/log4j2.xml ,kafash-vccn010:31090 kafash-vccn011:31091 kafash-vccn012:31092 kafash-vccn013:31093 kafash-vccn014:31094
efeash-vpcn075,filebeat-6.7.0-1,,/etc/filebeat/filebeat.yml,null,/apps/tomcat/lib/log4j2.xml ,kafash-vccn010:31090 kafash-vccn011:31091 kafash-vccn012:31092 kafash-vccn013:31093 kafash-vccn014:31094
efeash-vpcn076,filebeat-6.7.0-1,,/etc/filebeat/filebeat.yml,null,/apps/tomcat/lib/log4j2.xml ,kafash-vccn010:31090 kafash-vccn011:31091 kafash-vccn012:31092 kafash-vccn013:31093 kafash-vccn014:31094
efeash-vpcn077,filebeat-6.7.0-1,,/etc/filebeat/filebeat.yml,null,/apps/tomcat/lib/log4j2.xml ,kafash-vccn010:31090 kafash-vccn011:31091 kafash-vccn012:31092 kafash-vccn013:31093 kafash-vccn014:31094
efeash-vpcn078,filebeat-6.7.0-1,,/etc/filebeat/filebeat.yml,null,/apps/tomcat/lib/log4j2.xml ,kafash-vccn010:31090 kafash-vccn011:31091 kafash-vccn012:31092 kafash-vccn013:31093 kafash-vccn014:31094
efeash-vpcn079,filebeat-6.7.0-1,,/etc/filebeat/filebeat.yml,null,/apps/tomcat/lib/log4j2.xml ,kafash-vccn010:31090 kafash-vccn011:31091 kafash-vccn012:31092 kafash-vccn013:31093 kafash-vccn014:31094
efeash-vpcn080,filebeat-6.7.0-1,,/etc/filebeat/filebeat.yml,null,/apps/tomcat/lib/log4j2.xml ,kafash-vccn010:31090 kafash-vccn011:31091 kafash-vccn012:31092 kafash-vccn013:31093 kafash-vccn014:31094
efeash-vpcn081,filebeat-6.7.0-1,,/etc/filebeat/filebeat.yml,null,/apps/tomcat/lib/log4j2.xml ,kafash-vccn010:31090 kafash-vccn011:31091 kafash-vccn012:31092 kafash-vccn013:31093 kafash-vccn014:31094
efeash-vpcn082,filebeat-6.7.0-1,,/etc/filebeat/filebeat.yml,null,/apps/tomcat/lib/log4j2.xml ,kafash-vccn010:31090 kafash-vccn011:31091 kafash-vccn012:31092 kafash-vccn013:31093 kafash-vccn014:31094
efeash-vpcn083,filebeat-6.7.0-1,,/etc/filebeat/filebeat.yml,null,/apps/tomcat/lib/log4j2.xml ,kafash-vccn010:31090 kafash-vccn011:31091 kafash-vccn012:31092 kafash-vccn013:31093 kafash-vccn014:31094
efeash-vpcn084,filebeat-6.7.0-1,,/etc/filebeat/filebeat.yml,null,/apps/tomcat/lib/log4j2.xml ,kafash-vccn010:31090 kafash-vccn011:31091 kafash-vccn012:31092 kafash-vccn013:31093 kafash-vccn014:31094
efeash-vpcn085,filebeat-6.7.0-1,,/etc/filebeat/filebeat.yml,null,/apps/tomcat/lib/log4j2.xml ,kafash-vccn010:31090 kafash-vccn011:31091 kafash-vccn012:31092 kafash-vccn013:31093 kafash-vccn014:31094
efeash-vpcn086,filebeat-6.7.0-1,,/etc/filebeat/filebeat.yml,null,/apps/tomcat/lib/log4j2.xml ,kafash-vccn010:31090 kafash-vccn011:31091 kafash-vccn012:31092 kafash-vccn013:31093 kafash-vccn014:31094
efeash-vpcn087,filebeat-6.7.0-1,,/etc/filebeat/filebeat.yml,null,/apps/tomcat/lib/log4j2.xml ,kafash-vccn010:31090 kafash-vccn011:31091 kafash-vccn012:31092 kafash-vccn013:31093 kafash-vccn014:31094
efeash-vpcn088,filebeat-6.7.0-1,,/etc/filebeat/filebeat.yml,null,/apps/tomcat/lib/log4j2.xml ,kafash-vccn010:31090 kafash-vccn011:31091 kafash-vccn012:31092 kafash-vccn013:31093 kafash-vccn014:31094
efeash-vpcn090,filebeat-6.7.0-1,,/etc/filebeat/filebeat.yml,null,/apps/tomcat/lib/log4j2.xml ,kafash-vccn010:31090 kafash-vccn011:31091 kafash-vccn012:31092 kafash-vccn013:31093 kafash-vccn014:31094
efeash-vpcn091,filebeat-6.7.0-1,,/etc/filebeat/filebeat.yml,null,/apps/tomcat/lib/log4j2.xml ,kafash-vccn010:31090 kafash-vccn011:31091 kafash-vccn012:31092 kafash-vccn013:31093 kafash-vccn014:31094
efeash-vpcn092,filebeat-6.7.0-1,,/etc/filebeat/filebeat.yml,null,/apps/tomcat/lib/log4j2.xml ,kafash-vccn010:31090 kafash-vccn011:31091 kafash-vccn012:31092 kafash-vccn013:31093 kafash-vccn014:31094
efeash-vpcn093,filebeat-6.7.0-1,,/etc/filebeat/filebeat.yml,null,/apps/tomcat/lib/log4j2.xml ,kafash-vccn010:31090 kafash-vccn011:31091 kafash-vccn012:31092 kafash-vccn013:31093 kafash-vccn014:31094
efeash-vpcn094,filebeat-6.7.0-1,,/etc/filebeat/filebeat.yml,null,/apps/tomcat/lib/log4j2.xml ,kafash-vccn010:31090 kafash-vccn011:31091 kafash-vccn012:31092 kafash-vccn013:31093 kafash-vccn014:31094
efeash-vpcn095,filebeat-6.7.0-1,,/etc/filebeat/filebeat.yml,null,/apps/tomcat/lib/log4j2.xml ,kafash-vccn010:31090 kafash-vccn011:31091 kafash-vccn012:31092 kafash-vccn013:31093 kafash-vccn014:31094
efeash-vpcn096,filebeat-6.7.0-1,,/etc/filebeat/filebeat.yml,null,/apps/tomcat/lib/log4j2.xml ,kafash-vccn010:31090 kafash-vccn011:31091 kafash-vccn012:31092 kafash-vccn013:31093 kafash-vccn014:31094
efeash-vpcn097,filebeat-6.7.0-1,,/etc/filebeat/filebeat.yml,null,/apps/tomcat/lib/log4j2.xml ,kafash-vccn010:31090 kafash-vccn011:31091 kafash-vccn012:31092 kafash-vccn013:31093 kafash-vccn014:31094
efeash-vpcn098,filebeat-6.7.0-1,,/etc/filebeat/filebeat.yml,null,/apps/tomcat/lib/log4j2.xml ,kafash-vccn010:31090 kafash-vccn011:31091 kafash-vccn012:31092 kafash-vccn013:31093 kafash-vccn014:31094
efeash-vpcn099,filebeat-6.7.0-1,,/etc/filebeat/filebeat.yml,null,/apps/tomcat/lib/log4j2.xml ,kafash-vccn010:31090 kafash-vccn011:31091 kafash-vccn012:31092 kafash-vccn013:31093 kafash-vccn014:31094
eferck-vicn031,filebeat-6.5.4-1,,/etc/filebeat/filebeat.yml,null,/apps/tomcat/lib/log4j2.xml ,telemetry
eferck-vicn032,filebeat-6.5.4-1,,/etc/filebeat/filebeat.yml,null,/apps/tomcat/lib/log4j2.xml ,telemetry
eferck-vicn033,filebeat-6.5.4-1,,/etc/filebeat/filebeat.yml,null,/apps/tomcat/lib/log4j2.xml ,telemetry
eferck-vicn034,filebeat-6.5.4-1,,/etc/filebeat/filebeat.yml,null,/apps/tomcat/lib/log4j2.xml ,telemetry
eferck-vicn035,filebeat-6.5.4-1,,/etc/filebeat/filebeat.yml,null,/apps/tomcat/lib/log4j2.xml ,telemetry
eferck-vpcn001,filebeat-6.7.0-1,,/etc/filebeat/filebeat.yml,null,/apps/tomcat/lib/log4j2.xml ,kafrck-vccn010:31090 kafrck-vccn011:31091 kafrck-vccn012:31092 kafrck-vccn013:31093 kafrck-vccn014:31094
eferck-vpcn003,filebeat-6.7.0-1,,/etc/filebeat/filebeat.yml,null,/apps/tomcat/lib/log4j2.xml ,kafrck-vccn010:31090 kafrck-vccn011:31091 kafrck-vccn012:31092 kafrck-vccn013:31093 kafrck-vccn014:31094
eferck-vpcn004,filebeat-6.7.0-1,,/etc/filebeat/filebeat.yml,null,/apps/tomcat/lib/log4j2.xml ,kafrck-vccn010:31090 kafrck-vccn011:31091 kafrck-vccn012:31092 kafrck-vccn013:31093 kafrck-vccn014:31094
eferck-vpcn005,filebeat-6.7.0-1,,/etc/filebeat/filebeat.yml,null,/apps/tomcat/lib/log4j2.xml ,kafrck-vccn010:31090 kafrck-vccn011:31091 kafrck-vccn012:31092 kafrck-vccn013:31093 kafrck-vccn014:31094
eferck-vpcn006,filebeat-6.7.0-1,,/etc/filebeat/filebeat.yml,null,/apps/tomcat/lib/log4j2.xml ,kafrck-vccn010:31090 kafrck-vccn011:31091 kafrck-vccn012:31092 kafrck-vccn013:31093 kafrck-vccn014:31094
eferck-vpcn007,filebeat-6.7.0-1,,/etc/filebeat/filebeat.yml,null,/apps/tomcat/lib/log4j2.xml ,kafrck-vccn010:31090 kafrck-vccn011:31091 kafrck-vccn012:31092 kafrck-vccn013:31093 kafrck-vccn014:31094
eferck-vpcn008,filebeat-6.7.0-1,,/etc/filebeat/filebeat.yml,null,/apps/tomcat/lib/log4j2.xml ,kafrck-vccn010:31090 kafrck-vccn011:31091 kafrck-vccn012:31092 kafrck-vccn013:31093 kafrck-vccn014:31094
eferck-vpcn009,filebeat-6.7.0-1,,/etc/filebeat/filebeat.yml,null,/apps/tomcat/lib/log4j2.xml ,kafrck-vccn010:31090 kafrck-vccn011:31091 kafrck-vccn012:31092 kafrck-vccn013:31093 kafrck-vccn014:31094
eferck-vpcn010,filebeat-6.7.0-1,,/etc/filebeat/filebeat.yml,null,/apps/tomcat/lib/log4j2.xml ,kafrck-vccn010:31090 kafrck-vccn011:31091 kafrck-vccn012:31092 kafrck-vccn013:31093 kafrck-vccn014:31094
eferck-vpcn011,filebeat-6.7.0-1,,/etc/filebeat/filebeat.yml,null,/apps/tomcat/lib/log4j2.xml ,kafrck-vccn010:31090 kafrck-vccn011:31091 kafrck-vccn012:31092 kafrck-vccn013:31093 kafrck-vccn014:31094
eferck-vpcn012,filebeat-6.7.0-1,,/etc/filebeat/filebeat.yml,null,/apps/tomcat/lib/log4j2.xml ,kafrck-vccn010:31090 kafrck-vccn011:31091 kafrck-vccn012:31092 kafrck-vccn013:31093 kafrck-vccn014:31094
eferck-vpcn014,filebeat-6.7.0-1,,/etc/filebeat/filebeat.yml,null,/apps/tomcat/lib/log4j2.xml ,kafrck-vccn010:31090 kafrck-vccn011:31091 kafrck-vccn012:31092 kafrck-vccn013:31093 kafrck-vccn014:31094
eferck-vpcn015,filebeat-6.7.0-1,,/etc/filebeat/filebeat.yml,null,/apps/tomcat/lib/log4j2.xml ,kafrck-vccn010:31090 kafrck-vccn011:31091 kafrck-vccn012:31092 kafrck-vccn013:31093 kafrck-vccn014:31094
eferck-vpcn016,filebeat-6.7.0-1,,/etc/filebeat/filebeat.yml,null,/apps/tomcat/lib/log4j2.xml ,kafrck-vccn010:31090 kafrck-vccn011:31091 kafrck-vccn012:31092 kafrck-vccn013:31093 kafrck-vccn014:31094
eferck-vpcn017,filebeat-6.7.0-1,,/etc/filebeat/filebeat.yml,null,/apps/tomcat/lib/log4j2.xml ,kafrck-vccn010:31090 kafrck-vccn011:31091 kafrck-vccn012:31092 kafrck-vccn013:31093 kafrck-vccn014:31094
eferck-vpcn019,filebeat-6.7.0-1,,/etc/filebeat/filebeat.yml,null,/apps/tomcat/lib/log4j2.xml ,kafrck-vccn010:31090 kafrck-vccn011:31091 kafrck-vccn012:31092 kafrck-vccn013:31093 kafrck-vccn014:31094
eferck-vpcn020,filebeat-6.7.0-1,,/etc/filebeat/filebeat.yml,null,/apps/tomcat/lib/log4j2.xml ,kafrck-vccn010:31090 kafrck-vccn011:31091 kafrck-vccn012:31092 kafrck-vccn013:31093 kafrck-vccn014:31094
eferck-vpcn021,filebeat-6.7.0-1,,/etc/filebeat/filebeat.yml,null,/apps/tomcat/lib/log4j2.xml ,kafrck-vccn010:31090 kafrck-vccn011:31091 kafrck-vccn012:31092 kafrck-vccn013:31093 kafrck-vccn014:31094
eferck-vpcn022,filebeat-6.7.0-1,,/etc/filebeat/filebeat.yml,null,/apps/tomcat/lib/log4j2.xml ,kafrck-vccn010:31090 kafrck-vccn011:31091 kafrck-vccn012:31092 kafrck-vccn013:31093 kafrck-vccn014:31094
eferck-vpcn023,filebeat-6.7.0-1,,/etc/filebeat/filebeat.yml,null,/apps/tomcat/lib/log4j2.xml ,kafrck-vccn010:31090 kafrck-vccn011:31091 kafrck-vccn012:31092 kafrck-vccn013:31093 kafrck-vccn014:31094
eferck-vpcn024,filebeat-6.7.0-1,,/etc/filebeat/filebeat.yml,null,/apps/tomcat/lib/log4j2.xml ,kafrck-vccn010:31090 kafrck-vccn011:31091 kafrck-vccn012:31092 kafrck-vccn013:31093 kafrck-vccn014:31094
eferck-vpcn025,filebeat-6.7.0-1,,/etc/filebeat/filebeat.yml,null,/apps/tomcat/lib/log4j2.xml ,kafrck-vccn010:31090 kafrck-vccn011:31091 kafrck-vccn012:31092 kafrck-vccn013:31093 kafrck-vccn014:31094
eferck-vpcn026,filebeat-6.7.0-1,,/etc/filebeat/filebeat.yml,null,/apps/tomcat/lib/log4j2.xml ,kafrck-vccn010:31090 kafrck-vccn011:31091 kafrck-vccn012:31092 kafrck-vccn013:31093 kafrck-vccn014:31094
eferck-vpcn027,filebeat-6.7.0-1,,/etc/filebeat/filebeat.yml,null,/apps/tomcat/lib/log4j2.xml ,kafrck-vccn010:31090 kafrck-vccn011:31091 kafrck-vccn012:31092 kafrck-vccn013:31093 kafrck-vccn014:31094
eferck-vpcn029,filebeat-6.7.0-1,,/etc/filebeat/filebeat.yml,null,/apps/tomcat/lib/log4j2.xml ,kafrck-vccn010:31090 kafrck-vccn011:31091 kafrck-vccn012:31092 kafrck-vccn013:31093 kafrck-vccn014:31094
eferck-vpcn030,filebeat-6.7.0-1,,/etc/filebeat/filebeat.yml,null,/apps/tomcat/lib/log4j2.xml ,kafrck-vccn010:31090 kafrck-vccn011:31091 kafrck-vccn012:31092 kafrck-vccn013:31093 kafrck-vccn014:31094
eferck-vpcn031,filebeat-6.7.0-1,,/etc/filebeat/filebeat.yml,null,/apps/tomcat/lib/log4j2.xml ,kafrck-vccn010:31090 kafrck-vccn011:31091 kafrck-vccn012:31092 kafrck-vccn013:31093 kafrck-vccn014:31094
eferck-vpcn032,filebeat-6.7.0-1,,/etc/filebeat/filebeat.yml,null,/apps/tomcat/lib/log4j2.xml ,kafrck-vccn010:31090 kafrck-vccn011:31091 kafrck-vccn012:31092 kafrck-vccn013:31093 kafrck-vccn014:31094
eferck-vpcn033,filebeat-6.7.0-1,,/etc/filebeat/filebeat.yml,null,/apps/tomcat/lib/log4j2.xml ,kafrck-vccn010:31090 kafrck-vccn011:31091 kafrck-vccn012:31092 kafrck-vccn013:31093 kafrck-vccn014:31094
eferck-vpcn034,filebeat-6.7.0-1,,/etc/filebeat/filebeat.yml,null,/apps/tomcat/lib/log4j2.xml ,kafrck-vccn010:31090 kafrck-vccn011:31091 kafrck-vccn012:31092 kafrck-vccn013:31093 kafrck-vccn014:31094
eferck-vpcn035,filebeat-6.7.0-1,,/etc/filebeat/filebeat.yml,null,/apps/tomcat/lib/log4j2.xml ,kafrck-vccn010:31090 kafrck-vccn011:31091 kafrck-vccn012:31092 kafrck-vccn013:31093 kafrck-vccn014:31094
eferck-vpcn036,filebeat-6.7.0-1,,/etc/filebeat/filebeat.yml,null,/apps/tomcat/lib/log4j2.xml ,kafrck-vccn010:31090 kafrck-vccn011:31091 kafrck-vccn012:31092 kafrck-vccn013:31093 kafrck-vccn014:31094
eferck-vpcn037,filebeat-6.7.0-1,,/etc/filebeat/filebeat.yml,null,/apps/tomcat/lib/log4j2.xml ,kafrck-vccn010:31090 kafrck-vccn011:31091 kafrck-vccn012:31092 kafrck-vccn013:31093 kafrck-vccn014:31094
eferck-vpcn038,filebeat-6.7.0-1,,/etc/filebeat/filebeat.yml,null,/apps/tomcat/lib/log4j2.xml ,kafrck-vccn010:31090 kafrck-vccn011:31091 kafrck-vccn012:31092 kafrck-vccn013:31093 kafrck-vccn014:31094
eferck-vpcn039,filebeat-6.7.0-1,,/etc/filebeat/filebeat.yml,null,/apps/tomcat/lib/log4j2.xml ,kafrck-vccn010:31090 kafrck-vccn011:31091 kafrck-vccn012:31092 kafrck-vccn013:31093 kafrck-vccn014:31094
eferck-vpcn040,filebeat-6.7.0-1,,/etc/filebeat/filebeat.yml,null,/apps/tomcat/lib/log4j2.xml ,kafrck-vccn010:31090 kafrck-vccn011:31091 kafrck-vccn012:31092 kafrck-vccn013:31093 kafrck-vccn014:31094
eferck-vpcn041,filebeat-6.7.0-1,,/etc/filebeat/filebeat.yml,null,/apps/tomcat/lib/log4j2.xml ,kafrck-vccn010:31090 kafrck-vccn011:31091 kafrck-vccn012:31092 kafrck-vccn013:31093 kafrck-vccn014:31094
eferck-vpcn042,filebeat-6.7.0-1,,/etc/filebeat/filebeat.yml,null,/apps/tomcat/lib/log4j2.xml ,kafrck-vccn010:31090 kafrck-vccn011:31091 kafrck-vccn012:31092 kafrck-vccn013:31093 kafrck-vccn014:31094
eferck-vpcn043,filebeat-6.7.0-1,,/etc/filebeat/filebeat.yml,null,/apps/tomcat/lib/log4j2.xml ,kafrck-vccn010:31090 kafrck-vccn011:31091 kafrck-vccn012:31092 kafrck-vccn013:31093 kafrck-vccn014:31094
eferck-vpcn045,filebeat-6.7.0-1,,/etc/filebeat/filebeat.yml,null,/apps/tomcat/lib/log4j2.xml ,kafrck-vccn010:31090 kafrck-vccn011:31091 kafrck-vccn012:31092 kafrck-vccn013:31093 kafrck-vccn014:31094
eferck-vpcn046,filebeat-6.7.0-1,,/etc/filebeat/filebeat.yml,null,/apps/tomcat/lib/log4j2.xml ,kafrck-vccn010:31090 kafrck-vccn011:31091 kafrck-vccn012:31092 kafrck-vccn013:31093 kafrck-vccn014:31094
eferck-vpcn047,filebeat-6.7.0-1,,/etc/filebeat/filebeat.yml,null,/apps/tomcat/lib/log4j2.xml ,kafrck-vccn010:31090 kafrck-vccn011:31091 kafrck-vccn012:31092 kafrck-vccn013:31093 kafrck-vccn014:31094
eferck-vpcn048,filebeat-6.7.0-1,,/etc/filebeat/filebeat.yml,null,/apps/tomcat/lib/log4j2.xml ,kafrck-vccn010:31090 kafrck-vccn011:31091 kafrck-vccn012:31092 kafrck-vccn013:31093 kafrck-vccn014:31094
eferck-vpcn049,filebeat-6.7.0-1,,/etc/filebeat/filebeat.yml,null,/apps/tomcat/lib/log4j2.xml ,kafrck-vccn010:31090 kafrck-vccn011:31091 kafrck-vccn012:31092 kafrck-vccn013:31093 kafrck-vccn014:31094
eferck-vpcn050,filebeat-6.7.0-1,,/etc/filebeat/filebeat.yml,null,/apps/tomcat/lib/log4j2.xml ,kafrck-vccn010:31090 kafrck-vccn011:31091 kafrck-vccn012:31092 kafrck-vccn013:31093 kafrck-vccn014:31094
eferck-vpcn051,filebeat-6.7.0-1,,/etc/filebeat/filebeat.yml,null,/apps/tomcat/lib/log4j2.xml ,kafrck-vccn010:31090 kafrck-vccn011:31091 kafrck-vccn012:31092 kafrck-vccn013:31093 kafrck-vccn014:31094
eferck-vpcn052,filebeat-6.7.0-1,,/etc/filebeat/filebeat.yml,null,/apps/tomcat/lib/log4j2.xml ,kafrck-vccn010:31090 kafrck-vccn011:31091 kafrck-vccn012:31092 kafrck-vccn013:31093 kafrck-vccn014:31094
eferck-vpcn053,filebeat-6.7.0-1,,/etc/filebeat/filebeat.yml,null,/apps/tomcat/lib/log4j2.xml ,kafrck-vccn010:31090 kafrck-vccn011:31091 kafrck-vccn012:31092 kafrck-vccn013:31093 kafrck-vccn014:31094
eferck-vpcn054,filebeat-6.7.0-1,,/etc/filebeat/filebeat.yml,null,/apps/tomcat/lib/log4j2.xml ,kafrck-vccn010:31090 kafrck-vccn011:31091 kafrck-vccn012:31092 kafrck-vccn013:31093 kafrck-vccn014:31094
eferck-vpcn055,filebeat-6.7.0-1,,/etc/filebeat/filebeat.yml,null,/apps/tomcat/lib/log4j2.xml ,kafrck-vccn010:31090 kafrck-vccn011:31091 kafrck-vccn012:31092 kafrck-vccn013:31093 kafrck-vccn014:31094
eferck-vpcn056,filebeat-6.7.0-1,,/etc/filebeat/filebeat.yml,null,/apps/tomcat/lib/log4j2.xml ,kafrck-vccn010:31090 kafrck-vccn011:31091 kafrck-vccn012:31092 kafrck-vccn013:31093 kafrck-vccn014:31094
eferck-vpcn057,filebeat-6.7.0-1,,/etc/filebeat/filebeat.yml,null,/apps/tomcat/lib/log4j2.xml ,kafrck-vccn010:31090 kafrck-vccn011:31091 kafrck-vccn012:31092 kafrck-vccn013:31093 kafrck-vccn014:31094
eferck-vpcn058,filebeat-6.7.0-1,,/etc/filebeat/filebeat.yml,null,/apps/tomcat/lib/log4j2.xml ,kafrck-vccn010:31090 kafrck-vccn011:31091 kafrck-vccn012:31092 kafrck-vccn013:31093 kafrck-vccn014:31094
eferck-vpcn059,filebeat-6.7.0-1,,/etc/filebeat/filebeat.yml,null,/apps/tomcat/lib/log4j2.xml ,kafrck-vccn010:31090 kafrck-vccn011:31091 kafrck-vccn012:31092 kafrck-vccn013:31093 kafrck-vccn014:31094
eferck-vpcn060,filebeat-6.7.0-1,,/etc/filebeat/filebeat.yml,null,/apps/tomcat/lib/log4j2.xml ,kafrck-vccn010:31090 kafrck-vccn011:31091 kafrck-vccn012:31092 kafrck-vccn013:31093 kafrck-vccn014:31094
eferck-vpcn061,filebeat-6.7.0-1,,/etc/filebeat/filebeat.yml,null,/apps/tomcat/lib/log4j2.xml ,kafrck-vccn010:31090 kafrck-vccn011:31091 kafrck-vccn012:31092 kafrck-vccn013:31093 kafrck-vccn014:31094
eferck-vpcn062,filebeat-6.7.0-1,,/etc/filebeat/filebeat.yml,null,/apps/tomcat/lib/log4j2.xml ,kafrck-vccn010:31090 kafrck-vccn011:31091 kafrck-vccn012:31092 kafrck-vccn013:31093 kafrck-vccn014:31094
eferck-vpcn063,filebeat-6.7.0-1,,/etc/filebeat/filebeat.yml,null,/apps/tomcat/lib/log4j2.xml ,kafrck-vccn010:31090 kafrck-vccn011:31091 kafrck-vccn012:31092 kafrck-vccn013:31093 kafrck-vccn014:31094
eferck-vpcn072,filebeat-6.7.0-1,,/etc/filebeat/filebeat.yml,null,/apps/tomcat/lib/log4j2.xml ,kafrck-vccn010:31090 kafrck-vccn011:31091 kafrck-vccn012:31092 kafrck-vccn013:31093 kafrck-vccn014:31094
eferck-vpcn073,filebeat-6.7.0-1,,/etc/filebeat/filebeat.yml,null,/apps/tomcat/lib/log4j2.xml ,kafrck-vccn010:31090 kafrck-vccn011:31091 kafrck-vccn012:31092 kafrck-vccn013:31093 kafrck-vccn014:31094
eferck-vpcn074,filebeat-6.7.0-1,,/etc/filebeat/filebeat.yml,null,/apps/tomcat/lib/log4j2.xml ,kafrck-vccn010:31090 kafrck-vccn011:31091 kafrck-vccn012:31092 kafrck-vccn013:31093 kafrck-vccn014:31094
eferck-vpcn075,filebeat-6.7.0-1,,/etc/filebeat/filebeat.yml,null,/apps/tomcat/lib/log4j2.xml ,kafrck-vccn010:31090 kafrck-vccn011:31091 kafrck-vccn012:31092 kafrck-vccn013:31093 kafrck-vccn014:31094
eferck-vpcn079,filebeat-6.7.0-1,,/etc/filebeat/filebeat.yml,null,/apps/tomcat/lib/log4j2.xml ,kafrck-vccn010:31090 kafrck-vccn011:31091 kafrck-vccn012:31092 kafrck-vccn013:31093 kafrck-vccn014:31094
eferck-vpcn080,filebeat-6.7.0-1,,/etc/filebeat/filebeat.yml,null,/apps/tomcat/lib/log4j2.xml ,kafrck-vccn010:31090 kafrck-vccn011:31091 kafrck-vccn012:31092 kafrck-vccn013:31093 kafrck-vccn014:31094
eferck-vpcn081,filebeat-6.7.0-1,,/etc/filebeat/filebeat.yml,null,/apps/tomcat/lib/log4j2.xml ,kafrck-vccn010:31090 kafrck-vccn011:31091 kafrck-vccn012:31092 kafrck-vccn013:31093 kafrck-vccn014:31094
eferck-vpcn086,filebeat-6.7.0-1,,/etc/filebeat/filebeat.yml,null,/apps/tomcat/lib/log4j2.xml ,kafrck-vccn010:31090 kafrck-vccn011:31091 kafrck-vccn012:31092 kafrck-vccn013:31093 kafrck-vccn014:31094
eferck-vpcn087,filebeat-6.7.0-1,,/etc/filebeat/filebeat.yml,null,/apps/tomcat/lib/log4j2.xml ,kafrck-vccn010:31090 kafrck-vccn011:31091 kafrck-vccn012:31092 kafrck-vccn013:31093 kafrck-vccn014:31094
eferck-vpcn088,filebeat-6.7.0-1,,/etc/filebeat/filebeat.yml,null,/apps/tomcat/lib/log4j2.xml ,kafrck-vccn010:31090 kafrck-vccn011:31091 kafrck-vccn012:31092 kafrck-vccn013:31093 kafrck-vccn014:31094
eferck-vpcn093,filebeat-6.7.0-1,,/etc/filebeat/filebeat.yml,null,/apps/tomcat/lib/log4j2.xml ,kafrck-vccn010:31090 kafrck-vccn011:31091 kafrck-vccn012:31092 kafrck-vccn013:31093 kafrck-vccn014:31094
eferck-vpcn098,filebeat-6.7.0-1,,/etc/filebeat/filebeat.yml,null,/apps/tomcat/lib/log4j2.xml ,kafrck-vccn010:31090 kafrck-vccn011:31091 kafrck-vccn012:31092 kafrck-vccn013:31093 kafrck-vccn014:31094
eferck-vpcn101,filebeat-6.7.0-1,,/etc/filebeat/filebeat.yml,null,/apps/tomcat/lib/log4j2.xml ,kafrck-vccn010:31090 kafrck-vccn011:31091 kafrck-vccn012:31092 kafrck-vccn013:31093 kafrck-vccn014:31094
eferck-vpcn102,filebeat-6.7.0-1,,/etc/filebeat/filebeat.yml,null,/apps/tomcat/lib/log4j2.xml ,kafrck-vccn010:31090 kafrck-vccn011:31091 kafrck-vccn012:31092 kafrck-vccn013:31093 kafrck-vccn014:31094
eferck-vpcn103,filebeat-6.7.0-1,,/etc/filebeat/filebeat.yml,null,/apps/tomcat/lib/log4j2.xml ,kafrck-vccn010:31090 kafrck-vccn011:31091 kafrck-vccn012:31092 kafrck-vccn013:31093 kafrck-vccn014:31094
eferck-vpcn104,filebeat-6.7.0-1,,/etc/filebeat/filebeat.yml,null,/apps/tomcat/lib/log4j2.xml ,kafrck-vccn010:31090 kafrck-vccn011:31091 kafrck-vccn012:31092 kafrck-vccn013:31093 kafrck-vccn014:31094
eferck-vpcn105,filebeat-6.7.0-1,,/etc/filebeat/filebeat.yml,null,/apps/tomcat/lib/log4j2.xml ,kafrck-vccn010:31090 kafrck-vccn011:31091 kafrck-vccn012:31092 kafrck-vccn013:31093 kafrck-vccn014:31094
eferck-vpcn106,filebeat-6.7.0-1,,/etc/filebeat/filebeat.yml,null,/apps/tomcat/lib/log4j2.xml ,kafrck-vccn010:31090 kafrck-vccn011:31091 kafrck-vccn012:31092 kafrck-vccn013:31093 kafrck-vccn014:31094
eferck-vpcn107,filebeat-6.7.0-1,,/etc/filebeat/filebeat.yml,null,/apps/tomcat/lib/log4j2.xml ,kafrck-vccn010:31090 kafrck-vccn011:31091 kafrck-vccn012:31092 kafrck-vccn013:31093 kafrck-vccn014:31094
eferck-vpcn108,filebeat-6.7.0-1,,/etc/filebeat/filebeat.yml,null,/apps/tomcat/lib/log4j2.xml ,kafrck-vccn010:31090 kafrck-vccn011:31091 kafrck-vccn012:31092 kafrck-vccn013:31093 kafrck-vccn014:31094
eferck-vpcn109,filebeat-6.7.0-1,,/etc/filebeat/filebeat.yml,null,/apps/tomcat/lib/log4j2.xml ,kafrck-vccn010:31090 kafrck-vccn011:31091 kafrck-vccn012:31092 kafrck-vccn013:31093 kafrck-vccn014:31094
efesac-vpcn004,filebeat-6.7.0-1,,/etc/filebeat/filebeat.yml,null,/apps/tomcat/lib/log4j2.xml ,kafrck-vccn010:31090 kafrck-vccn011:31091 kafrck-vccn012:31092 kafrck-vccn013:31093 kafrck-vccn014:31094
efesac-vpcn005,filebeat-6.7.0-1,,/etc/filebeat/filebeat.yml,null,/apps/tomcat/lib/log4j2.xml ,kafrck-vccn010:31090 kafrck-vccn011:31091 kafrck-vccn012:31092 kafrck-vccn013:31093 kafrck-vccn014:31094
efesac-vpcn006,filebeat-6.7.0-1,,/etc/filebeat/filebeat.yml,null,/apps/tomcat/lib/log4j2.xml ,kafrck-vccn010:31090 kafrck-vccn011:31091 kafrck-vccn012:31092 kafrck-vccn013:31093 kafrck-vccn014:31094
favash-vccn001,filebeat-6.7.0-1,,/etc/filebeat/filebeat.yml,null,/apps/tomcat-favorites/lib/log4j2.xml ,kafash-vccn010:31090 kafash-vccn011:31091 kafash-vccn012:31092 kafash-vccn013:31093 kafash-vccn014:31094
favash-vccn002,filebeat-6.7.0-1,,/etc/filebeat/filebeat.yml,null,/apps/tomcat-favorites/lib/log4j2.xml ,kafash-vccn010:31090 kafash-vccn011:31091 kafash-vccn012:31092 kafash-vccn013:31093 kafash-vccn014:31094
favorites-prd-ab1v,filebeat-6.4.2-1,,/etc/filebeat/filebeat.yml,null,/apps/tomcat-favorites/lib/log4j2.xml /apps/tomcat-favorites_31mar/lib/log4j2.xml ,kafash-vccn010:31090 kafash-vccn011:31091 kafash-vccn012:31092 kafash-vccn013:31093 kafash-vccn014:31094 kafash-vccn010:31090 kafash-vccn011:31091 kafash-vccn012:31092 kafash-vccn013:31093 kafash-vccn014:31094
favorites-prd-ab2v,filebeat-6.4.2-1,,/etc/filebeat/filebeat.yml,null,/apps/tomcat-favorites/lib/log4j2.xml /apps/tomcat-favorites_31mar/tomcat-favorites/lib/log4j2.xml /apps/tomcat-favorites_31mar/lib/log4j2.xml ,kafash-vccn010:31090 kafash-vccn011:31091 kafash-vccn012:31092 kafash-vccn013:31093 kafash-vccn014:31094 kafash-vccn010:31090 kafash-vccn011:31091 kafash-vccn012:31092 kafash-vccn013:31093 kafash-vccn014:31094 kafash-vccn010:31090 kafash-vccn011:31091 kafash-vccn012:31092 kafash-vccn013:31093 kafash-vccn014:31094
favorites-prd-rk1v,filebeat-6.4.2-1,,/etc/filebeat/filebeat.yml,null,/apps/tomcat-favorites/lib/log4j2.xml /apps/tomcat-favorites_bak_31Mar/lib/log4j2.xml ,kafrck-vccn010:31090 kafrck-vccn011:31091 kafrck-vccn012:31092 kafrck-vccn013:31093 kafrck-vccn014:31094 kafrck-vccn010:31090 kafrck-vccn011:31091 kafrck-vccn012:31092 kafrck-vccn013:31093 kafrck-vccn014:31094
favorites-prd-rk2v,filebeat-6.4.2-1,,/etc/filebeat/filebeat.yml,null,/apps/tomcat-favorites/lib/log4j2.xml ,kafrck-vccn010:31090 kafrck-vccn011:31091 kafrck-vccn012:31092 kafrck-vccn013:31093 kafrck-vccn014:31094
favrck-vccn001,filebeat-6.7.0-1,,/etc/filebeat/filebeat.yml,null,/apps/tomcat-favorites/lib/log4j2.xml ,kafrck-vccn010:31090 kafrck-vccn011:31091 kafrck-vccn012:31092 kafrck-vccn013:31093 kafrck-vccn014:31094
favrck-vccn002,filebeat-6.7.0-1,,/etc/filebeat/filebeat.yml,null,/apps/tomcat-favorites/lib/log4j2.xml ,kafrck-vccn010:31090 kafrck-vccn011:31091 kafrck-vccn012:31092 kafrck-vccn013:31093 kafrck-vccn014:31094
feedgen-ca-prd-sac1v,filebeat-6.7.0-1,,/etc/filebeat/filebeat.yml,null,/apps/apmagents/appagent/conf/logging/log4j2.xml /apps/tomcat-oss-feedgen/lib/log4j2.xml ,telemetry
feedgen-prd-rk1v,filebeat-6.7.0-1,,/etc/filebeat/filebeat.yml,null,/apps/tomcat-oss-feedgen/lib/log4j2.xml ,telemetry
feedgen-prd-sac1v,filebeat-6.7.0-1,,/etc/filebeat/filebeat.yml,null,/apps/tomcat-oss-feedgen/lib/log4j2.xml ,telemetry
invadj-prdab-rk1v,filebeat-6.7.0-1,,/etc/filebeat/filebeat.yml,null,/apps/tomcat-invent-adjustment/lib/log4j2.xml ,kafash-vccn010:31090 kafash-vccn011:31091 kafash-vccn012:31092 kafash-vccn013:31093 kafash-vccn014:31094
invadj-prdrk-rk1v,filebeat-6.7.0-1,,/etc/filebeat/filebeat.yml,null,/apps/tomcat-invent-adjustment/lib/log4j2.xml ,kafrck-vccn010:31090 kafrck-vccn011:31091 kafrck-vccn012:31092 kafrck-vccn013:31093 kafrck-vccn014:31094
loyalty-prd-rk1v,filebeat-6.7.0-1,,/etc/filebeat/filebeat.yml,null,/apps/tomcat-loyalty/lib/log4j2.xml ,kafrck-vccn010:31090 kafrck-vccn011:31091 kafrck-vccn012:31092 kafrck-vccn013:31093 kafrck-vccn014:31094
loyalty-prd-rk2v,filebeat-6.7.0-1,,/etc/filebeat/filebeat.yml,null,/apps/tomcat-loyalty/lib/log4j2.xml ,kafrck-vccn010:31090 kafrck-vccn011:31091 kafrck-vccn012:31092 kafrck-vccn013:31093 kafrck-vccn014:31094
loyalty-prd-rk3v,filebeat-6.7.0-1,,/etc/filebeat/filebeat.yml,null,/apps/tomcat-loyalty/lib/log4j2.xml ,kafrck-vccn010:31090 kafrck-vccn011:31091 kafrck-vccn012:31092 kafrck-vccn013:31093 kafrck-vccn014:31094
loyash-vpcn001,filebeat-6.7.0-1,,/etc/filebeat/filebeat.yml,null,/apps/tomcat-loyalty/lib/log4j2.xml ,kafash-vccn010:31090 kafash-vccn011:31091 kafash-vccn012:31092 kafash-vccn013:31093 kafash-vccn014:31094
loyash-vpcn002,filebeat-6.7.0-1,,/etc/filebeat/filebeat.yml,null,/apps/tomcat-loyalty/lib/log4j2.xml ,kafash-vccn010:31090 kafash-vccn011:31091 kafash-vccn012:31092 kafash-vccn013:31093 kafash-vccn014:31094
loyash-vpcn003,filebeat-6.7.0-1,,/etc/filebeat/filebeat.yml,null,/apps/tomcat-loyalty/lib/log4j2.xml ,kafash-vccn010:31090 kafash-vccn011:31091 kafash-vccn012:31092 kafash-vccn013:31093 kafash-vccn014:31094
mg-preprd-ab1v,filebeat-6.4.2-1,,/etc/filebeat/filebeat.yml,null,/apps/tomcat/lib/log4j2.xml ,kafash-vccn010:31090 kafash-vccn011:31091 kafash-vccn012:31092 kafash-vccn013:31093 kafash-vccn014:31094
mg-preprd-rk1v,filebeat-6.4.2-1,,/etc/filebeat/filebeat.yml,null,/apps/tomcat/lib/log4j2.xml ,kafrck-vccn010:31090 kafrck-vccn011:31091 kafrck-vccn012:31092 kafrck-vccn013:31093 kafrck-vccn014:31094
ossrck-vccn007,filebeat-6.7.0-1,,/etc/filebeat/filebeat.yml,null,/apps/tomcat-oss-search-orchestrator/lib/log4j2.xml ,telemetry
pb-preprd-ab1v,filebeat-6.4.2-1,,/etc/filebeat/filebeat.yml,null,/apps/tomcat/lib/log4j2.xml ,kafash-vccn010:31090 kafash-vccn011:31091 kafash-vccn012:31092 kafash-vccn013:31093 kafash-vccn014:31094
pb-preprd-rk1v,filebeat-6.4.2-1,,/etc/filebeat/filebeat.yml,null,/apps/tomcat/lib/log4j2.xml ,kafrck-vccn010:31090 kafrck-vccn011:31091 kafrck-vccn012:31092 kafrck-vccn013:31093 kafrck-vccn014:31094
pk-preprd-ab1v,filebeat-6.4.2-1,,/etc/filebeat/filebeat.yml,null,/apps/tomcat/lib/log4j2.xml ,kafash-vccn010:31090 kafash-vccn011:31091 kafash-vccn012:31092 kafash-vccn013:31093 kafash-vccn014:31094
pk-preprd-rk1v,filebeat-6.4.2-1,,/etc/filebeat/filebeat.yml,null,/apps/tomcat/lib/log4j2.xml ,kafrck-vccn010:31090 kafrck-vccn011:31091 kafrck-vccn012:31092 kafrck-vccn013:31093 kafrck-vccn014:31094
pradmprdrk1v,filebeat-6.7.0-1,,/etc/filebeat/filebeat.yml,null,/apps/tomcat-pradm/lib/log4j2.xml ,telemetry
prarck-vpcn002,filebeat-6.7.0-1,,/etc/filebeat/filebeat.yml,null,/apps/tomcat-pradm/lib/log4j2.xml ,telemetry
prcash-vccn001,filebeat-6.7.0-1,,/etc/filebeat/filebeat.yml,elkrck-vccn009:5044 elkrck-vccn010:5044 elkrck-vccn011:5044,/apps/tomcat-pricing/lib/log4j2.xml ,kafrck-vicn017:31090 kafrck-vicn018:31091 kafrck-vicn019:31092 kafrck-vicn020:31093 kafrck-vicn021:31094
prcash-vccn002,filebeat-6.7.0-1,,/etc/filebeat/filebeat.yml,elkrck-vccn009:5044 elkrck-vccn010:5044 elkrck-vccn011:5044,/apps/tomcat-pricing/lib/log4j2.xml ,kafrck-vicn017:31090 kafrck-vicn018:31091 kafrck-vicn019:31092 kafrck-vicn020:31093 kafrck-vicn021:31094
prcash-vccn003,filebeat-6.7.0-1,,/etc/filebeat/filebeat.yml,elkrck-vccn009:5044 elkrck-vccn010:5044 elkrck-vccn011:5044,/apps/tomcat-pricing/lib/log4j2.xml ,kafrck-vicn017:31090 kafrck-vicn018:31091 kafrck-vicn019:31092 kafrck-vicn020:31093 kafrck-vicn021:31094
prcash-vccn004,filebeat-6.7.0-1,,/etc/filebeat/filebeat.yml,elkrck-vccn009:5044 elkrck-vccn010:5044 elkrck-vccn011:5044,/apps/tomcat-pricing/lib/log4j2.xml ,kafrck-vicn017:31090 kafrck-vicn018:31091 kafrck-vicn019:31092 kafrck-vicn020:31093 kafrck-vicn021:31094
prcash-vccn005,filebeat-6.7.0-1,,/etc/filebeat/filebeat.yml,elkrck-vccn009:5044 elkrck-vccn010:5044 elkrck-vccn011:5044,/apps/tomcat-pricing/lib/log4j2.xml ,kafrck-vicn017:31090 kafrck-vicn018:31091 kafrck-vicn019:31092 kafrck-vicn020:31093 kafrck-vicn021:31094
prcash-vccn006,filebeat-6.7.0-1,,/etc/filebeat/filebeat.yml,elkrck-vccn009:5044 elkrck-vccn010:5044 elkrck-vccn011:5044,/apps/tomcat-pricing/lib/log4j2.xml ,kafrck-vicn017:31090 kafrck-vicn018:31091 kafrck-vicn019:31092 kafrck-vicn020:31093 kafrck-vicn021:31094
prcrck-vccn001,filebeat-6.7.0-1,,/etc/filebeat/filebeat.yml,elkrck-vccn009:5044 elkrck-vccn010:5044 elkrck-vccn011:5044,/apps/tomcat-pricing/lib/log4j2.xml ,kafrck-vicn017:31090 kafrck-vicn018:31091 kafrck-vicn019:31092 kafrck-vicn020:31093 kafrck-vicn021:31094
prcrck-vccn002,filebeat-6.7.0-1,,/etc/filebeat/filebeat.yml,elkrck-vccn009:5044 elkrck-vccn010:5044 elkrck-vccn011:5044,/apps/tomcat-pricing/lib/log4j2.xml ,kafrck-vicn017:31090 kafrck-vicn018:31091 kafrck-vicn019:31092 kafrck-vicn020:31093 kafrck-vicn021:31094
prcrck-vccn003,filebeat-6.7.0-1,,/etc/filebeat/filebeat.yml,elkrck-vccn009:5044 elkrck-vccn010:5044 elkrck-vccn011:5044,/apps/tomcat-pricing/lib/log4j2.xml ,kafrck-vicn017:31090 kafrck-vicn018:31091 kafrck-vicn019:31092 kafrck-vicn020:31093 kafrck-vicn021:31094
prcrck-vccn004,filebeat-6.7.0-1,,/etc/filebeat/filebeat.yml,elkrck-vccn009:5044 elkrck-vccn010:5044 elkrck-vccn011:5044,/apps/tomcat-pricing/lib/log4j2.xml ,kafrck-vicn017:31090 kafrck-vicn018:31091 kafrck-vicn019:31092 kafrck-vicn020:31093 kafrck-vicn021:31094
prcrck-vccn005,filebeat-6.7.0-1,,/etc/filebeat/filebeat.yml,elkrck-vccn009:5044 elkrck-vccn010:5044 elkrck-vccn011:5044,/apps/tomcat-pricing/lib/log4j2.xml ,kafrck-vicn017:31090 kafrck-vicn018:31091 kafrck-vicn019:31092 kafrck-vicn020:31093 kafrck-vicn021:31094
prcrck-vccn006,filebeat-6.7.0-1,,/etc/filebeat/filebeat.yml,elkrck-vccn009:5044 elkrck-vccn010:5044 elkrck-vccn011:5044,/apps/tomcat-pricing/lib/log4j2.xml ,kafrck-vicn017:31090 kafrck-vicn018:31091 kafrck-vicn019:31092 kafrck-vicn020:31093 kafrck-vicn021:31094
prcrck-vccn007,filebeat-6.7.0-1,,/etc/filebeat/filebeat.yml,elkrck-vccn009:5044 elkrck-vccn010:5044 elkrck-vccn011:5044,/apps/tomcat-pricing/lib/log4j2.xml ,kafrck-vicn017:31090 kafrck-vicn018:31091 kafrck-vicn019:31092 kafrck-vicn020:31093 kafrck-vicn021:31094
prcrck-vccn008,filebeat-6.7.0-1,,/etc/filebeat/filebeat.yml,elkrck-vccn009:5044 elkrck-vccn010:5044 elkrck-vccn011:5044,/apps/tomcat-pricing/lib/log4j2.xml ,kafrck-vicn017:31090 kafrck-vicn018:31091 kafrck-vicn019:31092 kafrck-vicn020:31093 kafrck-vicn021:31094
prcrck-vccn009,filebeat-6.7.0-1,,/etc/filebeat/filebeat.yml,elkrck-vccn009:5044 elkrck-vccn010:5044 elkrck-vccn011:5044,/apps/tomcat-pricing/lib/log4j2.xml ,kafrck-vicn017:31090 kafrck-vicn018:31091 kafrck-vicn019:31092 kafrck-vicn020:31093 kafrck-vicn021:31094
prcrck-vicn008,filebeat-6.7.0-1,,/etc/filebeat/filebeat.yml,null,/apps/tomcat-pricing/lib/log4j2.xml ,kafrck-vicn017:31090 kafrck-vicn018:31091 kafrck-vicn019:31092 kafrck-vicn020:31093 kafrck-vicn021:31094
prcrck-vicn009,filebeat-6.7.0-1,,/etc/filebeat/filebeat.yml,null,/apps/tomcat-pricing/lib/log4j2.xml ,kafrck-vicn017:31090 kafrck-vicn018:31091 kafrck-vicn019:31092 kafrck-vicn020:31093 kafrck-vicn021:31094
prcrck-vicn011,filebeat-6.5.4-1,,/etc/filebeat/filebeat.yml,kafrck-vicn017:31090 kafrck-vicn018:31091 kafrck-vicn019:31092 kafrck-vicn020:31093 kafrck-vicn021:31094,/apps/tomcat-pricing/lib/log4j2.xml ,kafrck-vicn017:31090 kafrck-vicn018:31091 kafrck-vicn019:31092 kafrck-vicn020:31093 kafrck-vicn021:31094
prcrck-vicn012,filebeat-6.5.4-1,,/etc/filebeat/filebeat.yml,kafrck-vicn017:31090 kafrck-vicn018:31091 kafrck-vicn019:31092 kafrck-vicn020:31093 kafrck-vicn021:31094,/apps/tomcat-pricing/lib/log4j2.xml ,kafrck-vicn017:31090 kafrck-vicn018:31091 kafrck-vicn019:31092 kafrck-vicn020:31093 kafrck-vicn021:31094
prcrck-vicn013,filebeat-6.5.4-1,,/etc/filebeat/filebeat.yml,kafrck-vicn017:31090 kafrck-vicn018:31091 kafrck-vicn019:31092 kafrck-vicn020:31093 kafrck-vicn021:31094,/apps/tomcat-pricing/lib/log4j2.xml ,kafrck-vicn017:31090 kafrck-vicn018:31091 kafrck-vicn019:31092 kafrck-vicn020:31093 kafrck-vicn021:31094
prcrck-vicn014,filebeat-6.5.4-1,,/etc/filebeat/filebeat.yml,kafrck-vicn017:31090 kafrck-vicn018:31091 kafrck-vicn019:31092 kafrck-vicn020:31093 kafrck-vicn021:31094,/apps/tomcat-pricing/lib/log4j2.xml ,kafrck-vicn017:31090 kafrck-vicn018:31091 kafrck-vicn019:31092 kafrck-vicn020:31093 kafrck-vicn021:31094
prcrck-vicn015,filebeat-6.5.4-1,,/etc/filebeat/filebeat.yml,kafrck-vicn017:31090 kafrck-vicn018:31091 kafrck-vicn019:31092 kafrck-vicn020:31093 kafrck-vicn021:31094,/apps/tomcat-pricing/lib/log4j2.xml ,kafrck-vicn017:31090 kafrck-vicn018:31091 kafrck-vicn019:31092 kafrck-vicn020:31093 kafrck-vicn021:31094
prcrck-vicn016,filebeat-6.5.4-1,,/etc/filebeat/filebeat.yml,null,/apps/tomcat-pricing/lib/log4j2.xml ,kafrck-vicn017:31090 kafrck-vicn018:31091 kafrck-vicn019:31092 kafrck-vicn020:31093 kafrck-vicn021:31094
prcrck-vpcn001,filebeat-6.7.0-1,,/etc/filebeat/filebeat.yml,null,/apps/tomcat-pricing/lib/log4j2.xml ,kafrck-vicn017:31090 kafrck-vicn018:31091 kafrck-vicn019:31092 kafrck-vicn020:31093 kafrck-vicn021:31094
prcrck-vpcn002,filebeat-6.7.0-1,,/etc/filebeat/filebeat.yml,null,/apps/tomcat-pricing/lib/log4j2.xml ,kafrck-vicn017:31090 kafrck-vicn018:31091 kafrck-vicn019:31092 kafrck-vicn020:31093 kafrck-vicn021:31094
prcrck-vpcn003,filebeat-6.7.0-1,,/etc/filebeat/filebeat.yml,null,/apps/tomcat-pricing/lib/log4j2.xml ,kafrck-vicn017:31090 kafrck-vicn018:31091 kafrck-vicn019:31092 kafrck-vicn020:31093 kafrck-vicn021:31094
prcrck-vpcn004,filebeat-6.7.0-1,,/etc/filebeat/filebeat.yml,null,/apps/tomcat-pricing/lib/log4j2.xml ,kafrck-vicn017:31090 kafrck-vicn018:31091 kafrck-vicn019:31092 kafrck-vicn020:31093 kafrck-vicn021:31094
prcrck-vpcn005,filebeat-6.7.0-1,,/etc/filebeat/filebeat.yml,null,/apps/tomcat-pricing/lib/log4j2.xml ,kafrck-vicn017:31090 kafrck-vicn018:31091 kafrck-vicn019:31092 kafrck-vicn020:31093 kafrck-vicn021:31094
proash-vccn004,filebeat-6.7.0-1,,/etc/filebeat/filebeat.yml,null,/apps/tomcat-profile/lib/log4j2.xml ,kafash-vccn010:31090 kafash-vccn011:31091 kafash-vccn012:31092 kafash-vccn013:31093 kafash-vccn014:31094
proash-vccn005,filebeat-6.7.0-1,,/etc/filebeat/filebeat.yml,null,/apps/tomcat-profile/lib/log4j2.xml ,kafash-vccn010:31090 kafash-vccn011:31091 kafash-vccn012:31092 kafash-vccn013:31093 kafash-vccn014:31094
proash-vccn006,filebeat-6.7.0-1,,/etc/filebeat/filebeat.yml,null,/apps/tomcat-profile/lib/log4j2.xml ,kafash-vccn010:31090 kafash-vccn011:31091 kafash-vccn012:31092 kafash-vccn013:31093 kafash-vccn014:31094
prorck-vccn004,filebeat-6.7.0-1,,/etc/filebeat/filebeat.yml,elkrck-vccn009:5044 elkrck-vccn010:5044 elkrck-vccn011:5044,/apps/tomcat-profile/lib/log4j2.xml ,kafrck-vccn010:31090 kafrck-vccn011:31091 kafrck-vccn012:31092 kafrck-vccn013:31093 kafrck-vccn014:31094
prorck-vccn005,filebeat-6.7.0-1,,/etc/filebeat/filebeat.yml,null,/apps/tomcat-profile/lib/log4j2.xml ,kafrck-vccn010:31090 kafrck-vccn011:31091 kafrck-vccn012:31092 kafrck-vccn013:31093 kafrck-vccn014:31094
prorck-vccn006,filebeat-6.7.0-1,,/etc/filebeat/filebeat.yml,null,/apps/tomcat-profile/lib/log4j2.xml ,kafrck-vccn010:31090 kafrck-vccn011:31091 kafrck-vccn012:31092 kafrck-vccn013:31093 kafrck-vccn014:31094
prprck-vccn003,filebeat-6.7.0-1,,/etc/filebeat/filebeat.yml,elkrck-vccn009:5044 elkrck-vccn010:5044 elkrck-vccn011:5044,/apps/tomcat-pricing/lib/log4j2.xml /apps/staging/drop/log4j2.xml /apps/z_tomcat-pricing/lib/log4j2.xml ,kafrck-vicn017:31090 kafrck-vicn018:31091 kafrck-vicn019:31092 kafrck-vicn020:31093 kafrck-vicn021:31094 kafrck-vicn017:31090 kafrck-vicn018:31091 kafrck-vicn019:31092 kafrck-vicn020:31093 kafrck-vicn021:31094 kafrck-vicn017:31090 kafrck-vicn018:31091 kafrck-vicn019:31092 kafrck-vicn020:31093 kafrck-vicn021:31094
prprck-vccn004,filebeat-6.7.0-1,,/etc/filebeat/filebeat.yml,elkrck-vccn009:5044 elkrck-vccn010:5044 elkrck-vccn011:5044,/apps/tomcat-pricing/lib/log4j2.xml /apps/z_tomcat-pricing/lib/log4j2.xml ,kafrck-vicn017:31090 kafrck-vicn018:31091 kafrck-vicn019:31092 kafrck-vicn020:31093 kafrck-vicn021:31094 kafrck-vicn017:31090 kafrck-vicn018:31091 kafrck-vicn019:31092 kafrck-vicn020:31093 kafrck-vicn021:31094
prprck-vccn005,filebeat-6.7.0-1,,/etc/filebeat/filebeat.yml,elkrck-vccn009:5044 elkrck-vccn010:5044 elkrck-vccn011:5044,/apps/tomcat-pricing/lib/log4j2.xml /apps/staging/drop/log4j2.xml ,kafrck-vicn017:31090 kafrck-vicn018:31091 kafrck-vicn019:31092 kafrck-vicn020:31093 kafrck-vicn021:31094 kafrck-vicn017:31090 kafrck-vicn018:31091 kafrck-vicn019:31092 kafrck-vicn020:31093 kafrck-vicn021:31094
pt-preprd-ab1v,filebeat-6.4.2-1,,/etc/filebeat/filebeat.yml,null,/apps/tomcat/lib/log4j2.xml ,kafash-vccn010:31090 kafash-vccn011:31091 kafash-vccn012:31092 kafash-vccn013:31093 kafash-vccn014:31094
pt-preprd-rk1v,filebeat-6.4.2-1,,/etc/filebeat/filebeat.yml,null,/apps/tomcat/lib/log4j2.xml ,kafrck-vccn010:31090 kafrck-vccn011:31091 kafrck-vccn012:31092 kafrck-vccn013:31093 kafrck-vccn014:31094
publisher-prd-rk1v,filebeat-6.4.2-1,,/etc/filebeat/filebeat.yml,null,/apps/tomcat-publisher/lib/log4j2.xml ,kafrck-vccn010:31090 kafrck-vccn011:31091 kafrck-vccn012:31092 kafrck-vccn013:31093 kafrck-vccn014:31094 kafrck-vccn010:31090 kafrck-vccn011:31091 kafrck-vccn012:31092 kafrck-vccn013:31093 kafrck-vccn014:31094
regash-vccn001,filebeat-6.7.0-1,,/etc/filebeat/filebeat.yml,null,/apps/apmagents-4.0.4/appagent/conf/logging/log4j2.xml /apps/tomcat-registry-fdn/lib/log4j2.xml ,telemetry
regash-vccn002,filebeat-6.7.0-1,,/etc/filebeat/filebeat.yml,null,/apps/apmagents/appagent/conf/logging/log4j2.xml /apps/tomcat-registry-fdn/lib/log4j2.xml /apps/ecimages/test/tomcat-registry-fdn/lib/log4j2.xml ,telemetry telemetry
regash-vccn003,filebeat-6.7.0-1,,/etc/filebeat/filebeat.yml,null,/apps/tomcat-registry/lib/log4j2.xml ,kafash-vccn010:31090 kafash-vccn011:31091 kafash-vccn012:31092 kafash-vccn013:31093 kafash-vccn014:31094
regash-vccn004,filebeat-6.7.0-1,,/etc/filebeat/filebeat.yml,null,/apps/tomcat-registry/lib/log4j2.xml ,kafash-vccn010:31090 kafash-vccn011:31091 kafash-vccn012:31092 kafash-vccn013:31093 kafash-vccn014:31094
regrck-vccn004,filebeat-6.7.0-1,,/etc/filebeat/filebeat.yml,null,/apps/apmagents/appagent/conf/logging/log4j2.xml /apps/tomcat-registry-fdn/lib/log4j2.xml /apps/tomcat.old/lib/log4j2.xml ,telemetry telemetry
regrck-vccn005,filebeat-6.7.0-1,,/etc/filebeat/filebeat.yml,null,/apps/apmagents/appagent/conf/logging/log4j2.xml /apps/tomcat-registry-fdn/lib/log4j2.xml /apps/tomcat.old/lib/log4j2.xml ,telemetry telemetry
regrck-vccn006,filebeat-6.7.0-1,,/etc/filebeat/filebeat.yml,null,/apps/apmagents/log4j2.xml /apps/tomcat-registry/lib/log4j2.xml ,kafrck-vccn010:31090 kafrck-vccn011:31091 kafrck-vccn012:31092 kafrck-vccn013:31093 kafrck-vccn014:31094
regrck-vccn007,filebeat-6.7.0-1,,/etc/filebeat/filebeat.yml,null,/apps/tomcat-registry/lib/log4j2.xml ,kafrck-vccn010:31090 kafrck-vccn011:31091 kafrck-vccn012:31092 kafrck-vccn013:31093 kafrck-vccn014:31094
sccext-prd-sac1v,filebeat-6.4.2-1,,/etc/filebeat/filebeat.yml,null,/apps/tomcat-sccext/lib/log4j2.xml ,telemetry
sccrck-vpcn001,filebeat-6.7.0-1,,/etc/filebeat/filebeat.yml,null,/apps/tomcat-sccint/lib/log4j2.xml ,kafrck-vccn010:31090 kafrck-vccn011:31091 kafrck-vccn012:31092 kafrck-vccn013:31093 kafrck-vccn014:31094
sccrck-vpcn002,filebeat-6.7.0-1,,/etc/filebeat/filebeat.yml,null,/apps/tomcat-sccint_bkp_27June2022/lib/log4j2.xml /apps/tomcat-sccint/lib/log4j2.xml ,kafrck-vccn010:31090 kafrck-vccn011:31091 kafrck-vccn012:31092 kafrck-vccn013:31093 kafrck-vccn014:31094 kafrck-vccn010:31090 kafrck-vccn011:31091 kafrck-vccn012:31092 kafrck-vccn013:31093 kafrck-vccn014:31094
sccrck-vpcn003,filebeat-6.7.0-1,,/etc/filebeat/filebeat.yml,null,/apps/tomcat-sccext/lib/log4j2.xml /apps/tomcat-sccext_bkp_27June2022/lib/log4j2.xml ,kafrck-vccn010:31090 kafrck-vccn011:31091 kafrck-vccn012:31092 kafrck-vccn013:31093 kafrck-vccn014:31094 kafrck-vccn010:31090 kafrck-vccn011:31091 kafrck-vccn012:31092 kafrck-vccn013:31093 kafrck-vccn014:31094
sccrck-vpcn004,filebeat-6.5.4-1,,/etc/filebeat/filebeat.yml,null,/apps/tomcat-sccext/lib/log4j2.xml ,kafrck-vccn010:31090 kafrck-vccn011:31091 kafrck-vccn012:31092 kafrck-vccn013:31093 kafrck-vccn014:31094
sccrck-vpcn005,filebeat-6.5.4-1,,/etc/filebeat/filebeat.yml,null,/apps/tomcat-sccext/lib/log4j2.xml ,kafrck-vccn010:31090 kafrck-vccn011:31091 kafrck-vccn012:31092 kafrck-vccn013:31093 kafrck-vccn014:31094
search-orchestrator-ca-prd-sac1v,filebeat-6.7.0-1,,/etc/filebeat/filebeat.yml,null,/apps/tomcat-oss-search-orchestrator/lib/log4j2.xml ,telemetry
search-publisher-ca-prd-sac1v,filebeat-6.7.0-1,,/etc/filebeat/filebeat.yml,null,/apps/tomcat-oss-search-publisher/lib/log4j2.xml ,telemetry
search-publisher-prd-rk1v,filebeat-6.7.0-1,,/etc/filebeat/filebeat.yml,null,/apps/tomcat-oss-search-publisher/lib/log4j2.xml ,telemetry
wahrck-vpcn001,filebeat-6.7.0-1,,/etc/filebeat/filebeat.yml,null,/apps/tomcat-oauth/lib/log4j2.xml ,kafrck-vccn010:31090 kafrck-vccn011:31091 kafrck-vccn012:31092 kafrck-vccn013:31093 kafrck-vccn014:31094
wcmrck-vccn003,filebeat-6.7.0-1,,/etc/filebeat/filebeat.yml,null,/apps/tomcat/lib/log4j2.xml ,telemetry
wcmrck-vccn005,filebeat-6.7.0-1,,/etc/filebeat/filebeat.yml,null,/apps/tomcat/lib/log4j2.xml ,telemetry
wcmrck-vccn006,filebeat-6.7.0-1,,/etc/filebeat/filebeat.yml,null,/apps/tomcat/lib/log4j2.xml ,telemetry
wcmrck-vccn009,filebeat-6.7.0-1,,/etc/filebeat/filebeat.yml,null,/apps/tomcat/lib/log4j2.xml ,telemetry
we-prd-ab10v,filebeat-6.7.0-1,,/etc/filebeat/filebeat.yml,null,/apps/tomcat/lib/log4j2.xml ,kafash-vccn010:31090 kafash-vccn011:31091 kafash-vccn012:31092 kafash-vccn013:31093 kafash-vccn014:31094
we-prd-ab1v,filebeat-6.7.0-1,,/etc/filebeat/filebeat.yml,null,/apps/tomcat/lib/log4j2.xml ,kafash-vccn010:31090 kafash-vccn011:31091 kafash-vccn012:31092 kafash-vccn013:31093 kafash-vccn014:31094
we-prd-ab2v,filebeat-6.7.0-1,,/etc/filebeat/filebeat.yml,null,/apps/tomcat/lib/log4j2.xml ,kafash-vccn010:31090 kafash-vccn011:31091 kafash-vccn012:31092 kafash-vccn013:31093 kafash-vccn014:31094
we-prd-ab3v,filebeat-6.7.0-1,,/etc/filebeat/filebeat.yml,null,/apps/tomcat/lib/log4j2.xml ,kafash-vccn010:31090 kafash-vccn011:31091 kafash-vccn012:31092 kafash-vccn013:31093 kafash-vccn014:31094
we-prd-ab4v,filebeat-6.7.0-1,,/etc/filebeat/filebeat.yml,null,/apps/tomcat/lib/log4j2.xml ,kafash-vccn010:31090 kafash-vccn011:31091 kafash-vccn012:31092 kafash-vccn013:31093 kafash-vccn014:31094
we-prd-ab5v,filebeat-6.7.0-1,,/etc/filebeat/filebeat.yml,null,/apps/tomcat/lib/log4j2.xml ,kafash-vccn010:31090 kafash-vccn011:31091 kafash-vccn012:31092 kafash-vccn013:31093 kafash-vccn014:31094
we-prd-ab6v,filebeat-6.7.0-1,,/etc/filebeat/filebeat.yml,null,/apps/tomcat/lib/log4j2.xml ,kafash-vccn010:31090 kafash-vccn011:31091 kafash-vccn012:31092 kafash-vccn013:31093 kafash-vccn014:31094
we-prd-ab7v,filebeat-6.7.0-1,,/etc/filebeat/filebeat.yml,null,/apps/tomcat/lib/log4j2.xml ,kafash-vccn010:31090 kafash-vccn011:31091 kafash-vccn012:31092 kafash-vccn013:31093 kafash-vccn014:31094
we-prd-ab8v,filebeat-6.7.0-1,,/etc/filebeat/filebeat.yml,null,/apps/tomcat/lib/log4j2.xml ,kafash-vccn010:31090 kafash-vccn011:31091 kafash-vccn012:31092 kafash-vccn013:31093 kafash-vccn014:31094
we-prd-ab9v,filebeat-6.7.0-1,,/etc/filebeat/filebeat.yml,null,/apps/tomcat/lib/log4j2.xml ,kafash-vccn010:31090 kafash-vccn011:31091 kafash-vccn012:31092 kafash-vccn013:31093 kafash-vccn014:31094
we-preprd-ab1v,filebeat-6.4.2-1,,/etc/filebeat/filebeat.yml,null,/apps/tomcat/lib/log4j2.xml ,kafash-vccn010:31090 kafash-vccn011:31091 kafash-vccn012:31092 kafash-vccn013:31093 kafash-vccn014:31094
webash-vccn001,filebeat-6.4.2-1,,/etc/filebeat/filebeat.yml,null,/apps/tomcat-oauth/lib/log4j2.xml ,kafash-vccn010:31090 kafash-vccn011:31091 kafash-vccn012:31092 kafash-vccn013:31093 kafash-vccn014:31094
webauth-prd-ab01v,filebeat-6.4.2-1,,/etc/filebeat/filebeat.yml,null,/apps/tomcat-oauth/lib/log4j2.xml ,kafash-vccn010:31090 kafash-vccn011:31091 kafash-vccn012:31092 kafash-vccn013:31093 kafash-vccn014:31094
webauth-prd-ab02v,filebeat-6.4.2-1,,/etc/filebeat/filebeat.yml,null,/apps/tomcat-oauth/lib/log4j2.xml ,kafash-vccn010:31090 kafash-vccn011:31091 kafash-vccn012:31092 kafash-vccn013:31093 kafash-vccn014:31094
webauth-prd-rk01v,filebeat-6.4.2-1,,/etc/filebeat/filebeat.yml,null,/apps/tomcat-oauth/lib/log4j2.xml ,kafrck-vccn010:31090 kafrck-vccn011:31091 kafrck-vccn012:31092 kafrck-vccn013:31093 kafrck-vccn014:31094
webauth-prd-rk02v,filebeat-6.4.2-1,,/etc/filebeat/filebeat.yml,null,/apps/tomcat-oauth/lib/log4j2.xml ,kafrck-vccn010:31090 kafrck-vccn011:31091 kafrck-vccn012:31092 kafrck-vccn013:31093 kafrck-vccn014:31094
webrck-vccn001,filebeat-6.4.2-1,,/etc/filebeat/filebeat.yml,null,/apps/tomcat-oauth/lib/log4j2.xml ,kafrck-vccn010:31090 kafrck-vccn011:31091 kafrck-vccn012:31092 kafrck-vccn013:31093 kafrck-vccn014:31094
ws-preprd-ab1v,filebeat-6.4.2-1,,/etc/filebeat/filebeat.yml,null,/apps/tomcat/lib/log4j2.xml ,kafash-vccn010:31090 kafash-vccn011:31091 kafash-vccn012:31092 kafash-vccn013:31093 kafash-vccn014:31094
ws-preprd-rk1v,filebeat-6.4.2-1,,/etc/filebeat/filebeat.yml,null,/apps/tomcat/lib/log4j2.xml ,kafrck-vccn010:31090 kafrck-vccn011:31091 kafrck-vccn012:31092 kafrck-vccn013:31093 kafrck-vccn014:31094