Please create the following A records in DNS and VIPs on the F5 load balancers; you can model these on the existing QA VIPs
Jira: mead-12204

A records/VIPS,,,Node,Ports
vip_qa38_mg, IN A, origin-www.qa38.markandgraham.com,mg-intdev38-rk1v, 80 49446
vip_qa38_pb, IN A, origin-www.qa38.potterybarn.com,pb-intdev38-rk1v, 80 49446
vip_qa38_pk, IN A, origin-www.qa38.potterybarnkids.com,pk-intdev38-rk1v, 80 49446
vip_qa38_pt, IN A, origin-www.qa38.pbteen.com,pt-intdev38-rk1v, 80 49446
vip_qa38_we, IN A, origin-www.qa38.westelm.com,we-intdev38-rk1v, 80 49446
vip_qa38_ws, IN A, origin-www.qa38.williams-sonoma.com,ws-intdev38-rk1v, 80 49446

