Please create the following A records in DNS and VIPs on the F5 load balancers; you can model these on the existing QA VIPs.  Use the 'Sitecode_ignore' node health rule for the VIPs

A records/VIPS,,,Node,Ports
vip_qa41_mg_com,IN A,origin-www.qa41.markandgraham.com,efesac-vicn007.wsgc.com,80 49446
vip_qa41_pb_com,IN A,origin-www.qa41.potterybarn.com,efesac-vicn008.wsgc.com,80 49446
vip_qa41_pk_com,IN A,origin-www.qa41.potterybarnkids.com,efesac-vicn009.wsgc.com,80 49446
vip_qa41_pt_com,IN A,origin-www.qa41.pbteen.com,efesac-vicn010.wsgc.com,80 49446
vip_qa41_we_com,IN A,origin-www.qa41.westelm.com,efesac-vicn011.wsgc.com,80 49446
vip_qa41_ws_com,IN A,origin-www.qa41.williams-sonoma.com,efesac-vicn012.wsgc.com,80 49446

Jira: https://jira.wsgc.com/browse/mead-32552

