Please create/update the following A records in DNS and VIPs on the F5 load balancers; you can model these on the existing QA VIPs.  Use the 'Sitecode_ignore' node health rule for the VIPs

A records/VIPS,,,Node,Ports
vip_cauat7_pb_ca,IN A,origin-www.uat7.potterybarn.ca,10.130.210.80,80 49446
vip_cauat7_pk_ca,IN A,origin-www.uat7.potterybarnkids.ca,10.130.210.83,80 49446
vip_cauat7_pt_ca,IN A,origin-www.uat7.pbteen.ca,10.130.210.81,80 49446
vip_cauat7_we_ca,IN A,origin-www.uat7.westelm.ca,10.130.210.82,80 49446
vip_cauat7_ws_ca,IN A,origin-www.uat7.williams-sonoma.ca,10.130.210.84,80 49446

Jira: https://jira.wsgc.com/browse/mead-34219

