Please create the following A records in DNS and VIPs on the F5 load balancers; you can model these on the existing QA VIPs.  Use the 'Sitecode_ignore' node health rule for the VIPs

A records/VIPS,,,Node,Ports
vip_qa3_mg_com, IN A, origin-www.qa3.markandgraham.com, dparck-vicn028.wsgc.com, 80 49446
vip_qa3_pb_com, IN A, origin-www.qa3.potterybarn.com, dparck-vicn198.wsgc.com, 80 49446
vip_qa3_pk_com, IN A, origin-www.qa3.potterybarnkids.com, dparck-vicn064.wsgc.com, 80 49446
vip_qa3_pt_com, IN A, origin-www.qa3.pbteen.com, dparck-vicn169.wsgc.com, 80 49446
vip_qa3_we_com, IN A, origin-www.qa3.westelm.com, dparck-vicn255.wsgc.com, 80 49446
vip_qa3_ws_com, IN A, origin-www.qa3.williams-sonoma.com, dparck-vicn292.wsgc.com, 80 49446

Jira: https://jira.wsgc.com/browse/mead-32551

