Please create the following A records in DNS and VIPs on the F5 load balancers; you can model these on the existing QA VIPs.  Use the 'Sitecode_ignore' node health rule for the VIPs

A records/VIPS,,,Node,Ports
vip_rgs2_mg_com, IN A, origin-regression2.markandgraham.com,mg-rgs2-rk1v.wsgc.com, 80 49446
vip_rgs2_pb_com, IN A, origin-regression2.potterybarn.com,pb-rgs2-rk1v.wsgc.com, 80 49446
vip_rgs2_pk_com, IN A, origin-regression2.potterybarnkids.com,pk-rgs2-rk1v.wsgc.com, 80 49446
vip_rgs2_pt_com, IN A, origin-regression2.pbteen.com,pt-rgs2-rk1v.wsgc.com, 80 49446
vip_rgs2_we_com, IN A, origin-regression2.westelm.com,we-rgs2-rk1v.wsgc.com, 80 49446
vip_rgs2_ws_com, IN A, origin-regression2.williams-sonoma.com,ws-rgs2-rk1v.wsgc.com, 80 49446

Jira: mead-25126

