Please update the following A records in DNS and VIPs on the F5 load balancers; you can model these on the existing QA VIPs

A records/VIPS,,,Node,Ports
vip_uat1_pb_ca, IN A, origin-www.uat1.potterybarn.ca,pb-cauat1-rk1v.wsgc.com, 80 49446
vip_uat1_pk_ca, IN A, origin-www.uat1.potterybarnkids.ca,pk-cauat1-rk1v.wsgc.com, 80 49446
vip_uat1_we_ca, IN A, origin-www.uat1.westelm.ca,we-cauat1-rk1v.wsgc.com, 80 49446
vip_uat1_ws_ca, IN A, origin-www.uat1.williams-sonoma.ca,ws-cauat1-rk1v.wsgc.com, 80 49446

Jira: mead-21978

