Please create the following A records in DNS and VIPs on the F5 load balancers; you can model these on the existing QA VIPs
Jira: mead-12415

A records/VIPS,,,Node,Ports
vip_stg1_mg, IN A, origin-www.stg1.markandgraham.com,mg-stg1-rk1v, 80 49446
vip_stg1_pb, IN A, origin-www.stg1.potterybarn.com,pb-stg1-rk1v, 80 49446
vip_stg1_pk, IN A, origin-www.stg1.potterybarnkids.com,pk-stg1-rk1v, 80 49446
vip_stg1_pt, IN A, origin-www.stg1.pbteen.com,pt-stg1-rk1v, 80 49446
vip_stg1_we, IN A, origin-www.stg1.westelm.com,we-stg1-rk1v, 80 49446
vip_stg1_ws, IN A, origin-www.stg1.williams-sonoma.com,ws-stg1-rk1v, 80 49446

