Please create the following A records in DNS and VIPs on the F5 load balancers; you can model these on the existing QA VIPs
Jira: mead-15806

A records/VIPS,,,Node,Ports
vip_bpv_mg, IN A, origin-www.bpv.markandgraham.com,mg-bpv-sac1v.wsgc.com, 80 49446
vip_bpv_pb, IN A, origin-www.bpv.potterybarn.com,pb-bpv-sac1v.wsgc.com, 80 49446
vip_bpv_pk, IN A, origin-www.bpv.potterybarnkids.com,pk-bpv-sac1v.wsgc.com, 80 49446
vip_bpv_pt, IN A, origin-www.bpv.pbteen.com,pt-bpv-sac1v.wsgc.com, 80 49446
vip_bpv_we, IN A, origin-www.bpv.westelm.com,we-bpv-sac1v.wsgc.com, 80 49446
vip_bpv_ws, IN A, origin-www.bpv.williams-sonoma.com,ws-bpv-sac1v.wsgc.com, 80 49446

