Please create the following A records in DNS and VIPs on the F5 load balancers; you can model these on the existing QA VIPs

A records/VIPS,,,Node,Ports
vip_qa11_pb_ca, IN A, origin-www.qa11.potterybarn.ca,pb-caqa11-rk1v.wsgc.com, 80 49446
vip_qa11_pk_ca, IN A, origin-www.qa11.potterybarnkids.ca,pk-caqa11-rk1v.wsgc.com, 80 49446
vip_qa11_we_ca, IN A, origin-www.qa11.westelm.ca,we-caqa11-rk1v.wsgc.com, 80 49446
vip_qa11_ws_ca, IN A, origin-www.qa11.williams-sonoma.ca,ws-caqa11-rk1v.wsgc.com, 80 49446

Jira: mead-21157

