Please create the following A records in DNS and VIPs on the F5 load balancers; you can model these on the existing QA VIPs

A records/VIPS,,,Node,Ports
vip_bpv_pb_ca, IN A, origin-www.bpv.potterybarn.ca,pb-cabpv-rk1v.wsgc.com, 80 49446
vip_bpv_pk_ca, IN A, origin-www.bpv.potterybarnkids.ca,pk-cabpv-rk1v.wsgc.com, 80 49446
vip_bpv_we_ca, IN A, origin-www.bpv.westelm.ca,we-cabpv-rk1v.wsgc.com, 80 49446
vip_bpv_ws_ca, IN A, origin-www.bpv.williams-sonoma.ca,ws-cabpv-rk1v.wsgc.com, 80 49446

Jira: mead-23372

