Please create the following A records in DNS and VIPs on the F5 load balancers; you can model these on the existing QA VIPs
Jira: mead-16425

A records/VIPS,,,Node,Ports
vip_qa51_mg, IN A, origin-www.qa51.markandgraham.com,mg-intdev51-sac1v, 80 49446
vip_qa51_pb, IN A, origin-www.qa51.potterybarn.com,pb-intdev51-sac1v, 80 49446
vip_qa51_pk, IN A, origin-www.qa51.potterybarnkids.com,pk-intdev51-sac1v, 80 49446
vip_qa51_pt, IN A, origin-www.qa51.pbteen.com,pt-intdev51-sac1v, 80 49446
vip_qa51_we, IN A, origin-www.qa51.westelm.com,we-intdev51-sac1v, 80 49446
vip_qa51_ws, IN A, origin-www.qa51.williams-sonoma.com,ws-intdev51-sac1v, 80 49446
