Please update the following CNAMEs in DNS

www.uat7.potterybarn.ca,IN CNAME,slot5302.wsgc.com.edgekey.net.wsgc.com.edgekey.net
www.uat7.potterybarnkids.ca,IN CNAME,slot5302.wsgc.com.edgekey.net.wsgc.com.edgekey.net
www.uat7.pbteen.ca,IN CNAME,slot5302.wsgc.com.edgekey.net.wsgc.com.edgekey.net
www.uat7.westelm.ca,IN CNAME,slot5302.wsgc.com.edgekey.net.wsgc.com.edgekey.net
www.uat7.williams-sonoma.ca,IN CNAME,slot5302.wsgc.com.edgekey.net.wsgc.com.edgekey.net

Jira: https://jira.wsgc.com/browse/mead-34219

