Please update the following A records in DNS and VIPs on the F5 load balancers; you can model these on the existing QA VIPs

A records/VIPS,,,Node,Ports
vip_uat4_pb_ca, IN A, origin-www.uat4.potterybarn.ca,pb-cauat4-rk1v.wsgc.com, 80 49446
vip_uat4_pk_ca, IN A, origin-www.uat4.potterybarnkids.ca,pk-cauat4-rk1v.wsgc.com, 80 49446
vip_uat4_we_ca, IN A, origin-www.uat4.westelm.ca,we-cauat4-rk1v.wsgc.com, 80 49446
vip_uat4_ws_ca, IN A, origin-www.uat4.williams-sonoma.ca,ws-cauat4-rk1v.wsgc.com, 80 49446

Jira: mead-21977

