Please create the following A records in DNS and VIPs on the F5 load balancers; you can model these on the existing QA VIPs
Jira: mead-16425

A records/VIPS,,,Node,Ports
vip_qa50_mg, IN A, origin-www.qa50.markandgraham.com,mg-intdev50-sac1v, 80 49446
vip_qa50_pb, IN A, origin-www.qa50.potterybarn.com,pb-intdev50-sac1v, 80 49446
vip_qa50_pk, IN A, origin-www.qa50.potterybarnkids.com,pk-intdev50-sac1v, 80 49446
vip_qa50_pt, IN A, origin-www.qa50.pbteen.com,pt-intdev50-sac1v, 80 49446
vip_qa50_we, IN A, origin-www.qa50.westelm.com,we-intdev50-sac1v, 80 49446
vip_qa50_ws, IN A, origin-www.qa50.williams-sonoma.com,ws-intdev50-sac1v, 80 49446
