Host,RunDeck Tags,Filebeats Package,WSI Package,Config File,Filebeat Kafka Hosts,Log4j Config, Log4j Kafka Hosts
aerodbprdab1,nosql cpcr prdab,filebeat-6.4.2-1,,/etc/filebeat/filebeat.yml,null,,
aerodbprdab3,nosql cpcr prdab,filebeat-6.4.2-1,,/etc/filebeat/filebeat.yml,null,,
aerodbprdab4,nosql cpcr prdab,filebeat-6.4.2-1,,/etc/filebeat/filebeat.yml,null,,
aerodbprdab5,nosql cpcr prdab,filebeat-6.4.2-1,,/etc/filebeat/filebeat.yml,null,,
aerodbprdrk1,nosql cpcr prdrk,filebeat-6.4.2-1,,/etc/filebeat/filebeat.yml,null,,
aerodbprdrk2,nosql cpcr prdrk,filebeat-6.4.2-1,,/etc/filebeat/filebeat.yml,null,,
aerodbprdrk3,nosql cpcr prdrk,filebeat-6.4.2-1,,/etc/filebeat/filebeat.yml,null,,
aerodbprdrk4,nosql cpcr prdrk,filebeat-6.4.2-1,,/etc/filebeat/filebeat.yml,null,,
aerodbprdrk5,nosql cpcr prdrk,filebeat-6.4.2-1,,/etc/filebeat/filebeat.yml,null,,
artrck-vccn004,pkgtest prod prd preprd verify-config-package,filebeat-6.7.0-1,,/etc/filebeat/filebeat.yml,null,/apps/tomcat-oss-feedgen/lib/log4j2.xml ,telemetry
buildsystem-prd-rk1v,toolchain buildsystem-prd buildsystem prdrk,filebeat-6.4.2-1,,/etc/filebeat/filebeat.yml,elkrck-vccn009:5044 elkrck-vccn010:5044 elkrck-vccn011:5044,,
c3sash-vccn001,c3 prdab app,filebeat-6.7.0-1,,/etc/filebeat/filebeat.yml,null,/apps/tomcat-c3/lib/log4j2.xml ,kafash-vccn010:31090 kafash-vccn011:31091 kafash-vccn012:31092 kafash-vccn013:31093 kafash-vccn014:31094
c3sash-vccn002,c3 prdab app,filebeat-6.7.0-1,,/etc/filebeat/filebeat.yml,null,/apps/tomcat-c3/lib/log4j2.xml ,kafash-vccn010:31090 kafash-vccn011:31091 kafash-vccn012:31092 kafash-vccn013:31093 kafash-vccn014:31094
c3sash-vccn003,c3 prdab app,filebeat-6.7.0-1,,/etc/filebeat/filebeat.yml,null,/apps/tomcat-c3/lib/log4j2.xml ,kafash-vccn010:31090 kafash-vccn011:31091 kafash-vccn012:31092 kafash-vccn013:31093 kafash-vccn014:31094
c3srck-vccn001,c3 prdrk app,filebeat-6.7.0-1,,/etc/filebeat/filebeat.yml,null,/apps/tomcat-c3/lib/log4j2.xml ,kafrck-vccn010:31090 kafrck-vccn011:31091 kafrck-vccn012:31092 kafrck-vccn013:31093 kafrck-vccn014:31094
c3srck-vccn002,c3 prdrk app,filebeat-6.7.0-1,,/etc/filebeat/filebeat.yml,null,/apps/tomcat-c3/lib/log4j2.xml ,kafrck-vccn010:31090 kafrck-vccn011:31091 kafrck-vccn012:31092 kafrck-vccn013:31093 kafrck-vccn014:31094
c3srck-vccn003,c3 prdrk app,filebeat-6.7.0-1,,/etc/filebeat/filebeat.yml,null,/apps/tomcat-c3/lib/log4j2.xml ,kafrck-vccn010:31090 kafrck-vccn011:31091 kafrck-vccn012:31092 kafrck-vccn013:31093 kafrck-vccn014:31094
casash-vccn001,cassandra datastax prd prdab ab4,filebeat-6.7.0-1,,/etc/filebeat/filebeat.yml,null,,
casash-vccn002,cassandra datastax prd prdab ab5,filebeat-6.7.0-1,,/etc/filebeat/filebeat.yml,null,,
casash-vccn003,cassandra datastax prd prdab ab6,filebeat-6.7.0-1,,/etc/filebeat/filebeat.yml,null,,
casash-vpcn006,sc-cassandra sc-datastax sc-prd sc-prdab sc-ab1,filebeat-6.7.0-1,,/etc/filebeat/filebeat.yml,null,,
casash-vpcn007,sc-cassandra sc-datastax sc-prd sc-prdab sc-ab1,filebeat-6.7.0-1,,/etc/filebeat/filebeat.yml,null,,
casash-vpcn008,sc-cassandra sc-datastax sc-prd sc-prdab sc-ab1,filebeat-6.7.0-1,,/etc/filebeat/filebeat.yml,null,,
casash-vpcn009,sc-cassandra sc-datastax sc-prd sc-prdab sc-ab1,filebeat-6.7.0-1,,/etc/filebeat/filebeat.yml,null,,
casash-vpcn010,sc-cassandra sc-datastax sc-prd sc-prdab sc-ab1,filebeat-6.7.0-1,,/etc/filebeat/filebeat.yml,null,,
casrck-vccn001,cassandra datastax prd prdrk rk4,filebeat-6.7.0-1,,/etc/filebeat/filebeat.yml,null,,
casrck-vccn002,cassandra datastax prd prdrk rk5,filebeat-6.7.0-1,,/etc/filebeat/filebeat.yml,null,,
casrck-vccn003,cassandra datastax prd prdrk rk6,filebeat-6.7.0-1,,/etc/filebeat/filebeat.yml,null,,
casrck-vpcn011,
sc-cassandra sc-datastax sc-prd sc-prdrk sc-rk1,filebeat-6.7.0-1,,/etc/filebeat/filebeat.yml,null,,
casrck-vpcn012,
sc-cassandra sc-datastax sc-prd sc-prdrk sc-rk1,filebeat-6.7.0-1,,/etc/filebeat/filebeat.yml,null,,
casrck-vpcn013,
sc-cassandra sc-datastax sc-prd sc-prdrk sc-rk1,filebeat-6.7.0-1,,/etc/filebeat/filebeat.yml,null,,
casrck-vpcn014,
sc-cassandra sc-datastax sc-prd sc-prdrk sc-rk1,filebeat-6.7.0-1,,/etc/filebeat/filebeat.yml,null,,
casrck-vpcn015,
sc-cassandra sc-datastax sc-prd sc-prdrk sc-rk1,filebeat-6.7.0-1,,/etc/filebeat/filebeat.yml,null,,
cassandra-prd-ab1,cassandra datastax prd prdab ab1,filebeat-6.7.0-1,,/etc/filebeat/filebeat.yml,null,,
cassandra-prd-ab2,cassandra datastax prd prdab ab2,filebeat-6.7.0-1,,/etc/filebeat/filebeat.yml,null,,
cassandra-prd-ab3,cassandra datastax prd prdab ab3,filebeat-6.7.0-1,,/etc/filebeat/filebeat.yml,null,,
cassandra-prd-ab7,cassandra datastax prd prdab ab7,filebeat-6.7.0-1,,/etc/filebeat/filebeat.yml,null,,
cassandra-prd-ab8,cassandra datastax prd prdab ab8,filebeat-6.7.0-1,,/etc/filebeat/filebeat.yml,null,,
cassandra-prd-rk1,cassandra datastax prd prdrk rk1,filebeat-6.7.0-1,,/etc/filebeat/filebeat.yml,null,,
cassandra-prd-rk2,cassandra datastax prd prdrk rk2,filebeat-6.7.0-1,,/etc/filebeat/filebeat.yml,null,,
cassandra-prd-rk3,cassandra datastax prd prdrk rk3,filebeat-6.7.0-1,,/etc/filebeat/filebeat.yml,null,,
cassandra-prd-rk7,cassandra datastax prd prdrk rk7,filebeat-6.7.0-1,,/etc/filebeat/filebeat.yml,null,,
cassandra-prd-rk8,cassandra datastax prd prdrk rk8,filebeat-6.7.0-1,,/etc/filebeat/filebeat.yml,null,,
caweb-prd-ab1v,caweb prdab,filebeat-6.4.2-1,,/etc/filebeat/filebeat.yml,null,,
caweb-prd-ab2v,caweb prdab,filebeat-6.4.2-1,,/etc/filebeat/filebeat.yml,null,,
caweb-prd-rk1v,caweb prdrk,filebeat-6.4.2-1,,/etc/filebeat/filebeat.yml,null,,
caweb-prd-rk2v,caweb prdrk,filebeat-6.4.2-1,,/etc/filebeat/filebeat.yml,null,,
coreid-prd-rk1v,prdrk nodejs coreid6,filebeat-6.4.2-1,,/etc/filebeat/filebeat.yml,null,,
coreid-prd-rk2v,prdrk nodejs coreid6,filebeat-6.4.2-1,,/etc/filebeat/filebeat.yml,null,,
corp-prd-ab1v,corp prdab,filebeat-6.4.2-1,,/etc/filebeat/filebeat.yml,null,,
corp-prd-ab2v,corp prdab,filebeat-6.4.2-1,,/etc/filebeat/filebeat.yml,null,,
corp-prd-rk1v,corp prdrk,filebeat-6.4.2-1,,/etc/filebeat/filebeat.yml,null,,
corp-prd-rk2v,corp prdrk,filebeat-6.4.2-1,,/etc/filebeat/filebeat.yml,null,,
cq5rck-vccn001,bd prd prdrk rk1 web,filebeat-6.7.0-1,,/etc/filebeat/filebeat.yml,null,,
cq5rck-vccn002,bd prd prdrk rk1 author,filebeat-6.7.0-1,,/etc/filebeat/filebeat.yml,null,,
cq5rck-vccn003,bd prd prdrk rk1 publish,filebeat-6.7.0-1,,/etc/filebeat/filebeat.yml,null,,
cre-prd-ab1v,app cpcr prdab,filebeat-6.7.0-1,,/etc/filebeat/filebeat.yml,null,/apps/tomcat-cpcr/lib/log4j2.xml ,
cre-prd-ab2v,app cpcr prdab,filebeat-6.7.0-1,,/etc/filebeat/filebeat.yml,null,/apps/tomcat-cpcr/lib/log4j2.xml ,
cre-prd-rk1v,app cpcr prdrk,filebeat-6.7.0-1,,/etc/filebeat/filebeat.yml,null,/apps/tomcat-cpcr/lib/log4j2.xml ,
cre-prd-rk2v,app cpcr prdrk,filebeat-6.7.0-1,,/etc/filebeat/filebeat.yml,null,/apps/tomcat-cpcr/lib/log4j2.xml ,
creash-vccn003,cre prdab app ab1v,filebeat-6.7.0-1,,/etc/filebeat/filebeat.yml,null,/apps/tomcat-cre/lib/log4j2.xml /apps/apmagents/appagent/conf/logging/log4j2.xml ,
creash-vccn004,cre prdab app ab2v,filebeat-6.7.0-1,,/etc/filebeat/filebeat.yml,null,/apps/tomcat-cre/lib/log4j2.xml /apps/apmagents/appagent/conf/logging/log4j2.xml ,
crerck-vccn001,cre prdrk admin rk1v,filebeat-6.7.0-1,,/etc/filebeat/filebeat.yml,null,/apps/tomcat-cre-admin/lib/log4j2.xml /apps/staging/log4j2.xml ,
crerck-vccn002,cre prdrk admin,filebeat-6.7.0-1,,/etc/filebeat/filebeat.yml,null,,
crerck-vccn003,dataloader cpcr prd prdrk,filebeat-6.7.0-1,,/etc/filebeat/filebeat.yml,null,,
crerck-vccn006,cre prdrk app rk rk1v,filebeat-6.7.0-1,,/etc/filebeat/filebeat.yml,null,/apps/apmagents/appagent/conf/logging/log4j2.xml /apps/tomcat-cre/lib/log4j2.xml ,
crerck-vccn007,cre prdrk app rk rk2v,filebeat-6.7.0-1,,/etc/filebeat/filebeat.yml,null,/apps/apmagents/appagent/conf/logging/log4j2.xml /apps/tomcat-cre/lib/log4j2.xml ,
dfdrck-vccn001,dfproc prdrk prdrk1,filebeat-6.7.0-1,,/etc/filebeat/filebeat.yml,null,/apps/apmagents/appagent/conf/logging/log4j2.xml /apps/apmagents-21.9.0/appagent/conf/logging/log4j2.xml ,
dfdrck-vccn002,dfproccluster prdrk prdrk2,filebeat-6.7.0-1,,/etc/filebeat/filebeat.yml,null,,
dfdrck-vccn003,dfproccluster prdrk prdrk3,filebeat-6.7.0-1,,/etc/filebeat/filebeat.yml,null,,
dfdrck-vccn004,dfproccluster prdrk prdrk4,filebeat-6.7.0-1,,/etc/filebeat/filebeat.yml,null,,
dfdrck-vccn005,dfproccluster prdrk prdrk5,filebeat-6.7.0-1,,/etc/filebeat/filebeat.yml,null,,
dpaash-vpcn004,frontend pk caprdab,filebeat-6.7.0-1,,/etc/filebeat/filebeat.yml,null,/apps/tomcat/lib/log4j2.xml ,kafash-vccn010:31090 kafash-vccn011:31091 kafash-vccn012:31092 kafash-vccn013:31093 kafash-vccn014:31094
dpaash-vpcn005,frontend pk caprdab,filebeat-6.7.0-1,,/etc/filebeat/filebeat.yml,null,/apps/tomcat/lib/log4j2.xml ,kafash-vccn010:31090 kafash-vccn011:31091 kafash-vccn012:31092 kafash-vccn013:31093 kafash-vccn014:31094
dpaash-vpcn006,frontend pk caprdab,filebeat-6.7.0-1,,/etc/filebeat/filebeat.yml,null,/apps/tomcat/lib/log4j2.xml ,kafash-vccn010:31090 kafash-vccn011:31091 kafash-vccn012:31092 kafash-vccn013:31093 kafash-vccn014:31094
dpaash-vpcn007,frontend we caprdab,filebeat-6.7.0-1,,/etc/filebeat/filebeat.yml,null,/apps/tomcat/lib/log4j2.xml ,kafrck-vccn010:31090 kafrck-vccn011:31091 kafrck-vccn012:31092 kafrck-vccn013:31093 kafrck-vccn014:31094
dpaash-vpcn008,frontend we caprdab,filebeat-6.7.0-1,,/etc/filebeat/filebeat.yml,null,/apps/tomcat/lib/log4j2.xml ,kafrck-vccn010:31090 kafrck-vccn011:31091 kafrck-vccn012:31092 kafrck-vccn013:31093 kafrck-vccn014:31094
dpaash-vpcn009,frontend we caprdab,filebeat-6.7.0-1,,/etc/filebeat/filebeat.yml,null,/apps/tomcat/lib/log4j2.xml ,kafrck-vccn010:31090 kafrck-vccn011:31091 kafrck-vccn012:31092 kafrck-vccn013:31093 kafrck-vccn014:31094
dpaash-vpcn010,frontend ws caprdab,filebeat-6.7.0-1,,/etc/filebeat/filebeat.yml,null,/apps/tomcat/lib/log4j2.xml ,kafrck-vccn010:31090 kafrck-vccn011:31091 kafrck-vccn012:31092 kafrck-vccn013:31093 kafrck-vccn014:31094
dpaash-vpcn011,frontend ws caprdab,filebeat-6.7.0-1,,/etc/filebeat/filebeat.yml,null,/apps/tomcat/lib/log4j2.xml ,kafrck-vccn010:31090 kafrck-vccn011:31091 kafrck-vccn012:31092 kafrck-vccn013:31093 kafrck-vccn014:31094
dpaash-vpcn012,frontend ws caprdab,filebeat-6.7.0-1,,/etc/filebeat/filebeat.yml,null,/apps/tomcat/lib/log4j2.xml ,kafrck-vccn010:31090 kafrck-vccn011:31091 kafrck-vccn012:31092 kafrck-vccn013:31093 kafrck-vccn014:31094
dpaash-vpcn018,frontend pt caprdab,filebeat-6.7.0-1,,/etc/filebeat/filebeat.yml,null,/apps/tomcat/lib/log4j2.xml ,kafrck-vccn010:31090 kafrck-vccn011:31091 kafrck-vccn012:31092 kafrck-vccn013:31093 kafrck-vccn014:31094
dpaash-vpcn019,frontend pt caprdab,filebeat-6.7.0-1,,/etc/filebeat/filebeat.yml,null,/apps/tomcat/lib/log4j2.xml ,kafrck-vccn010:31090 kafrck-vccn011:31091 kafrck-vccn012:31092 kafrck-vccn013:31093 kafrck-vccn014:31094
dpaash-vpcn020,frontend pt caprdab,filebeat-6.7.0-1,,/etc/filebeat/filebeat.yml,null,/apps/tomcat/lib/log4j2.xml ,kafrck-vccn010:31090 kafrck-vccn011:31091 kafrck-vccn012:31092 kafrck-vccn013:31093 kafrck-vccn014:31094
dpasac-vpcn001,frontend pb caprdsac,filebeat-6.7.0-1,,/etc/filebeat/filebeat.yml,null,/apps/tomcat/lib/log4j2.xml ,kafrck-vccn010:31090 kafrck-vccn011:31091 kafrck-vccn012:31092 kafrck-vccn013:31093 kafrck-vccn014:31094
dpasac-vpcn004,frontend pk caprdsac,filebeat-6.7.0-1,,/etc/filebeat/filebeat.yml,null,/apps/tomcat/lib/log4j2.xml ,kafrck-vccn010:31090 kafrck-vccn011:31091 kafrck-vccn012:31092 kafrck-vccn013:31093 kafrck-vccn014:31094
dpasac-vpcn005,frontend pk caprdsac,filebeat-6.7.0-1,,/etc/filebeat/filebeat.yml,null,/apps/tomcat/lib/log4j2.xml ,kafrck-vccn010:31090 kafrck-vccn011:31091 kafrck-vccn012:31092 kafrck-vccn013:31093 kafrck-vccn014:31094
dpasac-vpcn006,frontend pk caprdsac,filebeat-6.7.0-1,,/etc/filebeat/filebeat.yml,null,/apps/tomcat/lib/log4j2.xml ,kafrck-vccn010:31090 kafrck-vccn011:31091 kafrck-vccn012:31092 kafrck-vccn013:31093 kafrck-vccn014:31094
dpasac-vpcn007,frontend we caprdsac,filebeat-6.7.0-1,,/etc/filebeat/filebeat.yml,null,/apps/tomcat/lib/log4j2.xml ,kafrck-vccn010:31095 kafrck-vccn011:31096 kafrck-vccn012:31097 kafrck-vccn013:31098 kafrck-vccn014:31099
dpasac-vpcn008,frontend we caprdsac,filebeat-6.7.0-1,,/etc/filebeat/filebeat.yml,null,/apps/tomcat/lib/log4j2.xml ,kafrck-vccn010:31095 kafrck-vccn011:31096 kafrck-vccn012:31097 kafrck-vccn013:31098 kafrck-vccn014:31099
dpasac-vpcn009,frontend we caprdsac,filebeat-6.7.0-1,,/etc/filebeat/filebeat.yml,null,/apps/tomcat/lib/log4j2.xml ,kafrck-vccn010:31095 kafrck-vccn011:31096 kafrck-vccn012:31097 kafrck-vccn013:31098 kafrck-vccn014:31099
dpasac-vpcn010,frontend ws caprdsac,filebeat-6.7.0-1,,/etc/filebeat/filebeat.yml,null,/apps/tomcat/lib/log4j2.xml ,kafrck-vccn010:31095 kafrck-vccn011:31096 kafrck-vccn012:31097 kafrck-vccn013:31098 kafrck-vccn014:31099
dpasac-vpcn011,frontend ws caprdsac,filebeat-6.7.0-1,,/etc/filebeat/filebeat.yml,null,/apps/tomcat/lib/log4j2.xml ,kafrck-vccn010:31095 kafrck-vccn011:31096 kafrck-vccn012:31097 kafrck-vccn013:31098 kafrck-vccn014:31099
dpasac-vpcn012,frontend ws caprdsac,filebeat-6.7.0-1,,/etc/filebeat/filebeat.yml,null,/apps/tomcat/lib/log4j2.xml ,kafrck-vccn010:31095 kafrck-vccn011:31096 kafrck-vccn012:31097 kafrck-vccn013:31098 kafrck-vccn014:31099
dpasac-vpcn018,frontend pt caprdsac,filebeat-6.7.0-1,,/etc/filebeat/filebeat.yml,null,/apps/tomcat/lib/log4j2.xml ,kafrck-vccn010:31090 kafrck-vccn011:31091 kafrck-vccn012:31092 kafrck-vccn013:31093 kafrck-vccn014:31094
dpasac-vpcn019,frontend pt caprdsac,filebeat-6.7.0-1,,/etc/filebeat/filebeat.yml,null,/apps/tomcat/lib/log4j2.xml ,kafrck-vccn010:31090 kafrck-vccn011:31091 kafrck-vccn012:31092 kafrck-vccn013:31093 kafrck-vccn014:31094
dpasac-vpcn020,frontend pt caprdsac,filebeat-6.7.0-1,,/etc/filebeat/filebeat.yml,null,/apps/tomcat/lib/log4j2.xml ,kafrck-vccn010:31090 kafrck-vccn011:31091 kafrck-vccn012:31092 kafrck-vccn013:31093 kafrck-vccn014:31094
ecmrck-vccn002,frontend ecmprd1  ws ecmprd1-ws,filebeat-6.7.0-1,,/etc/filebeat/filebeat.yml,null,/apps/tomcat/lib/log4j2.xml ,telemetry
ecmrck-vccn003,frontend ecmprd1  pt ecmprd1-pt,filebeat-6.7.0-1,,/etc/filebeat/filebeat.yml,null,/apps/tomcat/lib/log4j2.xml ,telemetry
efeash-vpcn001,frontend pb prdab,filebeat-6.7.0-1,,/etc/filebeat/filebeat.yml,null,/apps/tomcat/lib/log4j2.xml ,kafash-vccn010:31095 kafash-vccn011:31096 kafash-vccn012:31097 kafash-vccn013:31098 kafash-vccn014:31099
efeash-vpcn003,frontend pt prdab,filebeat-6.7.0-1,,/etc/filebeat/filebeat.yml,null,/apps/tomcat/lib/log4j2.xml ,kafash-vccn010:31090 kafash-vccn011:31091 kafash-vccn012:31092 kafash-vccn013:31093 kafash-vccn014:31094
efeash-vpcn004,frontend pt prdab,filebeat-6.7.0-1,,/etc/filebeat/filebeat.yml,null,/apps/tomcat/lib/log4j2.xml ,kafash-vccn010:31090 kafash-vccn011:31091 kafash-vccn012:31092 kafash-vccn013:31093 kafash-vccn014:31094
efeash-vpcn005,frontend pt prdab,filebeat-6.7.0-1,,/etc/filebeat/filebeat.yml,null,/apps/tomcat/lib/log4j2.xml ,kafash-vccn010:31090 kafash-vccn011:31091 kafash-vccn012:31092 kafash-vccn013:31093 kafash-vccn014:31094
efeash-vpcn006,frontend pt prdab,filebeat-6.7.0-1,,/etc/filebeat/filebeat.yml,null,/apps/tomcat/lib/log4j2.xml ,kafash-vccn010:31090 kafash-vccn011:31091 kafash-vccn012:31092 kafash-vccn013:31093 kafash-vccn014:31094
efeash-vpcn007,frontend pt prdab,filebeat-6.7.0-1,,/etc/filebeat/filebeat.yml,null,/apps/tomcat/lib/log4j2.xml ,kafash-vccn010:31090 kafash-vccn011:31091 kafash-vccn012:31092 kafash-vccn013:31093 kafash-vccn014:31094
efeash-vpcn008,frontend pt prdab,filebeat-6.7.0-1,,/etc/filebeat/filebeat.yml,null,/apps/tomcat/lib/log4j2.xml ,kafash-vccn010:31090 kafash-vccn011:31091 kafash-vccn012:31092 kafash-vccn013:31093 kafash-vccn014:31094
efeash-vpcn009,frontend pb prdab,filebeat-6.7.0-1,,/etc/filebeat/filebeat.yml,null,/apps/tomcat/lib/log4j2.xml ,kafash-vccn010:31095 kafash-vccn011:31096 kafash-vccn012:31097 kafash-vccn013:31098 kafash-vccn014:31099
efeash-vpcn010,frontend pt prdab,filebeat-6.7.0-1,,/etc/filebeat/filebeat.yml,null,/apps/tomcat/lib/log4j2.xml ,kafash-vccn010:31090 kafash-vccn011:31091 kafash-vccn012:31092 kafash-vccn013:31093 kafash-vccn014:31094
efeash-vpcn011,frontend pt prdab,filebeat-6.7.0-1,,/etc/filebeat/filebeat.yml,null,/apps/tomcat/lib/log4j2.xml ,kafash-vccn010:31090 kafash-vccn011:31091 kafash-vccn012:31092 kafash-vccn013:31093 kafash-vccn014:31094
efeash-vpcn014,frontend mg prdab,filebeat-6.7.0-1,,/etc/filebeat/filebeat.yml,null,/apps/tomcat/lib/log4j2.xml ,kafash-vccn010:31095 kafash-vccn011:31096 kafash-vccn012:31097 kafash-vccn013:31098 kafash-vccn014:31099
efeash-vpcn015,frontend mg prdab,filebeat-6.7.0-1,,/etc/filebeat/filebeat.yml,null,/apps/tomcat/lib/log4j2.xml ,kafash-vccn010:31095 kafash-vccn011:31096 kafash-vccn012:31097 kafash-vccn013:31098 kafash-vccn014:31099
efeash-vpcn016,frontend mg prdab,filebeat-6.7.0-1,,/etc/filebeat/filebeat.yml,null,/apps/tomcat/lib/log4j2.xml ,kafash-vccn010:31095 kafash-vccn011:31096 kafash-vccn012:31097 kafash-vccn013:31098 kafash-vccn014:31099
efeash-vpcn017,frontend mg prdab,filebeat-6.7.0-1,,/etc/filebeat/filebeat.yml,null,/apps/tomcat/lib/log4j2.xml ,kafash-vccn010:31095 kafash-vccn011:31096 kafash-vccn012:31097 kafash-vccn013:31098 kafash-vccn014:31099
efeash-vpcn019,frontend ws prdab,filebeat-6.7.0-1,,/etc/filebeat/filebeat.yml,null,/apps/tomcat/lib/log4j2.xml ,kafash-vccn010:31090 kafash-vccn011:31091 kafash-vccn012:31092 kafash-vccn013:31093 kafash-vccn014:31094
efeash-vpcn020,frontend ws prdab,filebeat-6.7.0-1,,/etc/filebeat/filebeat.yml,null,/apps/tomcat/lib/log4j2.xml ,kafash-vccn010:31090 kafash-vccn011:31091 kafash-vccn012:31092 kafash-vccn013:31093 kafash-vccn014:31094
efeash-vpcn021,frontend ws prdab,filebeat-6.7.0-1,,/etc/filebeat/filebeat.yml,null,/apps/tomcat/lib/log4j2.xml ,kafash-vccn010:31090 kafash-vccn011:31091 kafash-vccn012:31092 kafash-vccn013:31093 kafash-vccn014:31094
efeash-vpcn022,frontend ws prdab,filebeat-6.7.0-1,,/etc/filebeat/filebeat.yml,null,/apps/tomcat/lib/log4j2.xml ,kafash-vccn010:31090 kafash-vccn011:31091 kafash-vccn012:31092 kafash-vccn013:31093 kafash-vccn014:31094
efeash-vpcn023,frontend ws prdab,filebeat-6.7.0-1,,/etc/filebeat/filebeat.yml,null,/apps/tomcat/lib/log4j2.xml ,kafash-vccn010:31090 kafash-vccn011:31091 kafash-vccn012:31092 kafash-vccn013:31093 kafash-vccn014:31094
efeash-vpcn024,frontend ws prdab,filebeat-6.7.0-1,,/etc/filebeat/filebeat.yml,null,/apps/tomcat/lib/log4j2.xml ,kafash-vccn010:31090 kafash-vccn011:31091 kafash-vccn012:31092 kafash-vccn013:31093 kafash-vccn014:31094
efeash-vpcn025,frontend ws prdab,filebeat-6.7.0-1,,/etc/filebeat/filebeat.yml,null,/apps/tomcat/lib/log4j2.xml ,kafash-vccn010:31090 kafash-vccn011:31091 kafash-vccn012:31092 kafash-vccn013:31093 kafash-vccn014:31094
efeash-vpcn026,frontend ws prdab,filebeat-6.7.0-1,,/etc/filebeat/filebeat.yml,null,/apps/tomcat/lib/log4j2.xml ,kafash-vccn010:31090 kafash-vccn011:31091 kafash-vccn012:31092 kafash-vccn013:31093 kafash-vccn014:31094
efeash-vpcn027,frontend ws prdab,filebeat-6.7.0-1,,/etc/filebeat/filebeat.yml,null,/apps/tomcat/lib/log4j2.xml ,kafash-vccn010:31090 kafash-vccn011:31091 kafash-vccn012:31092 kafash-vccn013:31093 kafash-vccn014:31094
efeash-vpcn029,frontend pk prdab,filebeat-6.7.0-1,,/etc/filebeat/filebeat.yml,null,/apps/tomcat/lib/log4j2.xml ,kafash-vccn010:31090 kafash-vccn011:31091 kafash-vccn012:31092 kafash-vccn013:31093 kafash-vccn014:31094
efeash-vpcn030,frontend pk prdab,filebeat-6.7.0-1,,/etc/filebeat/filebeat.yml,null,/apps/tomcat/lib/log4j2.xml ,kafash-vccn010:31090 kafash-vccn011:31091 kafash-vccn012:31092 kafash-vccn013:31093 kafash-vccn014:31094
efeash-vpcn031,frontend pk prdab,filebeat-6.7.0-1,,/etc/filebeat/filebeat.yml,null,/apps/tomcat/lib/log4j2.xml ,kafash-vccn010:31090 kafash-vccn011:31091 kafash-vccn012:31092 kafash-vccn013:31093 kafash-vccn014:31094
efeash-vpcn032,frontend pk prdab,filebeat-6.7.0-1,,/etc/filebeat/filebeat.yml,null,/apps/tomcat/lib/log4j2.xml ,kafash-vccn010:31090 kafash-vccn011:31091 kafash-vccn012:31092 kafash-vccn013:31093 kafash-vccn014:31094
efeash-vpcn033,frontend pk prdab,filebeat-6.7.0-1,,/etc/filebeat/filebeat.yml,null,/apps/tomcat/lib/log4j2.xml ,kafash-vccn010:31090 kafash-vccn011:31091 kafash-vccn012:31092 kafash-vccn013:31093 kafash-vccn014:31094
efeash-vpcn034,
frontend pk prdab,filebeat-6.7.0-1,,/etc/filebeat/filebeat.yml,null,/apps/tomcat/lib/log4j2.xml ,kafash-vccn010:31090 kafash-vccn011:31091 kafash-vccn012:31092 kafash-vccn013:31093 kafash-vccn014:31094
efeash-vpcn035,frontend pk prdab,filebeat-6.7.0-1,,/etc/filebeat/filebeat.yml,null,/apps/tomcat/lib/log4j2.xml ,kafash-vccn010:31090 kafash-vccn011:31091 kafash-vccn012:31092 kafash-vccn013:31093 kafash-vccn014:31094
efeash-vpcn036,frontend pb prdab,filebeat-6.7.0-1,,/etc/filebeat/filebeat.yml,null,/apps/tomcat/lib/log4j2.xml ,kafash-vccn010:31095 kafash-vccn011:31096 kafash-vccn012:31097 kafash-vccn013:31098 kafash-vccn014:31099
efeash-vpcn040,frontend pk prdab,filebeat-6.7.0-1,,/etc/filebeat/filebeat.yml,null,/apps/tomcat/lib/log4j2.xml ,kafash-vccn010:31090 kafash-vccn011:31091 kafash-vccn012:31092 kafash-vccn013:31093 kafash-vccn014:31094
efeash-vpcn041,
frontend ws prdab,filebeat-6.7.0-1,,/etc/filebeat/filebeat.yml,null,/apps/tomcat/lib/log4j2.xml ,kafash-vccn010:31090 kafash-vccn011:31091 kafash-vccn012:31092 kafash-vccn013:31093 kafash-vccn014:31094
efeash-vpcn042,
frontend ws prdab,filebeat-6.7.0-1,,/etc/filebeat/filebeat.yml,null,/apps/tomcat/lib/log4j2.xml ,kafash-vccn010:31090 kafash-vccn011:31091 kafash-vccn012:31092 kafash-vccn013:31093 kafash-vccn014:31094
efeash-vpcn045,
frontend ws prdab,filebeat-6.7.0-1,,/etc/filebeat/filebeat.yml,null,/apps/tomcat/lib/log4j2.xml ,kafash-vccn010:31090 kafash-vccn011:31091 kafash-vccn012:31092 kafash-vccn013:31093 kafash-vccn014:31094
efeash-vpcn046,
frontend ws prdab,filebeat-6.7.0-1,,/etc/filebeat/filebeat.yml,null,/apps/tomcat/lib/log4j2.xml ,kafash-vccn010:31090 kafash-vccn011:31091 kafash-vccn012:31092 kafash-vccn013:31093 kafash-vccn014:31094
efeash-vpcn047,
frontend ws prdab,filebeat-6.7.0-1,,/etc/filebeat/filebeat.yml,null,/apps/tomcat/lib/log4j2.xml ,kafash-vccn010:31090 kafash-vccn011:31091 kafash-vccn012:31092 kafash-vccn013:31093 kafash-vccn014:31094
efeash-vpcn048,
frontend ws prdab,filebeat-6.7.0-1,,/etc/filebeat/filebeat.yml,null,/apps/tomcat/lib/log4j2.xml ,kafash-vccn010:31090 kafash-vccn011:31091 kafash-vccn012:31092 kafash-vccn013:31093 kafash-vccn014:31094
efeash-vpcn052,
frontend we prdab,filebeat-6.7.0-1,,/etc/filebeat/filebeat.yml,null,/apps/tomcat/lib/log4j2.xml ,kafash-vccn010:31090 kafash-vccn011:31091 kafash-vccn012:31092 kafash-vccn013:31093 kafash-vccn014:31094
efeash-vpcn053,
frontend we prdab,filebeat-6.7.0-1,,/etc/filebeat/filebeat.yml,null,/apps/tomcat/lib/log4j2.xml ,kafash-vccn010:31090 kafash-vccn011:31091 kafash-vccn012:31092 kafash-vccn013:31093 kafash-vccn014:31094
efeash-vpcn054,
frontend we prdab,filebeat-6.7.0-1,,/etc/filebeat/filebeat.yml,null,/apps/tomcat/lib/log4j2.xml ,kafash-vccn010:31090 kafash-vccn011:31091 kafash-vccn012:31092 kafash-vccn013:31093 kafash-vccn014:31094
efeash-vpcn059,frontend pk prdab,filebeat-6.7.0-1,,/etc/filebeat/filebeat.yml,null,/apps/tomcat/lib/log4j2.xml ,kafash-vccn010:31090 kafash-vccn011:31091 kafash-vccn012:31092 kafash-vccn013:31093 kafash-vccn014:31094
efeash-vpcn060,frontend pk prdab,filebeat-6.7.0-1,,/etc/filebeat/filebeat.yml,null,/apps/tomcat/lib/log4j2.xml ,kafash-vccn010:31090 kafash-vccn011:31091 kafash-vccn012:31092 kafash-vccn013:31093 kafash-vccn014:31094
efeash-vpcn061,frontend pk prdab,filebeat-6.7.0-1,,/etc/filebeat/filebeat.yml,null,/apps/tomcat/lib/log4j2.xml ,kafash-vccn010:31090 kafash-vccn011:31091 kafash-vccn012:31092 kafash-vccn013:31093 kafash-vccn014:31094
efeash-vpcn065,frontend pt prdab,filebeat-6.7.0-1,,/etc/filebeat/filebeat.yml,null,/apps/tomcat/lib/log4j2.xml ,kafash-vccn010:31090 kafash-vccn011:31091 kafash-vccn012:31092 kafash-vccn013:31093 kafash-vccn014:31094
efeash-vpcn070,frontend mg prdab,filebeat-6.7.0-1,,/etc/filebeat/filebeat.yml,null,/apps/tomcat/lib/log4j2.xml ,kafash-vccn010:31095 kafash-vccn011:31096 kafash-vccn012:31097 kafash-vccn013:31098 kafash-vccn014:31099
efeash-vpcn074,frontend pb prdab,filebeat-6.7.0-1,,/etc/filebeat/filebeat.yml,null,/apps/tomcat/lib/log4j2.xml ,kafash-vccn010:31095 kafash-vccn011:31096 kafash-vccn012:31097 kafash-vccn013:31098 kafash-vccn014:31099
efeash-vpcn075,frontend pb prdab,filebeat-6.7.0-1,,/etc/filebeat/filebeat.yml,null,/apps/tomcat/lib/log4j2.xml ,kafash-vccn010:31095 kafash-vccn011:31096 kafash-vccn012:31097 kafash-vccn013:31098 kafash-vccn014:31099
efeash-vpcn076,frontend pb prdab,filebeat-6.7.0-1,,/etc/filebeat/filebeat.yml,null,/apps/tomcat/lib/log4j2.xml ,kafash-vccn010:31095 kafash-vccn011:31096 kafash-vccn012:31097 kafash-vccn013:31098 kafash-vccn014:31099
efeash-vpcn077,frontend pb prdab,filebeat-6.7.0-1,,/etc/filebeat/filebeat.yml,null,/apps/tomcat/lib/log4j2.xml ,kafash-vccn010:31095 kafash-vccn011:31096 kafash-vccn012:31097 kafash-vccn013:31098 kafash-vccn014:31099
efeash-vpcn078,frontend pb prdab,filebeat-6.7.0-1,,/etc/filebeat/filebeat.yml,null,/apps/tomcat/lib/log4j2.xml ,kafash-vccn010:31095 kafash-vccn011:31096 kafash-vccn012:31097 kafash-vccn013:31098 kafash-vccn014:31099
efeash-vpcn079,frontend pb prdab,filebeat-6.7.0-1,,/etc/filebeat/filebeat.yml,null,/apps/tomcat/lib/log4j2.xml ,kafash-vccn010:31095 kafash-vccn011:31096 kafash-vccn012:31097 kafash-vccn013:31098 kafash-vccn014:31099
efeash-vpcn080,frontend pb prdab,filebeat-6.7.0-1,,/etc/filebeat/filebeat.yml,null,/apps/tomcat/lib/log4j2.xml ,kafash-vccn010:31095 kafash-vccn011:31096 kafash-vccn012:31097 kafash-vccn013:31098 kafash-vccn014:31099
efeash-vpcn081,frontend pb prdab,filebeat-6.7.0-1,,/etc/filebeat/filebeat.yml,null,/apps/tomcat/lib/log4j2.xml ,kafash-vccn010:31095 kafash-vccn011:31096 kafash-vccn012:31097 kafash-vccn013:31098 kafash-vccn014:31099
efeash-vpcn082,frontend pb prdab,filebeat-6.7.0-1,,/etc/filebeat/filebeat.yml,null,/apps/tomcat/lib/log4j2.xml ,kafash-vccn010:31095 kafash-vccn011:31096 kafash-vccn012:31097 kafash-vccn013:31098 kafash-vccn014:31099
efeash-vpcn083,frontend pb prdab,filebeat-6.7.0-1,,/etc/filebeat/filebeat.yml,null,/apps/tomcat/lib/log4j2.xml ,kafash-vccn010:31095 kafash-vccn011:31096 kafash-vccn012:31097 kafash-vccn013:31098 kafash-vccn014:31099
efeash-vpcn084,frontend pb prdab,filebeat-6.7.0-1,,/etc/filebeat/filebeat.yml,null,/apps/tomcat/lib/log4j2.xml ,kafash-vccn010:31095 kafash-vccn011:31096 kafash-vccn012:31097 kafash-vccn013:31098 kafash-vccn014:31099
efeash-vpcn085,frontend pb prdab,filebeat-6.7.0-1,,/etc/filebeat/filebeat.yml,null,/apps/tomcat/lib/log4j2.xml ,kafash-vccn010:31095 kafash-vccn011:31096 kafash-vccn012:31097 kafash-vccn013:31098 kafash-vccn014:31099
efeash-vpcn086,frontend pb prdab,filebeat-6.7.0-1,,/etc/filebeat/filebeat.yml,null,/apps/tomcat/lib/log4j2.xml ,kafash-vccn010:31095 kafash-vccn011:31096 kafash-vccn012:31097 kafash-vccn013:31098 kafash-vccn014:31099
efeash-vpcn087,frontend pb prdab,filebeat-6.7.0-1,,/etc/filebeat/filebeat.yml,null,/apps/tomcat/lib/log4j2.xml ,kafash-vccn010:31095 kafash-vccn011:31096 kafash-vccn012:31097 kafash-vccn013:31098 kafash-vccn014:31099
efeash-vpcn088,frontend pb prdab,filebeat-6.7.0-1,,/etc/filebeat/filebeat.yml,null,/apps/tomcat/lib/log4j2.xml ,kafash-vccn010:31095 kafash-vccn011:31096 kafash-vccn012:31097 kafash-vccn013:31098 kafash-vccn014:31099
efeash-vpcn090,frontend we prdab,filebeat-6.7.0-1,,/etc/filebeat/filebeat.yml,null,/apps/tomcat/lib/log4j2.xml ,kafash-vccn010:31090 kafash-vccn011:31091 kafash-vccn012:31092 kafash-vccn013:31093 kafash-vccn014:31094
efeash-vpcn091,frontend we prdab,filebeat-6.7.0-1,,/etc/filebeat/filebeat.yml,null,/apps/tomcat/lib/log4j2.xml ,kafash-vccn010:31090 kafash-vccn011:31091 kafash-vccn012:31092 kafash-vccn013:31093 kafash-vccn014:31094
efeash-vpcn092,frontend we prdab,filebeat-6.7.0-1,,/etc/filebeat/filebeat.yml,null,/apps/tomcat/lib/log4j2.xml ,kafash-vccn010:31090 kafash-vccn011:31091 kafash-vccn012:31092 kafash-vccn013:31093 kafash-vccn014:31094
efeash-vpcn093,frontend we prdab,filebeat-6.7.0-1,,/etc/filebeat/filebeat.yml,null,/apps/tomcat/lib/log4j2.xml ,kafash-vccn010:31090 kafash-vccn011:31091 kafash-vccn012:31092 kafash-vccn013:31093 kafash-vccn014:31094
efeash-vpcn094,frontend we prdab,filebeat-6.7.0-1,,/etc/filebeat/filebeat.yml,null,/apps/tomcat/lib/log4j2.xml ,kafash-vccn010:31090 kafash-vccn011:31091 kafash-vccn012:31092 kafash-vccn013:31093 kafash-vccn014:31094
efeash-vpcn095,frontend we prdab,filebeat-6.7.0-1,,/etc/filebeat/filebeat.yml,null,/apps/tomcat/lib/log4j2.xml ,kafash-vccn010:31090 kafash-vccn011:31091 kafash-vccn012:31092 kafash-vccn013:31093 kafash-vccn014:31094
efeash-vpcn096,frontend we prdab,filebeat-6.7.0-1,,/etc/filebeat/filebeat.yml,null,/apps/tomcat/lib/log4j2.xml ,kafash-vccn010:31090 kafash-vccn011:31091 kafash-vccn012:31092 kafash-vccn013:31093 kafash-vccn014:31094
efeash-vpcn097,frontend we prdab,filebeat-6.7.0-1,,/etc/filebeat/filebeat.yml,null,/apps/tomcat/lib/log4j2.xml ,kafash-vccn010:31090 kafash-vccn011:31091 kafash-vccn012:31092 kafash-vccn013:31093 kafash-vccn014:31094
efeash-vpcn098,frontend we prdab,filebeat-6.7.0-1,,/etc/filebeat/filebeat.yml,null,/apps/tomcat/lib/log4j2.xml ,kafash-vccn010:31090 kafash-vccn011:31091 kafash-vccn012:31092 kafash-vccn013:31093 kafash-vccn014:31094
efeash-vpcn099,frontend we prdab,filebeat-6.7.0-1,,/etc/filebeat/filebeat.yml,null,/apps/tomcat/lib/log4j2.xml ,kafash-vccn010:31090 kafash-vccn011:31091 kafash-vccn012:31092 kafash-vccn013:31093 kafash-vccn014:31094
eferck-vpcn001,frontend pb prdrk,filebeat-6.7.0-1,,/etc/filebeat/filebeat.yml,null,/apps/tomcat/lib/log4j2.xml ,kafrck-vccn010:31095 kafrck-vccn011:31096 kafrck-vccn012:31097 kafrck-vccn013:31098 kafrck-vccn014:31099
eferck-vpcn003,frontend pt prdrk,filebeat-6.7.0-1,,/etc/filebeat/filebeat.yml,null,/apps/tomcat/lib/log4j2.xml ,kafrck-vccn010:31090 kafrck-vccn011:31091 kafrck-vccn012:31092 kafrck-vccn013:31093 kafrck-vccn014:31094
eferck-vpcn004,frontend pt prdrk,filebeat-6.7.0-1,,/etc/filebeat/filebeat.yml,null,/apps/tomcat/lib/log4j2.xml ,kafrck-vccn010:31090 kafrck-vccn011:31091 kafrck-vccn012:31092 kafrck-vccn013:31093 kafrck-vccn014:31094
eferck-vpcn005,frontend pt prdrk,filebeat-6.7.0-1,,/etc/filebeat/filebeat.yml,null,/apps/tomcat/lib/log4j2.xml ,kafrck-vccn010:31090 kafrck-vccn011:31091 kafrck-vccn012:31092 kafrck-vccn013:31093 kafrck-vccn014:31094
eferck-vpcn006,frontend pt prdrk,filebeat-6.7.0-1,,/etc/filebeat/filebeat.yml,null,/apps/tomcat/lib/log4j2.xml ,kafrck-vccn010:31090 kafrck-vccn011:31091 kafrck-vccn012:31092 kafrck-vccn013:31093 kafrck-vccn014:31094
eferck-vpcn007,frontend pt prdrk,filebeat-6.7.0-1,,/etc/filebeat/filebeat.yml,null,/apps/tomcat/lib/log4j2.xml ,kafrck-vccn010:31090 kafrck-vccn011:31091 kafrck-vccn012:31092 kafrck-vccn013:31093 kafrck-vccn014:31094
eferck-vpcn008,frontend pt prdrk,filebeat-6.7.0-1,,/etc/filebeat/filebeat.yml,null,/apps/tomcat/lib/log4j2.xml ,kafrck-vccn010:31090 kafrck-vccn011:31091 kafrck-vccn012:31092 kafrck-vccn013:31093 kafrck-vccn014:31094
eferck-vpcn009,frontend pb prdrk,filebeat-6.7.0-1,,/etc/filebeat/filebeat.yml,null,/apps/tomcat/lib/log4j2.xml ,kafrck-vccn010:31095 kafrck-vccn011:31096 kafrck-vccn012:31097 kafrck-vccn013:31098 kafrck-vccn014:31099
eferck-vpcn010,frontend pt prdrk,filebeat-6.7.0-1,,/etc/filebeat/filebeat.yml,null,/apps/tomcat/lib/log4j2.xml ,kafrck-vccn010:31090 kafrck-vccn011:31091 kafrck-vccn012:31092 kafrck-vccn013:31093 kafrck-vccn014:31094
eferck-vpcn011,frontend pt prdrk,filebeat-6.7.0-1,,/etc/filebeat/filebeat.yml,null,/apps/tomcat/lib/log4j2.xml ,kafrck-vccn010:31090 kafrck-vccn011:31091 kafrck-vccn012:31092 kafrck-vccn013:31093 kafrck-vccn014:31094
eferck-vpcn012,frontend we prdrk,filebeat-6.7.0-1,,/etc/filebeat/filebeat.yml,null,/apps/tomcat/lib/log4j2.xml ,kafrck-vccn010:31095 kafrck-vccn011:31096 kafrck-vccn012:31097 kafrck-vccn013:31098 kafrck-vccn014:31099
eferck-vpcn014,frontend mg prdrk,filebeat-6.7.0-1,,/etc/filebeat/filebeat.yml,null,/apps/tomcat/lib/log4j2.xml ,kafrck-vccn010:31095 kafrck-vccn011:31096 kafrck-vccn012:31097 kafrck-vccn013:31098 kafrck-vccn014:31099
eferck-vpcn015,frontend mg prdrk,filebeat-6.7.0-1,,/etc/filebeat/filebeat.yml,null,/apps/tomcat/lib/log4j2.xml ,kafrck-vccn010:31095 kafrck-vccn011:31096 kafrck-vccn012:31097 kafrck-vccn013:31098 kafrck-vccn014:31099
eferck-vpcn016,frontend mg prdrk,filebeat-6.7.0-1,,/etc/filebeat/filebeat.yml,null,/apps/tomcat/lib/log4j2.xml ,kafrck-vccn010:31095 kafrck-vccn011:31096 kafrck-vccn012:31097 kafrck-vccn013:31098 kafrck-vccn014:31099
eferck-vpcn017,frontend mg prdrk,filebeat-6.7.0-1,,/etc/filebeat/filebeat.yml,null,/apps/tomcat/lib/log4j2.xml ,kafrck-vccn010:31095 kafrck-vccn011:31096 kafrck-vccn012:31097 kafrck-vccn013:31098 kafrck-vccn014:31099
eferck-vpcn019,frontend ws prdrk,filebeat-6.7.0-1,,/etc/filebeat/filebeat.yml,null,/apps/tomcat/lib/log4j2.xml ,kafrck-vccn010:31095 kafrck-vccn011:31096 kafrck-vccn012:31097 kafrck-vccn013:31098 kafrck-vccn014:31099
eferck-vpcn020,frontend ws prdrk,filebeat-6.7.0-1,,/etc/filebeat/filebeat.yml,null,/apps/tomcat/lib/log4j2.xml ,kafrck-vccn010:31095 kafrck-vccn011:31096 kafrck-vccn012:31097 kafrck-vccn013:31098 kafrck-vccn014:31099
eferck-vpcn021,frontend ws prdrk,filebeat-6.7.0-1,,/etc/filebeat/filebeat.yml,null,/apps/tomcat/lib/log4j2.xml ,kafrck-vccn010:31095 kafrck-vccn011:31096 kafrck-vccn012:31097 kafrck-vccn013:31098 kafrck-vccn014:31099
eferck-vpcn022,frontend ws prdrk,filebeat-6.7.0-1,,/etc/filebeat/filebeat.yml,null,/apps/tomcat/lib/log4j2.xml ,kafrck-vccn010:31095 kafrck-vccn011:31096 kafrck-vccn012:31097 kafrck-vccn013:31098 kafrck-vccn014:31099
eferck-vpcn023,frontend ws prdrk,filebeat-6.7.0-1,,/etc/filebeat/filebeat.yml,null,/apps/tomcat/lib/log4j2.xml ,kafrck-vccn010:31095 kafrck-vccn011:31096 kafrck-vccn012:31097 kafrck-vccn013:31098 kafrck-vccn014:31099
eferck-vpcn024,frontend ws prdrk,filebeat-6.7.0-1,,/etc/filebeat/filebeat.yml,null,/apps/tomcat/lib/log4j2.xml ,kafrck-vccn010:31095 kafrck-vccn011:31096 kafrck-vccn012:31097 kafrck-vccn013:31098 kafrck-vccn014:31099
eferck-vpcn025,
frontend ws prdrk,filebeat-6.7.0-1,,/etc/filebeat/filebeat.yml,null,/apps/tomcat/lib/log4j2.xml ,kafrck-vccn010:31095 kafrck-vccn011:31096 kafrck-vccn012:31097 kafrck-vccn013:31098 kafrck-vccn014:31099
eferck-vpcn026,frontend ws prdrk,filebeat-6.7.0-1,,/etc/filebeat/filebeat.yml,null,/apps/tomcat/lib/log4j2.xml ,kafrck-vccn010:31095 kafrck-vccn011:31096 kafrck-vccn012:31097 kafrck-vccn013:31098 kafrck-vccn014:31099
eferck-vpcn027,frontend ws prdrk,filebeat-6.7.0-1,,/etc/filebeat/filebeat.yml,null,/apps/tomcat/lib/log4j2.xml ,kafrck-vccn010:31095 kafrck-vccn011:31096 kafrck-vccn012:31097 kafrck-vccn013:31098 kafrck-vccn014:31099
eferck-vpcn029,
frontend pk prdrk,filebeat-6.7.0-1,,/etc/filebeat/filebeat.yml,null,/apps/tomcat/lib/log4j2.xml ,kafrck-vccn010:31090 kafrck-vccn011:31091 kafrck-vccn012:31092 kafrck-vccn013:31093 kafrck-vccn014:31094
eferck-vpcn030,
frontend pk prdrk,filebeat-6.7.0-1,,/etc/filebeat/filebeat.yml,null,/apps/tomcat/lib/log4j2.xml ,kafrck-vccn010:31090 kafrck-vccn011:31091 kafrck-vccn012:31092 kafrck-vccn013:31093 kafrck-vccn014:31094
eferck-vpcn031,
frontend pk prdrk,filebeat-6.7.0-1,,/etc/filebeat/filebeat.yml,null,/apps/tomcat/lib/log4j2.xml ,kafrck-vccn010:31090 kafrck-vccn011:31091 kafrck-vccn012:31092 kafrck-vccn013:31093 kafrck-vccn014:31094
eferck-vpcn032,
frontend pk prdrk,filebeat-6.7.0-1,,/etc/filebeat/filebeat.yml,null,/apps/tomcat/lib/log4j2.xml ,kafrck-vccn010:31090 kafrck-vccn011:31091 kafrck-vccn012:31092 kafrck-vccn013:31093 kafrck-vccn014:31094
eferck-vpcn033,
frontend pk prdrk,filebeat-6.7.0-1,,/etc/filebeat/filebeat.yml,null,/apps/tomcat/lib/log4j2.xml ,kafrck-vccn010:31090 kafrck-vccn011:31091 kafrck-vccn012:31092 kafrck-vccn013:31093 kafrck-vccn014:31094
eferck-vpcn034,
frontend pk prdrk,filebeat-6.7.0-1,,/etc/filebeat/filebeat.yml,null,/apps/tomcat/lib/log4j2.xml ,kafrck-vccn010:31090 kafrck-vccn011:31091 kafrck-vccn012:31092 kafrck-vccn013:31093 kafrck-vccn014:31094
eferck-vpcn035,
frontend pk prdrk,filebeat-6.7.0-1,,/etc/filebeat/filebeat.yml,null,/apps/tomcat/lib/log4j2.xml ,kafrck-vccn010:31090 kafrck-vccn011:31091 kafrck-vccn012:31092 kafrck-vccn013:31093 kafrck-vccn014:31094
eferck-vpcn036,frontend pb preprd preprdrk,filebeat-6.7.0-1,,/etc/filebeat/filebeat.yml,null,/apps/tomcat/lib/log4j2.xml ,kafrck-vccn010:31090 kafrck-vccn011:31091 kafrck-vccn012:31092 kafrck-vccn013:31093 kafrck-vccn014:31094
eferck-vpcn037,frontend pb prdrk,filebeat-6.7.0-1,,/etc/filebeat/filebeat.yml,null,/apps/tomcat/lib/log4j2.xml ,kafrck-vccn010:31095 kafrck-vccn011:31096 kafrck-vccn012:31097 kafrck-vccn013:31098 kafrck-vccn014:31099
eferck-vpcn038,
frontend pb prdrk,filebeat-6.7.0-1,,/etc/filebeat/filebeat.yml,null,/apps/tomcat/lib/log4j2.xml ,kafrck-vccn010:31095 kafrck-vccn011:31096 kafrck-vccn012:31097 kafrck-vccn013:31098 kafrck-vccn014:31099
eferck-vpcn039,
frontend pb prdrk,filebeat-6.7.0-1,,/etc/filebeat/filebeat.yml,null,/apps/tomcat/lib/log4j2.xml ,kafrck-vccn010:31095 kafrck-vccn011:31096 kafrck-vccn012:31097 kafrck-vccn013:31098 kafrck-vccn014:31099
eferck-vpcn040,
frontend pb prdrk,filebeat-6.7.0-1,,/etc/filebeat/filebeat.yml,null,/apps/tomcat/lib/log4j2.xml ,kafrck-vccn010:31095 kafrck-vccn011:31096 kafrck-vccn012:31097 kafrck-vccn013:31098 kafrck-vccn014:31099
eferck-vpcn041,frontend pb prdrk,filebeat-6.7.0-1,,/etc/filebeat/filebeat.yml,null,/apps/tomcat/lib/log4j2.xml ,kafrck-vccn010:31095 kafrck-vccn011:31096 kafrck-vccn012:31097 kafrck-vccn013:31098 kafrck-vccn014:31099
eferck-vpcn042,frontend pb prdrk,filebeat-6.7.0-1,,/etc/filebeat/filebeat.yml,null,/apps/tomcat/lib/log4j2.xml ,kafrck-vccn010:31095 kafrck-vccn011:31096 kafrck-vccn012:31097 kafrck-vccn013:31098 kafrck-vccn014:31099
eferck-vpcn043,frontend pb prdrk,filebeat-6.7.0-1,,/etc/filebeat/filebeat.yml,null,/apps/tomcat/lib/log4j2.xml ,kafrck-vccn010:31095 kafrck-vccn011:31096 kafrck-vccn012:31097 kafrck-vccn013:31098 kafrck-vccn014:31099
eferck-vpcn045,frontend we prdrk,filebeat-6.7.0-1,,/etc/filebeat/filebeat.yml,null,/apps/tomcat/lib/log4j2.xml ,kafrck-vccn010:31095 kafrck-vccn011:31096 kafrck-vccn012:31097 kafrck-vccn013:31098 kafrck-vccn014:31099
eferck-vpcn046,
frontend we prdrk,filebeat-6.7.0-1,,/etc/filebeat/filebeat.yml,null,/apps/tomcat/lib/log4j2.xml ,kafrck-vccn010:31095 kafrck-vccn011:31096 kafrck-vccn012:31097 kafrck-vccn013:31098 kafrck-vccn014:31099
eferck-vpcn047,
frontend we prdrk,filebeat-6.7.0-1,,/etc/filebeat/filebeat.yml,null,/apps/tomcat/lib/log4j2.xml ,kafrck-vccn010:31095 kafrck-vccn011:31096 kafrck-vccn012:31097 kafrck-vccn013:31098 kafrck-vccn014:31099
eferck-vpcn048,
frontend we prdrk,filebeat-6.7.0-1,,/etc/filebeat/filebeat.yml,null,/apps/tomcat/lib/log4j2.xml ,kafrck-vccn010:31095 kafrck-vccn011:31096 kafrck-vccn012:31097 kafrck-vccn013:31098 kafrck-vccn014:31099
eferck-vpcn049,
frontend we prdrk,filebeat-6.7.0-1,,/etc/filebeat/filebeat.yml,null,/apps/tomcat/lib/log4j2.xml ,kafrck-vccn010:31095 kafrck-vccn011:31096 kafrck-vccn012:31097 kafrck-vccn013:31098 kafrck-vccn014:31099
eferck-vpcn050,
frontend we prdrk,filebeat-6.7.0-1,,/etc/filebeat/filebeat.yml,null,/apps/tomcat/lib/log4j2.xml ,kafrck-vccn010:31095 kafrck-vccn011:31096 kafrck-vccn012:31097 kafrck-vccn013:31098 kafrck-vccn014:31099
eferck-vpcn051,
frontend we prdrk,filebeat-6.7.0-1,,/etc/filebeat/filebeat.yml,null,/apps/tomcat/lib/log4j2.xml ,kafrck-vccn010:31095 kafrck-vccn011:31096 kafrck-vccn012:31097 kafrck-vccn013:31098 kafrck-vccn014:31099
eferck-vpcn052,frontend pb prdrk,filebeat-6.7.0-1,,/etc/filebeat/filebeat.yml,null,/apps/tomcat/lib/log4j2.xml ,kafrck-vccn010:31095 kafrck-vccn011:31096 kafrck-vccn012:31097 kafrck-vccn013:31098 kafrck-vccn014:31099
eferck-vpcn053,frontend pb prdrk,filebeat-6.7.0-1,,/etc/filebeat/filebeat.yml,null,/apps/tomcat/lib/log4j2.xml ,kafrck-vccn010:31095 kafrck-vccn011:31096 kafrck-vccn012:31097 kafrck-vccn013:31098 kafrck-vccn014:31099
eferck-vpcn054,frontend pb prdrk,filebeat-6.7.0-1,,/etc/filebeat/filebeat.yml,null,/apps/tomcat/lib/log4j2.xml ,kafrck-vccn010:31095 kafrck-vccn011:31096 kafrck-vccn012:31097 kafrck-vccn013:31098 kafrck-vccn014:31099
eferck-vpcn055,
frontend pb prdrk,filebeat-6.7.0-1,,/etc/filebeat/filebeat.yml,null,/apps/tomcat/lib/log4j2.xml ,kafrck-vccn010:31095 kafrck-vccn011:31096 kafrck-vccn012:31097 kafrck-vccn013:31098 kafrck-vccn014:31099
eferck-vpcn056,frontend pb prdrk,filebeat-6.7.0-1,,/etc/filebeat/filebeat.yml,null,/apps/tomcat/lib/log4j2.xml ,kafrck-vccn010:31095 kafrck-vccn011:31096 kafrck-vccn012:31097 kafrck-vccn013:31098 kafrck-vccn014:31099
eferck-vpcn057,frontend pb prdrk,filebeat-6.7.0-1,,/etc/filebeat/filebeat.yml,null,/apps/tomcat/lib/log4j2.xml ,kafrck-vccn010:31095 kafrck-vccn011:31096 kafrck-vccn012:31097 kafrck-vccn013:31098 kafrck-vccn014:31099
eferck-vpcn058,frontend pb prdrk,filebeat-6.7.0-1,,/etc/filebeat/filebeat.yml,null,/apps/tomcat/lib/log4j2.xml ,kafrck-vccn010:31095 kafrck-vccn011:31096 kafrck-vccn012:31097 kafrck-vccn013:31098 kafrck-vccn014:31099
eferck-vpcn059,frontend pb prdrk,filebeat-6.7.0-1,,/etc/filebeat/filebeat.yml,null,/apps/tomcat/lib/log4j2.xml ,kafrck-vccn010:31095 kafrck-vccn011:31096 kafrck-vccn012:31097 kafrck-vccn013:31098 kafrck-vccn014:31099
eferck-vpcn060,frontend we prdrk,filebeat-6.7.0-1,,/etc/filebeat/filebeat.yml,null,/apps/tomcat/lib/log4j2.xml ,kafrck-vccn010:31095 kafrck-vccn011:31096 kafrck-vccn012:31097 kafrck-vccn013:31098 kafrck-vccn014:31099
eferck-vpcn061,frontend we prdrk,filebeat-6.7.0-1,,/etc/filebeat/filebeat.yml,null,/apps/tomcat/lib/log4j2.xml ,kafrck-vccn010:31095 kafrck-vccn011:31096 kafrck-vccn012:31097 kafrck-vccn013:31098 kafrck-vccn014:31099
eferck-vpcn062,frontend we prdrk,filebeat-6.7.0-1,,/etc/filebeat/filebeat.yml,null,/apps/tomcat/lib/log4j2.xml ,kafrck-vccn010:31095 kafrck-vccn011:31096 kafrck-vccn012:31097 kafrck-vccn013:31098 kafrck-vccn014:31099
eferck-vpcn063,frontend pb prdrk,filebeat-6.7.0-1,,/etc/filebeat/filebeat.yml,null,/apps/tomcat/lib/log4j2.xml ,kafrck-vccn010:31095 kafrck-vccn011:31096 kafrck-vccn012:31097 kafrck-vccn013:31098 kafrck-vccn014:31099
eferck-vpcn072,frontend ws prdrk,filebeat-6.7.0-1,,/etc/filebeat/filebeat.yml,null,/apps/tomcat/lib/log4j2.xml ,kafrck-vccn010:31095 kafrck-vccn011:31096 kafrck-vccn012:31097 kafrck-vccn013:31098 kafrck-vccn014:31099
eferck-vpcn073,frontend ws prdrk,filebeat-6.7.0-1,,/etc/filebeat/filebeat.yml,null,/apps/tomcat/lib/log4j2.xml ,kafrck-vccn010:31095 kafrck-vccn011:31096 kafrck-vccn012:31097 kafrck-vccn013:31098 kafrck-vccn014:31099
eferck-vpcn074,frontend ws prdrk,filebeat-6.7.0-1,,/etc/filebeat/filebeat.yml,null,/apps/tomcat/lib/log4j2.xml ,kafrck-vccn010:31095 kafrck-vccn011:31096 kafrck-vccn012:31097 kafrck-vccn013:31098 kafrck-vccn014:31099
eferck-vpcn075,frontend ws prdrk,filebeat-6.7.0-1,,/etc/filebeat/filebeat.yml,null,/apps/tomcat/lib/log4j2.xml ,kafrck-vccn010:31095 kafrck-vccn011:31096 kafrck-vccn012:31097 kafrck-vccn013:31098 kafrck-vccn014:31099
eferck-vpcn079,frontend we prdrk,filebeat-6.7.0-1,,/etc/filebeat/filebeat.yml,null,/apps/tomcat/lib/log4j2.xml ,kafrck-vccn010:31095 kafrck-vccn011:31096 kafrck-vccn012:31097 kafrck-vccn013:31098 kafrck-vccn014:31099
eferck-vpcn080,frontend we prdrk,filebeat-6.7.0-1,,/etc/filebeat/filebeat.yml,null,/apps/tomcat/lib/log4j2.xml ,kafrck-vccn010:31095 kafrck-vccn011:31096 kafrck-vccn012:31097 kafrck-vccn013:31098 kafrck-vccn014:31099
eferck-vpcn081,frontend we prdrk,filebeat-6.7.0-1,,/etc/filebeat/filebeat.yml,null,/apps/tomcat/lib/log4j2.xml ,kafrck-vccn010:31095 kafrck-vccn011:31096 kafrck-vccn012:31097 kafrck-vccn013:31098 kafrck-vccn014:31099
eferck-vpcn086,frontend pk prdrk,filebeat-6.7.0-1,,/etc/filebeat/filebeat.yml,null,/apps/tomcat/lib/log4j2.xml ,kafrck-vccn010:31090 kafrck-vccn011:31091 kafrck-vccn012:31092 kafrck-vccn013:31093 kafrck-vccn014:31094
eferck-vpcn087,frontend pk prdrk,filebeat-6.7.0-1,,/etc/filebeat/filebeat.yml,null,/apps/tomcat/lib/log4j2.xml ,kafrck-vccn010:31090 kafrck-vccn011:31091 kafrck-vccn012:31092 kafrck-vccn013:31093 kafrck-vccn014:31094
eferck-vpcn088,frontend pk prdrk,filebeat-6.7.0-1,,/etc/filebeat/filebeat.yml,null,/apps/tomcat/lib/log4j2.xml ,kafrck-vccn010:31090 kafrck-vccn011:31091 kafrck-vccn012:31092 kafrck-vccn013:31093 kafrck-vccn014:31094
eferck-vpcn093,frontend pt prdrk,filebeat-6.7.0-1,,/etc/filebeat/filebeat.yml,null,/apps/tomcat/lib/log4j2.xml ,kafrck-vccn010:31090 kafrck-vccn011:31091 kafrck-vccn012:31092 kafrck-vccn013:31093 kafrck-vccn014:31094
eferck-vpcn098,frontend mg prdrk,filebeat-6.7.0-1,,/etc/filebeat/filebeat.yml,null,/apps/tomcat/lib/log4j2.xml ,kafrck-vccn010:31095 kafrck-vccn011:31096 kafrck-vccn012:31097 kafrck-vccn013:31098 kafrck-vccn014:31099
eferck-vpcn101,frontend we prdrk,filebeat-6.7.0-1,,/etc/filebeat/filebeat.yml,null,/apps/tomcat/lib/log4j2.xml ,kafrck-vccn010:31095 kafrck-vccn011:31096 kafrck-vccn012:31097 kafrck-vccn013:31098 kafrck-vccn014:31099
eferck-vpcn102,frontend we prdrk,filebeat-6.7.0-1,,/etc/filebeat/filebeat.yml,null,/apps/tomcat/lib/log4j2.xml ,kafrck-vccn010:31095 kafrck-vccn011:31096 kafrck-vccn012:31097 kafrck-vccn013:31098 kafrck-vccn014:31099
eferck-vpcn103,frontend we prdrk,filebeat-6.7.0-1,,/etc/filebeat/filebeat.yml,null,/apps/tomcat/lib/log4j2.xml ,kafrck-vccn010:31095 kafrck-vccn011:31096 kafrck-vccn012:31097 kafrck-vccn013:31098 kafrck-vccn014:31099
eferck-vpcn104,frontend we prdrk,filebeat-6.7.0-1,,/etc/filebeat/filebeat.yml,null,/apps/tomcat/lib/log4j2.xml ,kafrck-vccn010:31095 kafrck-vccn011:31096 kafrck-vccn012:31097 kafrck-vccn013:31098 kafrck-vccn014:31099
eferck-vpcn105,frontend we prdrk,filebeat-6.7.0-1,,/etc/filebeat/filebeat.yml,null,/apps/tomcat/lib/log4j2.xml ,kafrck-vccn010:31095 kafrck-vccn011:31096 kafrck-vccn012:31097 kafrck-vccn013:31098 kafrck-vccn014:31099
eferck-vpcn106,frontend we prdrk,filebeat-6.7.0-1,,/etc/filebeat/filebeat.yml,null,/apps/tomcat/lib/log4j2.xml ,kafrck-vccn010:31095 kafrck-vccn011:31096 kafrck-vccn012:31097 kafrck-vccn013:31098 kafrck-vccn014:31099
eferck-vpcn107,frontend we prdrk,filebeat-6.7.0-1,,/etc/filebeat/filebeat.yml,null,/apps/tomcat/lib/log4j2.xml ,kafrck-vccn010:31095 kafrck-vccn011:31096 kafrck-vccn012:31097 kafrck-vccn013:31098 kafrck-vccn014:31099
eferck-vpcn108,frontend we prdrk,filebeat-6.7.0-1,,/etc/filebeat/filebeat.yml,null,/apps/tomcat/lib/log4j2.xml ,kafrck-vccn010:31095 kafrck-vccn011:31096 kafrck-vccn012:31097 kafrck-vccn013:31098 kafrck-vccn014:31099
eferck-vpcn109,frontend we prdrk,filebeat-6.7.0-1,,/etc/filebeat/filebeat.yml,null,/apps/tomcat/lib/log4j2.xml ,kafrck-vccn010:31095 kafrck-vccn011:31096 kafrck-vccn012:31097 kafrck-vccn013:31098 kafrck-vccn014:31099
efesac-vpcn004,frontend pk prdrk,filebeat-6.7.0-1,,/etc/filebeat/filebeat.yml,null,/apps/tomcat/lib/log4j2.xml ,kafrck-vccn010:31090 kafrck-vccn011:31091 kafrck-vccn012:31092 kafrck-vccn013:31093 kafrck-vccn014:31094
efesac-vpcn005,frontend ws prdrk,filebeat-6.7.0-1,,/etc/filebeat/filebeat.yml,null,/apps/tomcat/lib/log4j2.xml ,kafrck-vccn010:31095 kafrck-vccn011:31096 kafrck-vccn012:31097 kafrck-vccn013:31098 kafrck-vccn014:31099
efesac-vpcn006,frontend ws prdrk,filebeat-6.7.0-1,,/etc/filebeat/filebeat.yml,null,/apps/tomcat/lib/log4j2.xml ,kafrck-vccn010:31095 kafrck-vccn011:31096 kafrck-vccn012:31097 kafrck-vccn013:31098 kafrck-vccn014:31099
favash-vccn001,favorites prd ab3v,filebeat-6.7.0-1,,/etc/filebeat/filebeat.yml,null,/apps/tomcat-favorites/lib/log4j2.xml ,kafash-vccn010:31090 kafash-vccn011:31091 kafash-vccn012:31092 kafash-vccn013:31093 kafash-vccn014:31094
favash-vccn002,favorites prd ab4v,filebeat-6.7.0-1,,/etc/filebeat/filebeat.yml,null,/apps/tomcat-favorites/lib/log4j2.xml ,kafash-vccn010:31090 kafash-vccn011:31091 kafash-vccn012:31092 kafash-vccn013:31093 kafash-vccn014:31094
favorites-prd-ab1v,favorites prd ab1v,filebeat-6.4.2-1,,/etc/filebeat/filebeat.yml,null,/apps/tomcat-favorites/lib/log4j2.xml /apps/tomcat-favorites_31mar/lib/log4j2.xml ,kafash-vccn010:31090 kafash-vccn011:31091 kafash-vccn012:31092 kafash-vccn013:31093 kafash-vccn014:31094 kafash-vccn010:31090 kafash-vccn011:31091 kafash-vccn012:31092 kafash-vccn013:31093 kafash-vccn014:31094
favorites-prd-ab2v,favorites prd ab2v,filebeat-6.4.2-1,,/etc/filebeat/filebeat.yml,null,/apps/tomcat-favorites/lib/log4j2.xml /apps/tomcat-favorites_31mar/tomcat-favorites/lib/log4j2.xml /apps/tomcat-favorites_31mar/lib/log4j2.xml ,kafash-vccn010:31090 kafash-vccn011:31091 kafash-vccn012:31092 kafash-vccn013:31093 kafash-vccn014:31094 kafash-vccn010:31090 kafash-vccn011:31091 kafash-vccn012:31092 kafash-vccn013:31093 kafash-vccn014:31094 kafash-vccn010:31090 kafash-vccn011:31091 kafash-vccn012:31092 kafash-vccn013:31093 kafash-vccn014:31094
favorites-prd-rk1v,favorites prd rk1v,filebeat-6.4.2-1,,/etc/filebeat/filebeat.yml,null,/apps/tomcat-favorites/lib/log4j2.xml /apps/tomcat-favorites_bak_31Mar/lib/log4j2.xml ,kafrck-vccn010:31090 kafrck-vccn011:31091 kafrck-vccn012:31092 kafrck-vccn013:31093 kafrck-vccn014:31094 kafrck-vccn010:31090 kafrck-vccn011:31091 kafrck-vccn012:31092 kafrck-vccn013:31093 kafrck-vccn014:31094
favorites-prd-rk2v,favorites prd rk2v,filebeat-6.4.2-1,,/etc/filebeat/filebeat.yml,null,/apps/tomcat-favorites/lib/log4j2.xml ,kafrck-vccn010:31090 kafrck-vccn011:31091 kafrck-vccn012:31092 kafrck-vccn013:31093 kafrck-vccn014:31094
favrck-vccn001,favorites prd rk3v,filebeat-6.7.0-1,,/etc/filebeat/filebeat.yml,null,/apps/tomcat-favorites/lib/log4j2.xml ,kafrck-vccn010:31090 kafrck-vccn011:31091 kafrck-vccn012:31092 kafrck-vccn013:31093 kafrck-vccn014:31094
favrck-vccn002,favorites prd rk4v,filebeat-6.7.0-1,,/etc/filebeat/filebeat.yml,null,/apps/tomcat-favorites/lib/log4j2.xml ,kafrck-vccn010:31090 kafrck-vccn011:31091 kafrck-vccn012:31092 kafrck-vccn013:31093 kafrck-vccn014:31094
feedgen-ca-prd-sac1v,oss-feedgen-ca prdsac-ca prdsac1-ca,filebeat-6.7.0-1,,/etc/filebeat/filebeat.yml,null,/apps/apmagents/appagent/conf/logging/log4j2.xml /apps/tomcat-oss-feedgen/lib/log4j2.xml ,telemetry
feedgen-prd-rk1v,oss-feedgen prdrk prdrk1,filebeat-6.7.0-1,,/etc/filebeat/filebeat.yml,null,/apps/tomcat-oss-feedgen/lib/log4j2.xml ,telemetry
feedgen-prd-sac1v,oss-feedgen prdsac prdsac1,filebeat-6.7.0-1,,/etc/filebeat/filebeat.yml,null,/apps/tomcat-oss-feedgen/lib/log4j2.xml ,telemetry
hmfrck-vccn001,homefront prd prdrk1 rk1 author,filebeat-6.7.0-1,,/etc/filebeat/filebeat.yml,null,,
hmfrck-vccn002,homefront prd prdrk1 rk1 publish,filebeat-6.7.0-1,,/etc/filebeat/filebeat.yml,null,,
hmfrck-vccn003,homefront prd prdrk1 rk1 web,filebeat-6.7.0-1,,/etc/filebeat/filebeat.yml,null,,
imgrck-vccn001,contentprocessor prd prdrk,filebeat-6.7.0-1,,/etc/filebeat/filebeat.yml,null,,
imgrck-vpcn001,contentprocessor prd prdrk,filebeat-6.4.2-1,,/etc/filebeat/filebeat.yml,elkrck-vccn009:5044 elkrck-vccn010:5044 elkrck-vccn011:5044,,
invadj-prdab-rk1v,invent-adjustment prdab,filebeat-6.7.0-1,,/etc/filebeat/filebeat.yml,null,/apps/tomcat-invent-adjustment/lib/log4j2.xml ,kafash-vccn010:31090 kafash-vccn011:31091 kafash-vccn012:31092 kafash-vccn013:31093 kafash-vccn014:31094
invadj-prdrk-rk1v,invent-adjustment prdrk,filebeat-6.7.0-1,,/etc/filebeat/filebeat.yml,null,/apps/tomcat-invent-adjustment/lib/log4j2.xml ,kafrck-vccn010:31090 kafrck-vccn011:31091 kafrck-vccn012:31092 kafrck-vccn013:31093 kafrck-vccn014:31094
loyalty-prd-rk1v,loyalty prd prdrk rk1 batch,filebeat-6.7.0-1,,/etc/filebeat/filebeat.yml,null,/apps/tomcat-loyalty/lib/log4j2.xml ,kafrck-vccn010:31090 kafrck-vccn011:31091 kafrck-vccn012:31092 kafrck-vccn013:31093 kafrck-vccn014:31094
loyalty-prd-rk2v,loyalty prd prdrk rk2,filebeat-6.7.0-1,,/etc/filebeat/filebeat.yml,null,/apps/tomcat-loyalty/lib/log4j2.xml ,kafrck-vccn010:31090 kafrck-vccn011:31091 kafrck-vccn012:31092 kafrck-vccn013:31093 kafrck-vccn014:31094
loyalty-prd-rk3v,loyalty prd prdrk rk3,filebeat-6.7.0-1,,/etc/filebeat/filebeat.yml,null,/apps/tomcat-loyalty/lib/log4j2.xml ,kafrck-vccn010:31090 kafrck-vccn011:31091 kafrck-vccn012:31092 kafrck-vccn013:31093 kafrck-vccn014:31094
loyash-vpcn001,loyalty prd prdab ab1,filebeat-6.7.0-1,,/etc/filebeat/filebeat.yml,null,/apps/tomcat-loyalty/lib/log4j2.xml ,kafash-vccn010:31090 kafash-vccn011:31091 kafash-vccn012:31092 kafash-vccn013:31093 kafash-vccn014:31094
loyash-vpcn002,loyalty prd prdab ab2,filebeat-6.7.0-1,,/etc/filebeat/filebeat.yml,null,/apps/tomcat-loyalty/lib/log4j2.xml ,kafash-vccn010:31090 kafash-vccn011:31091 kafash-vccn012:31092 kafash-vccn013:31093 kafash-vccn014:31094
loyash-vpcn003,loyalty prd prdab ab3,filebeat-6.7.0-1,,/etc/filebeat/filebeat.yml,null,/apps/tomcat-loyalty/lib/log4j2.xml ,kafash-vccn010:31090 kafash-vccn011:31091 kafash-vccn012:31092 kafash-vccn013:31093 kafash-vccn014:31094
mg-preprd-ab1v,frontend mg preprd preprdab,filebeat-6.4.2-1,,/etc/filebeat/filebeat.yml,null,/apps/tomcat/lib/log4j2.xml ,kafash-vccn010:31090 kafash-vccn011:31091 kafash-vccn012:31092 kafash-vccn013:31093 kafash-vccn014:31094
mg-preprd-rk1v,frontend mg preprd preprdrk,filebeat-6.4.2-1,,/etc/filebeat/filebeat.yml,null,/apps/tomcat/lib/log4j2.xml ,kafrck-vccn010:31090 kafrck-vccn011:31091 kafrck-vccn012:31092 kafrck-vccn013:31093 kafrck-vccn014:31094
ossrck-vccn007,oss-orchestrator prd prd1 rk1 prdrk1 prdrk,filebeat-6.7.0-1,,/etc/filebeat/filebeat.yml,null,/apps/tomcat-oss-search-orchestrator/lib/log4j2.xml ,telemetry
pb-ecmpub-prd-rk1v,ecm pb prd prdrk publish ecmpub ecm-publish,filebeat-6.4.2-1,,/etc/filebeat/filebeat.yml,elkrck-vccn009:5044 elkrck-vccn010:5044 elkrck-vccn011:5044,,
pb-preprd-ab1v,frontend pb preprd preprdab,filebeat-6.4.2-1,,/etc/filebeat/filebeat.yml,null,/apps/tomcat/lib/log4j2.xml ,kafash-vccn010:31090 kafash-vccn011:31091 kafash-vccn012:31092 kafash-vccn013:31093 kafash-vccn014:31094
pb-preprd-rk1v,frontend pb preprd preprdrk,filebeat-6.4.2-1,,/etc/filebeat/filebeat.yml,null,/apps/tomcat/lib/log4j2.xml ,kafrck-vccn010:31090 kafrck-vccn011:31091 kafrck-vccn012:31092 kafrck-vccn013:31093 kafrck-vccn014:31094
pk-preprd-ab1v,frontend pk preprd preprdab,filebeat-6.4.2-1,,/etc/filebeat/filebeat.yml,null,/apps/tomcat/lib/log4j2.xml ,kafash-vccn010:31090 kafash-vccn011:31091 kafash-vccn012:31092 kafash-vccn013:31093 kafash-vccn014:31094
pk-preprd-rk1v,frontend pk preprd preprdrk,filebeat-6.4.2-1,,/etc/filebeat/filebeat.yml,null,/apps/tomcat/lib/log4j2.xml ,kafrck-vccn010:31090 kafrck-vccn011:31091 kafrck-vccn012:31092 kafrck-vccn013:31093 kafrck-vccn014:31094
pradmprdrk1v,prd prdrk pradm singleuseadm,filebeat-6.7.0-1,,/etc/filebeat/filebeat.yml,null,/apps/tomcat-pradm/lib/log4j2.xml ,telemetry
prarck-vpcn002,prd prdrk pradm singleuseadm newbox,filebeat-6.7.0-1,,/etc/filebeat/filebeat.yml,null,/apps/tomcat-pradm/lib/log4j2.xml ,telemetry
prcash-vccn001,prd prdab pricing promo-vis-east promo,filebeat-6.7.0-1,,/etc/filebeat/filebeat.yml,elkrck-vccn009:5044 elkrck-vccn010:5044 elkrck-vccn011:5044,/apps/tomcat-pricing/lib/log4j2.xml ,kafrck-vicn017:31090 kafrck-vicn018:31091 kafrck-vicn019:31092 kafrck-vicn020:31093 kafrck-vicn021:31094
prcash-vccn002,prd prdab pricing promo-vis-east promo,filebeat-6.7.0-1,,/etc/filebeat/filebeat.yml,elkrck-vccn009:5044 elkrck-vccn010:5044 elkrck-vccn011:5044,/apps/tomcat-pricing/lib/log4j2.xml ,kafrck-vicn017:31090 kafrck-vicn018:31091 kafrck-vicn019:31092 kafrck-vicn020:31093 kafrck-vicn021:31094
prcash-vccn003,prd prdab pricing promo-vis-east promo,filebeat-6.7.0-1,,/etc/filebeat/filebeat.yml,elkrck-vccn009:5044 elkrck-vccn010:5044 elkrck-vccn011:5044,/apps/tomcat-pricing/lib/log4j2.xml ,kafrck-vicn017:31090 kafrck-vicn018:31091 kafrck-vicn019:31092 kafrck-vicn020:31093 kafrck-vicn021:31094
prcash-vccn004,prd prdab pricing promo-vis-east promo,filebeat-6.7.0-1,,/etc/filebeat/filebeat.yml,elkrck-vccn009:5044 elkrck-vccn010:5044 elkrck-vccn011:5044,/apps/tomcat-pricing/lib/log4j2.xml ,kafrck-vicn017:31090 kafrck-vicn018:31091 kafrck-vicn019:31092 kafrck-vicn020:31093 kafrck-vicn021:31094
prcash-vccn005,prd prdab pricing promo-vis-east promo,filebeat-6.7.0-1,,/etc/filebeat/filebeat.yml,elkrck-vccn009:5044 elkrck-vccn010:5044 elkrck-vccn011:5044,/apps/tomcat-pricing/lib/log4j2.xml ,kafrck-vicn017:31090 kafrck-vicn018:31091 kafrck-vicn019:31092 kafrck-vicn020:31093 kafrck-vicn021:31094
prcash-vccn006,prd prdab pricing promo-vis-east promo,filebeat-6.7.0-1,,/etc/filebeat/filebeat.yml,elkrck-vccn009:5044 elkrck-vccn010:5044 elkrck-vccn011:5044,/apps/tomcat-pricing/lib/log4j2.xml ,kafrck-vicn017:31090 kafrck-vicn018:31091 kafrck-vicn019:31092 kafrck-vicn020:31093 kafrck-vicn021:31094
prcash-vccn007,prd prdab pricing omsd,filebeat-6.7.0-1,,/etc/filebeat/filebeat.yml,elkrck-vccn009:5044 elkrck-vccn010:5044 elkrck-vccn011:5044,/apps/tomcat-pricing/lib/log4j2.xml ,kafrck-vicn017:31090 kafrck-vicn018:31091 kafrck-vicn019:31092 kafrck-vicn020:31093 kafrck-vicn021:31094
prcash-vccn008,prd prdab pricing omsd,filebeat-6.7.0-1,,/etc/filebeat/filebeat.yml,elkrck-vccn009:5044 elkrck-vccn010:5044 elkrck-vccn011:5044,/apps/tomcat-pricing/lib/log4j2.xml ,kafrck-vicn017:31090 kafrck-vicn018:31091 kafrck-vicn019:31092 kafrck-vicn020:31093 kafrck-vicn021:31094
prcash-vccn009,prd prdab pricing omsd,filebeat-6.7.0-1,,/etc/filebeat/filebeat.yml,elkrck-vccn009:5044 elkrck-vccn010:5044 elkrck-vccn011:5044,/apps/tomcat-pricing/lib/log4j2.xml ,kafrck-vicn017:31090 kafrck-vicn018:31091 kafrck-vicn019:31092 kafrck-vicn020:31093 kafrck-vicn021:31094
prcash-vpcn001,prd prdab pricing omsd,filebeat-6.7.0-1,,/etc/filebeat/filebeat.yml,null,/apps/tomcat-pricing/lib/log4j2.xml ,kafrck-vicn017:31090 kafrck-vicn018:31091 kafrck-vicn019:31092 kafrck-vicn020:31093 kafrck-vicn021:31094
prcash-vpcn002,prd prdab pricing omsd,filebeat-6.7.0-1,,/etc/filebeat/filebeat.yml,null,/apps/tomcat-pricing/lib/log4j2.xml ,kafrck-vicn017:31090 kafrck-vicn018:31091 kafrck-vicn019:31092 kafrck-vicn020:31093 kafrck-vicn021:31094
prcrck-vccn001,prd prdrk pricing promo-vis-west promo,filebeat-6.7.0-1,,/etc/filebeat/filebeat.yml,elkrck-vccn009:5044 elkrck-vccn010:5044 elkrck-vccn011:5044,/apps/tomcat-pricing/lib/log4j2.xml ,kafrck-vicn017:31090 kafrck-vicn018:31091 kafrck-vicn019:31092 kafrck-vicn020:31093 kafrck-vicn021:31094
prcrck-vccn002,prd prdrk pricing promo-vis-west promo,filebeat-6.7.0-1,,/etc/filebeat/filebeat.yml,elkrck-vccn009:5044 elkrck-vccn010:5044 elkrck-vccn011:5044,/apps/tomcat-pricing/lib/log4j2.xml ,kafrck-vicn017:31090 kafrck-vicn018:31091 kafrck-vicn019:31092 kafrck-vicn020:31093 kafrck-vicn021:31094
prcrck-vccn003,prd prdrk pricing promo-vis-west promo,filebeat-6.7.0-1,,/etc/filebeat/filebeat.yml,elkrck-vccn009:5044 elkrck-vccn010:5044 elkrck-vccn011:5044,/apps/tomcat-pricing/lib/log4j2.xml ,kafrck-vicn017:31090 kafrck-vicn018:31091 kafrck-vicn019:31092 kafrck-vicn020:31093 kafrck-vicn021:31094
prcrck-vccn004,prd prdrk pricing promo-vis-west promo,filebeat-6.7.0-1,,/etc/filebeat/filebeat.yml,elkrck-vccn009:5044 elkrck-vccn010:5044 elkrck-vccn011:5044,/apps/tomcat-pricing/lib/log4j2.xml ,kafrck-vicn017:31090 kafrck-vicn018:31091 kafrck-vicn019:31092 kafrck-vicn020:31093 kafrck-vicn021:31094
prcrck-vccn005,prd prdrk pricing promo-vis-west promo,filebeat-6.7.0-1,,/etc/filebeat/filebeat.yml,elkrck-vccn009:5044 elkrck-vccn010:5044 elkrck-vccn011:5044,/apps/tomcat-pricing/lib/log4j2.xml ,kafrck-vicn017:31090 kafrck-vicn018:31091 kafrck-vicn019:31092 kafrck-vicn020:31093 kafrck-vicn021:31094
prcrck-vccn006,prd prdrk pricing promo-vis-west promo,filebeat-6.7.0-1,,/etc/filebeat/filebeat.yml,elkrck-vccn009:5044 elkrck-vccn010:5044 elkrck-vccn011:5044,/apps/tomcat-pricing/lib/log4j2.xml ,kafrck-vicn017:31090 kafrck-vicn018:31091 kafrck-vicn019:31092 kafrck-vicn020:31093 kafrck-vicn021:31094
prcrck-vccn007,prd prdrk pricing omsd,filebeat-6.7.0-1,,/etc/filebeat/filebeat.yml,elkrck-vccn009:5044 elkrck-vccn010:5044 elkrck-vccn011:5044,/apps/tomcat-pricing/lib/log4j2.xml ,kafrck-vicn017:31090 kafrck-vicn018:31091 kafrck-vicn019:31092 kafrck-vicn020:31093 kafrck-vicn021:31094
prcrck-vccn008,prd prdrk pricing omsd,filebeat-6.7.0-1,,/etc/filebeat/filebeat.yml,elkrck-vccn009:5044 elkrck-vccn010:5044 elkrck-vccn011:5044,/apps/tomcat-pricing/lib/log4j2.xml ,kafrck-vicn017:31090 kafrck-vicn018:31091 kafrck-vicn019:31092 kafrck-vicn020:31093 kafrck-vicn021:31094
prcrck-vccn009,prd prdrk pricing omsd,filebeat-6.7.0-1,,/etc/filebeat/filebeat.yml,elkrck-vccn009:5044 elkrck-vccn010:5044 elkrck-vccn011:5044,/apps/tomcat-pricing/lib/log4j2.xml ,kafrck-vicn017:31090 kafrck-vicn018:31091 kafrck-vicn019:31092 kafrck-vicn020:31093 kafrck-vicn021:31094
prcrck-vpcn001,prd prdrk pricing omsd,filebeat-6.7.0-1,,/etc/filebeat/filebeat.yml,null,/apps/tomcat-pricing/lib/log4j2.xml ,kafrck-vicn017:31090 kafrck-vicn018:31091 kafrck-vicn019:31092 kafrck-vicn020:31093 kafrck-vicn021:31094
prcrck-vpcn002,prd prdrk pricing omsd,filebeat-6.7.0-1,,/etc/filebeat/filebeat.yml,null,/apps/tomcat-pricing/lib/log4j2.xml ,kafrck-vicn017:31090 kafrck-vicn018:31091 kafrck-vicn019:31092 kafrck-vicn020:31093 kafrck-vicn021:31094
prcrck-vpcn003,prd prdrk pricing dfeed-promo,filebeat-6.7.0-1,,/etc/filebeat/filebeat.yml,null,/apps/tomcat-pricing/lib/log4j2.xml ,kafrck-vicn017:31090 kafrck-vicn018:31091 kafrck-vicn019:31092 kafrck-vicn020:31093 kafrck-vicn021:31094
prcrck-vpcn004,prd prdrk pricing dfeed-promo,filebeat-6.7.0-1,,/etc/filebeat/filebeat.yml,null,/apps/tomcat-pricing/lib/log4j2.xml ,kafrck-vicn017:31090 kafrck-vicn018:31091 kafrck-vicn019:31092 kafrck-vicn020:31093 kafrck-vicn021:31094
prcrck-vpcn005,prd prdrk pricing dfeed-promo,filebeat-6.7.0-1,,/etc/filebeat/filebeat.yml,null,/apps/tomcat-pricing/lib/log4j2.xml ,kafrck-vicn017:31090 kafrck-vicn018:31091 kafrck-vicn019:31092 kafrck-vicn020:31093 kafrck-vicn021:31094
proash-vccn004,profile prd ab5v prdab,filebeat-6.7.0-1,,/etc/filebeat/filebeat.yml,null,/apps/tomcat-profile/lib/log4j2.xml ,kafash-vccn010:31090 kafash-vccn011:31091 kafash-vccn012:31092 kafash-vccn013:31093 kafash-vccn014:31094
proash-vccn005,profile prd ab6v prdab,filebeat-6.7.0-1,,/etc/filebeat/filebeat.yml,null,/apps/tomcat-profile/lib/log4j2.xml ,kafash-vccn010:31090 kafash-vccn011:31091 kafash-vccn012:31092 kafash-vccn013:31093 kafash-vccn014:31094
proash-vccn006,profile prd ab7v prdab,filebeat-6.7.0-1,,/etc/filebeat/filebeat.yml,null,/apps/tomcat-profile/lib/log4j2.xml ,kafash-vccn010:31090 kafash-vccn011:31091 kafash-vccn012:31092 kafash-vccn013:31093 kafash-vccn014:31094
prorck-vccn004,profile prd rk5v prdrk,filebeat-6.7.0-1,,/etc/filebeat/filebeat.yml,elkrck-vccn009:5044 elkrck-vccn010:5044 elkrck-vccn011:5044,/apps/tomcat-profile/lib/log4j2.xml ,kafrck-vccn010:31090 kafrck-vccn011:31091 kafrck-vccn012:31092 kafrck-vccn013:31093 kafrck-vccn014:31094
prorck-vccn005,profile prd rk6v prdrk,filebeat-6.7.0-1,,/etc/filebeat/filebeat.yml,null,/apps/tomcat-profile/lib/log4j2.xml ,kafrck-vccn010:31090 kafrck-vccn011:31091 kafrck-vccn012:31092 kafrck-vccn013:31093 kafrck-vccn014:31094
prorck-vccn006,profile prd rk7v prdrk,filebeat-6.7.0-1,,/etc/filebeat/filebeat.yml,null,/apps/tomcat-profile/lib/log4j2.xml ,kafrck-vccn010:31090 kafrck-vccn011:31091 kafrck-vccn012:31092 kafrck-vccn013:31093 kafrck-vccn014:31094
prprck-vccn001,prd prdrk pricing singleuse dtcmo,filebeat-5.0.0-1,,/etc/filebeat/filebeat.yml,elkrck-vccn009:5044 elkrck-vccn010:5044 elkrck-vccn011:5044,,
prprck-vccn002,prd prdrk pricing sterling,filebeat-5.0.0-1,,/etc/filebeat/filebeat.yml,elkrck-vccn009:5044 elkrck-vccn010:5044 elkrck-vccn011:5044,,
prprck-vccn003,prd prdrk pricing sterling,filebeat-6.7.0-1,,/etc/filebeat/filebeat.yml,elkrck-vccn009:5044 elkrck-vccn010:5044 elkrck-vccn011:5044,/apps/tomcat-pricing/lib/log4j2.xml /apps/staging/drop/log4j2.xml /apps/z_tomcat-pricing/lib/log4j2.xml ,kafrck-vicn017:31090 kafrck-vicn018:31091 kafrck-vicn019:31092 kafrck-vicn020:31093 kafrck-vicn021:31094 kafrck-vicn017:31090 kafrck-vicn018:31091 kafrck-vicn019:31092 kafrck-vicn020:31093 kafrck-vicn021:31094 kafrck-vicn017:31090 kafrck-vicn018:31091 kafrck-vicn019:31092 kafrck-vicn020:31093 kafrck-vicn021:31094
prprck-vccn004,prd prdrk pricing sterling,filebeat-6.7.0-1,,/etc/filebeat/filebeat.yml,elkrck-vccn009:5044 elkrck-vccn010:5044 elkrck-vccn011:5044,/apps/tomcat-pricing/lib/log4j2.xml /apps/z_tomcat-pricing/lib/log4j2.xml ,kafrck-vicn017:31090 kafrck-vicn018:31091 kafrck-vicn019:31092 kafrck-vicn020:31093 kafrck-vicn021:31094 kafrck-vicn017:31090 kafrck-vicn018:31091 kafrck-vicn019:31092 kafrck-vicn020:31093 kafrck-vicn021:31094
prprck-vccn005,prd prdrk pricing sterling,filebeat-6.7.0-1,,/etc/filebeat/filebeat.yml,elkrck-vccn009:5044 elkrck-vccn010:5044 elkrck-vccn011:5044,/apps/tomcat-pricing/lib/log4j2.xml /apps/staging/drop/log4j2.xml ,kafrck-vicn017:31090 kafrck-vicn018:31091 kafrck-vicn019:31092 kafrck-vicn020:31093 kafrck-vicn021:31094 kafrck-vicn017:31090 kafrck-vicn018:31091 kafrck-vicn019:31092 kafrck-vicn020:31093 kafrck-vicn021:31094
prpsac-vccn001,prd prdsac pricing,filebeat-6.7.0-1,,/etc/filebeat/filebeat.yml,null,,
prpsac-vccn002,prd prdsac pricing,filebeat-6.7.0-1,,/etc/filebeat/filebeat.yml,null,,
prpsac-vccn003,prd prdsac pricing,filebeat-6.7.0-1,,/etc/filebeat/filebeat.yml,null,,
prpsac-vccn004,prd prdsac pricing,filebeat-6.7.0-1,,/etc/filebeat/filebeat.yml,null,,
prpsac-vccn005,prd prdsac pricing,filebeat-6.7.0-1,,/etc/filebeat/filebeat.yml,null,,
pt-preprd-ab1v,frontend pt preprd preprdab,filebeat-6.4.2-1,,/etc/filebeat/filebeat.yml,null,/apps/tomcat/lib/log4j2.xml ,kafash-vccn010:31090 kafash-vccn011:31091 kafash-vccn012:31092 kafash-vccn013:31093 kafash-vccn014:31094
pt-preprd-rk1v,frontend pt preprd preprdrk,filebeat-6.4.2-1,,/etc/filebeat/filebeat.yml,null,/apps/tomcat/lib/log4j2.xml ,kafrck-vccn010:31090 kafrck-vccn011:31091 kafrck-vccn012:31092 kafrck-vccn013:31093 kafrck-vccn014:31094
publisher-prd-rk1v,publisher prdrk
oss-publisher prdrk prdrk1,filebeat-6.4.2-1,,/etc/filebeat/filebeat.yml,null,/apps/tomcat-publisher/lib/log4j2.xml ,kafrck-vccn010:31090 kafrck-vccn011:31091 kafrck-vccn012:31092 kafrck-vccn013:31093 kafrck-vccn014:31094 kafrck-vccn010:31090 kafrck-vccn011:31091 kafrck-vccn012:31092 kafrck-vccn013:31093 kafrck-vccn014:31094
regadm-prd-rk1v,admin prdrk registry,filebeat-6.7.0-1,,/etc/filebeat/filebeat.yml,null,/apps/apmagents-22.2.0.33545/appagent/conf/logging/log4j2.xml /apps/apmagents-22.2.0.33545/conf/logging/log4j2.xml ,
regadm-prd-rk2v,admin prdrk registry,filebeat-6.7.0-1,,/etc/filebeat/filebeat.yml,null,/apps/apmagent-22.2.0/appagent/conf/logging/log4j2.xml ,
regash-vccn001,ab1v registry fdn prdab,filebeat-6.7.0-1,,/etc/filebeat/filebeat.yml,null,/apps/apmagents-4.0.4/appagent/conf/logging/log4j2.xml /apps/tomcat-registry-fdn/lib/log4j2.xml ,telemetry
regash-vccn002,ab2v registry fdn prdab,filebeat-6.7.0-1,,/etc/filebeat/filebeat.yml,null,/apps/apmagents/appagent/conf/logging/log4j2.xml /apps/tomcat-registry-fdn/lib/log4j2.xml /apps/ecimages/test/tomcat-registry-fdn/lib/log4j2.xml ,telemetry telemetry
regash-vccn003,ab1v registry xbr prdab,filebeat-6.7.0-1,,/etc/filebeat/filebeat.yml,null,/apps/tomcat-registry/lib/log4j2.xml ,kafash-vccn010:31090 kafash-vccn011:31091 kafash-vccn012:31092 kafash-vccn013:31093 kafash-vccn014:31094
regash-vccn004,ab2v registry xbr prdab,filebeat-6.7.0-1,,/etc/filebeat/filebeat.yml,null,/apps/tomcat-registry/lib/log4j2.xml ,kafash-vccn010:31090 kafash-vccn011:31091 kafash-vccn012:31092 kafash-vccn013:31093 kafash-vccn014:31094
regrck-vccn003,rk1v registry jobs prdrk,filebeat-6.7.0-1,,/etc/filebeat/filebeat.yml,null,,
regrck-vccn004,rk1v registry fdn prdrk,filebeat-6.7.0-1,,/etc/filebeat/filebeat.yml,null,/apps/apmagents/appagent/conf/logging/log4j2.xml /apps/tomcat-registry-fdn/lib/log4j2.xml /apps/tomcat.old/lib/log4j2.xml ,telemetry telemetry
regrck-vccn005,rk2v registry fdn prdrk,filebeat-6.7.0-1,,/etc/filebeat/filebeat.yml,null,/apps/apmagents/appagent/conf/logging/log4j2.xml /apps/tomcat-registry-fdn/lib/log4j2.xml /apps/tomcat.old/lib/log4j2.xml ,telemetry telemetry
regrck-vccn006,rk1v registry xbr prdrk,filebeat-6.7.0-1,,/etc/filebeat/filebeat.yml,null,/apps/apmagents/log4j2.xml /apps/tomcat-registry/lib/log4j2.xml ,kafrck-vccn010:31090 kafrck-vccn011:31091 kafrck-vccn012:31092 kafrck-vccn013:31093 kafrck-vccn014:31094
regrck-vccn007,rk2v registry xbr prdrk,filebeat-6.7.0-1,,/etc/filebeat/filebeat.yml,null,/apps/tomcat-registry/lib/log4j2.xml ,kafrck-vccn010:31090 kafrck-vccn011:31091 kafrck-vccn012:31092 kafrck-vccn013:31093 kafrck-vccn014:31094
sccext-prd-rk1v,sccext prdrk,filebeat-6.4.2-1,,/etc/filebeat/filebeat.yml,null,,
sccext-prd-rk2v,sccext prdrk,filebeat-6.4.2-1,,/etc/filebeat/filebeat.yml,null,,
sccext-prd-sac1v,sccext prdsac,filebeat-6.4.2-1,,/etc/filebeat/filebeat.yml,null,/apps/tomcat-sccext/lib/log4j2.xml ,telemetry
sccint-prd-rk1v,sccint prdrk,filebeat-6.4.2-1,,/etc/filebeat/filebeat.yml,null,,
sccint-prd-rk2v,sccint prdrk,filebeat-6.4.2-1,,/etc/filebeat/filebeat.yml,null,,
sccrck-vpcn001,sccint-new prdrk prdrk3v,filebeat-6.7.0-1,,/etc/filebeat/filebeat.yml,null,/apps/tomcat-sccint/lib/log4j2.xml ,kafrck-vccn010:31090 kafrck-vccn011:31091 kafrck-vccn012:31092 kafrck-vccn013:31093 kafrck-vccn014:31094
sccrck-vpcn002,sccint-new prdrk prdrk4v,filebeat-6.7.0-1,,/etc/filebeat/filebeat.yml,null,/apps/tomcat-sccint_bkp_27June2022/lib/log4j2.xml /apps/tomcat-sccint/lib/log4j2.xml ,kafrck-vccn010:31090 kafrck-vccn011:31091 kafrck-vccn012:31092 kafrck-vccn013:31093 kafrck-vccn014:31094 kafrck-vccn010:31090 kafrck-vccn011:31091 kafrck-vccn012:31092 kafrck-vccn013:31093 kafrck-vccn014:31094
sccrck-vpcn003,sccext-new prdrk prdrk3v,filebeat-6.7.0-1,,/etc/filebeat/filebeat.yml,null,/apps/tomcat-sccext_bkp_27June2022/lib/log4j2.xml ,kafrck-vccn010:31090 kafrck-vccn011:31091 kafrck-vccn012:31092 kafrck-vccn013:31093 kafrck-vccn014:31094
sccrck-vpcn004,sccext-new prdrk prdrk4v,filebeat-6.5.4-1,,/etc/filebeat/filebeat.yml,null,,
sccrck-vpcn005,sccext-new prdrk prdrk5v,filebeat-6.5.4-1,,/etc/filebeat/filebeat.yml,null,,
search-orchestrator-ca-prd-sac1v,oss-orchestrator-ca prd-ca prd1-ca sac1-ca prdsac1-ca prdsac-ca,filebeat-6.7.0-1,,/etc/filebeat/filebeat.yml,null,/apps/tomcat-oss-search-orchestrator/lib/log4j2.xml ,telemetry
search-orchestrator-prd-sac1v,oss-orchestrator prd prd1 sac1 prdsac1 prdsac,filebeat-6.7.0-1,,/etc/filebeat/filebeat.yml,null,,
search-publisher-ca-prd-sac1v,oss-publisher-ca prdsac-ca prdsac1-ca,filebeat-6.7.0-1,,/etc/filebeat/filebeat.yml,null,/apps/tomcat-oss-search-publisher/lib/log4j2.xml ,telemetry
search-publisher-prd-rk1v,oss-publisher prdrk prdrk1,filebeat-6.7.0-1,,/etc/filebeat/filebeat.yml,null,/apps/tomcat-oss-search-publisher/lib/log4j2.xml ,telemetry
search-publisher-prd-sac1v,oss-publisher prdsac prdsac1,filebeat-6.7.0-1,,/etc/filebeat/filebeat.yml,null,,
singleuse-prd-rk1v,prd prdrk singleuse master,filebeat-6.4.2-1,,/etc/filebeat/filebeat.yml,null,,
singleuseresolver-prd-rk1v,prd prdab singleuse ab1v,filebeat-6.4.2-1,,/etc/filebeat/filebeat.yml,null,/apps/tomcat-singleuse/lib/log4j2.xml ,
singleuseresolver-prd-rk2v,prd prdab singleuse ab2v,filebeat-6.4.2-1,,/etc/filebeat/filebeat.yml,null,/apps/tomcat-singleuse/lib/log4j2.xml ,
singleuseresolver-prd-rk3v,prd prdrk singleuse resolver rk3v,filebeat-6.4.2-1,,/etc/filebeat/filebeat.yml,null,/apps/tomcat-singleuse/lib/log4j2.xml ,
singleuseresolver-prd-rk4v,prd prdrk singleuse resolver rk4v,filebeat-6.4.2-1,,/etc/filebeat/filebeat.yml,null,/apps/tomcat-singleuse/lib/log4j2.xml ,
wahrck-vpcn001,webauth oauth prd rk7v,filebeat-6.7.0-1,,/etc/filebeat/filebeat.yml,null,/apps/tomcat-oauth/lib/log4j2.xml ,kafrck-vccn010:31090 kafrck-vccn011:31091 kafrck-vccn012:31092 kafrck-vccn013:31093 kafrck-vccn014:31094
wcarck-vccn001,xcadm prd rck rk2 wc1,filebeat-6.7.0-1,,/etc/filebeat/filebeat.yml,null,,
wcmrck-vccn003,frontend ecmprd1  pk ecmprd1-pk,filebeat-6.7.0-1,,/etc/filebeat/filebeat.yml,null,/apps/tomcat/lib/log4j2.xml ,telemetry
wcmrck-vccn005,frontend ecmprd1  we ecmprd1-we,filebeat-6.7.0-1,,/etc/filebeat/filebeat.yml,null,/apps/tomcat/lib/log4j2.xml ,telemetry
wcmrck-vccn006,frontend ecmprd1  pb ecmprd1-pb,filebeat-6.7.0-1,,/etc/filebeat/filebeat.yml,null,/apps/tomcat/lib/log4j2.xml ,telemetry
wcmrck-vccn009,frontend ecmprd1  mg ecmprd1-mg,filebeat-6.7.0-1,,/etc/filebeat/filebeat.yml,null,/apps/tomcat/lib/log4j2.xml ,telemetry
we-ecmpub-prd-rk1v,ecm we prd prdrk publish ecmpub ecm-publish,filebeat-6.4.2-1,,/etc/filebeat/filebeat.yml,elkrck-vccn009:5044 elkrck-vccn010:5044 elkrck-vccn011:5044,,
we-prd-ab10v,frontend we prdab,filebeat-6.7.0-1,,/etc/filebeat/filebeat.yml,null,/apps/tomcat/lib/log4j2.xml ,kafash-vccn010:31090 kafash-vccn011:31091 kafash-vccn012:31092 kafash-vccn013:31093 kafash-vccn014:31094
we-prd-ab1v,frontend we prdab,filebeat-6.7.0-1,,/etc/filebeat/filebeat.yml,null,/apps/tomcat/lib/log4j2.xml ,kafash-vccn010:31090 kafash-vccn011:31091 kafash-vccn012:31092 kafash-vccn013:31093 kafash-vccn014:31094
we-prd-ab2v,frontend we prdab,filebeat-6.7.0-1,,/etc/filebeat/filebeat.yml,null,/apps/tomcat/lib/log4j2.xml ,kafash-vccn010:31090 kafash-vccn011:31091 kafash-vccn012:31092 kafash-vccn013:31093 kafash-vccn014:31094
we-prd-ab3v,frontend we prdab,filebeat-6.7.0-1,,/etc/filebeat/filebeat.yml,null,/apps/tomcat/lib/log4j2.xml ,kafash-vccn010:31090 kafash-vccn011:31091 kafash-vccn012:31092 kafash-vccn013:31093 kafash-vccn014:31094
we-prd-ab4v,frontend we prdab,filebeat-6.7.0-1,,/etc/filebeat/filebeat.yml,null,/apps/tomcat/lib/log4j2.xml ,kafash-vccn010:31090 kafash-vccn011:31091 kafash-vccn012:31092 kafash-vccn013:31093 kafash-vccn014:31094
we-prd-ab5v,frontend we prdab,filebeat-6.7.0-1,,/etc/filebeat/filebeat.yml,null,/apps/tomcat/lib/log4j2.xml ,kafash-vccn010:31090 kafash-vccn011:31091 kafash-vccn012:31092 kafash-vccn013:31093 kafash-vccn014:31094
we-prd-ab6v,frontend we prdab,filebeat-6.7.0-1,,/etc/filebeat/filebeat.yml,null,/apps/tomcat/lib/log4j2.xml ,kafash-vccn010:31090 kafash-vccn011:31091 kafash-vccn012:31092 kafash-vccn013:31093 kafash-vccn014:31094
we-prd-ab7v,frontend we prdab,filebeat-6.7.0-1,,/etc/filebeat/filebeat.yml,null,/apps/tomcat/lib/log4j2.xml ,kafash-vccn010:31090 kafash-vccn011:31091 kafash-vccn012:31092 kafash-vccn013:31093 kafash-vccn014:31094
we-prd-ab8v,frontend we prdab,filebeat-6.7.0-1,,/etc/filebeat/filebeat.yml,null,/apps/tomcat/lib/log4j2.xml ,kafash-vccn010:31090 kafash-vccn011:31091 kafash-vccn012:31092 kafash-vccn013:31093 kafash-vccn014:31094
we-prd-ab9v,frontend we prdab,filebeat-6.7.0-1,,/etc/filebeat/filebeat.yml,null,/apps/tomcat/lib/log4j2.xml ,kafash-vccn010:31090 kafash-vccn011:31091 kafash-vccn012:31092 kafash-vccn013:31093 kafash-vccn014:31094
we-preprd-ab1v,frontend we preprd preprdab,filebeat-6.4.2-1,,/etc/filebeat/filebeat.yml,null,/apps/tomcat/lib/log4j2.xml ,kafash-vccn010:31090 kafash-vccn011:31091 kafash-vccn012:31092 kafash-vccn013:31093 kafash-vccn014:31094
webash-vccn001,webauth oauth prd ab3v,filebeat-6.4.2-1,,/etc/filebeat/filebeat.yml,null,/apps/tomcat-oauth/lib/log4j2.xml ,kafash-vccn010:31090 kafash-vccn011:31091 kafash-vccn012:31092 kafash-vccn013:31093 kafash-vccn014:31094
webauth-prd-ab01v,webauth oauth prd ab1v,filebeat-6.4.2-1,,/etc/filebeat/filebeat.yml,null,/apps/tomcat-oauth/lib/log4j2.xml ,kafash-vccn010:31090 kafash-vccn011:31091 kafash-vccn012:31092 kafash-vccn013:31093 kafash-vccn014:31094
webauth-prd-ab02v,webauth oauth prd ab2v,filebeat-6.4.2-1,,/etc/filebeat/filebeat.yml,null,/apps/tomcat-oauth/lib/log4j2.xml ,kafash-vccn010:31090 kafash-vccn011:31091 kafash-vccn012:31092 kafash-vccn013:31093 kafash-vccn014:31094
webauth-prd-rk01v,webauth oauth prd rk1v,filebeat-6.4.2-1,,/etc/filebeat/filebeat.yml,null,/apps/tomcat-oauth/lib/log4j2.xml ,kafrck-vccn010:31090 kafrck-vccn011:31091 kafrck-vccn012:31092 kafrck-vccn013:31093 kafrck-vccn014:31094
webauth-prd-rk02v,webauth oauth prd rk2v,filebeat-6.4.2-1,,/etc/filebeat/filebeat.yml,null,/apps/tomcat-oauth/lib/log4j2.xml ,kafrck-vccn010:31090 kafrck-vccn011:31091 kafrck-vccn012:31092 kafrck-vccn013:31093 kafrck-vccn014:31094
webrck-vccn001,webauth oauth prd rk3v,filebeat-6.4.2-1,,/etc/filebeat/filebeat.yml,null,/apps/tomcat-oauth/lib/log4j2.xml ,kafrck-vccn010:31090 kafrck-vccn011:31091 kafrck-vccn012:31092 kafrck-vccn013:31093 kafrck-vccn014:31094
ws-ecmpub-prd-rk1v,ecm ws prd prdrk publish ecmpub ecm-publish,filebeat-6.4.2-1,,/etc/filebeat/filebeat.yml,elkrck-vccn009:5044 elkrck-vccn010:5044 elkrck-vccn011:5044,,
ws-preprd-ab1v,frontend ws preprd preprdab,filebeat-6.4.2-1,,/etc/filebeat/filebeat.yml,null,/apps/tomcat/lib/log4j2.xml ,kafash-vccn010:31090 kafash-vccn011:31091 kafash-vccn012:31092 kafash-vccn013:31093 kafash-vccn014:31094
ws-preprd-rk1v,frontend ws preprd preprdrk,filebeat-6.4.2-1,,/etc/filebeat/filebeat.yml,null,/apps/tomcat/lib/log4j2.xml ,kafrck-vccn010:31090 kafrck-vccn011:31091 kafrck-vccn012:31092 kafrck-vccn013:31093 kafrck-vccn014:31094
xcaash-vccn001,xcadm prd ab1 ab,filebeat-6.7.0-1,,/etc/filebeat/filebeat.yml,null,/apps/apmagents.old/appagent/conf/logging/log4j2.xml /apps/apmagents/appagent/conf/logging/log4j2.xml ,
xcadm-prd-ab1v,xcadm prd ab1v,filebeat-6.4.2-1,,/etc/filebeat/filebeat.yml,null,,
xcadm-prd-rk1v,xcadm prd rck rk rk1v,filebeat-6.4.2-1,,/etc/filebeat/filebeat.yml,null,,
xcadm-prd-rk2v,xcadm prd rck rk rk2v,filebeat-6.4.2-1,,/etc/filebeat/filebeat.yml,null,,
xcarck-vccn001,xcadm prd rck rk1 xc1,filebeat-6.7.0-1,,/etc/filebeat/filebeat.yml,elkrck-vccn009:5044 elkrck-vccn010:5044 elkrck-vccn011:5044,/apps/apmagents.old/appagent/conf/logging/log4j2.xml /apps/apmagents/appagent/conf/logging/log4j2.xml ,
