Please create the following A records in DNS and VIPs on the F5 load balancers; you can model these on the existing QA VIPs
Jira: mead-17251

A records/VIPS,,,Node,Ports
vip_ca1_pb, IN A, origin-www.ca1.potterybarn.com,pb-cadev1-sac1v.wsgc.com, 80 49446
vip_ca1_pk, IN A, origin-www.ca1.potterybarnkids.com,pk-cadev1-sac1v.wsgc.com, 80 49446
vip_ca1_we, IN A, origin-www.ca1.westelm.com,we-cadev1-sac1v.wsgc.com, 80 49446
vip_ca1_ws, IN A, origin-www.ca1.williams-sonoma.com,ws-cadev1-sac1v.wsgc.com, 80 49446

