Please update the following A records in DNS and VIPs on the F5 load balancers; you can model these on the existing QA VIPs

A records/VIPS,,,Node,Ports
vip_qa11_mg_com, IN A, origin-www.qa11.markandgraham.com,mg-intdev11-rk1.wsgc.com, 80 49446
vip_qa11_pb_com, IN A, origin-www.qa11.potterybarn.com,pb-intdev11-rk1.wsgc.com, 80 49446
vip_qa11_pk_com, IN A, origin-www.qa11.potterybarnkids.com,pk-intdev11-rk1.wsgc.com, 80 49446
vip_qa11_pt_com, IN A, origin-www.qa11.pbteen.com,pt-intdev11-rk1.wsgc.com, 80 49446
vip_qa11_we_com, IN A, origin-www.qa11.westelm.com,we-intdev11-rk1.wsgc.com, 80 49446
vip_qa11_ws_com, IN A, origin-www.qa11.williams-sonoma.com,ws-intdev11-rk1.wsgc.com, 80 49446

Jira: mead-21560

