Please create the following A records in DNS and VIPs on the F5 load balancers; you can model these on the existing QA VIPs
Note: these environments do not use 6x site codes, so the HealthCheck will need to be different

A records/VIPS,,,Node,Ports
vip_uat6_pb_ca, IN A, origin-www.uat6.potterybarn.ca,pb-cauat6-rk1v.wsgc.com, 80 49446
vip_uat6_pk_ca, IN A, origin-www.uat6.potterybarnkids.ca,pk-cauat6-rk1v.wsgc.com, 80 49446
vip_uat6_we_ca, IN A, origin-www.uat6.westelm.ca,we-cauat6-rk1v.wsgc.com, 80 49446
vip_uat6_ws_ca, IN A, origin-www.uat6.williams-sonoma.ca,ws-cauat6-rk1v.wsgc.com, 80 49446

Jira: mead-21979

