Please create the following CNAMEs in DNS
www.qa30.markandgraham.com,IN CNAME,secure-qa1.wsgc.com.edgekey.net
www.qa30.potterybarn.com,IN CNAME,secure-qa1.wsgc.com.edgekey.net
www.qa30.potterybarnkids.com,IN CNAME,secure-qa1.wsgc.com.edgekey.net
www.qa30.pbteen.com,IN CNAME,secure-qa1.wsgc.com.edgekey.net
www.qa30.westelm.com,IN CNAME,secure-qa1.wsgc.com.edgekey.net
www.qa30.williams-sonoma.com,IN CNAME,secure-qa1.wsgc.com.edgekey.net
www.qa31.markandgraham.com,IN CNAME,secure-qa1.wsgc.com.edgekey.net
www.qa31.potterybarn.com,IN CNAME,secure-qa1.wsgc.com.edgekey.net
www.qa31.potterybarnkids.com,IN CNAME,secure-qa1.wsgc.com.edgekey.net
www.qa31.pbteen.com,IN CNAME,secure-qa1.wsgc.com.edgekey.net
www.qa31.westelm.com,IN CNAME,secure-qa1.wsgc.com.edgekey.net
www.qa31.williams-sonoma.com,IN CNAME,secure-qa1.wsgc.com.edgekey.net
www.qa32.markandgraham.com,IN CNAME,secure-qa1.wsgc.com.edgekey.net
www.qa32.potterybarn.com,IN CNAME,secure-qa1.wsgc.com.edgekey.net
www.qa32.potterybarnkids.com,IN CNAME,secure-qa1.wsgc.com.edgekey.net
www.qa32.pbteen.com,IN CNAME,secure-qa1.wsgc.com.edgekey.net
www.qa32.westelm.com,IN CNAME,secure-qa1.wsgc.com.edgekey.net
www.qa32.williams-sonoma.com,IN CNAME,secure-qa1.wsgc.com.edgekey.net
www.qa33.markandgraham.com,IN CNAME,secure-qa1.wsgc.com.edgekey.net
www.qa33.potterybarn.com,IN CNAME,secure-qa1.wsgc.com.edgekey.net
www.qa33.potterybarnkids.com,IN CNAME,secure-qa1.wsgc.com.edgekey.net
www.qa33.pbteen.com,IN CNAME,secure-qa1.wsgc.com.edgekey.net
www.qa33.westelm.com,IN CNAME,secure-qa1.wsgc.com.edgekey.net
www.qa33.williams-sonoma.com,IN CNAME,secure-qa1.wsgc.com.edgekey.net
www.qa34.markandgraham.com,IN CNAME,secure-qa1.wsgc.com.edgekey.net
www.qa34.potterybarn.com,IN CNAME,secure-qa1.wsgc.com.edgekey.net
www.qa34.potterybarnkids.com,IN CNAME,secure-qa1.wsgc.com.edgekey.net
www.qa34.pbteen.com,IN CNAME,secure-qa1.wsgc.com.edgekey.net
www.qa34.westelm.com,IN CNAME,secure-qa1.wsgc.com.edgekey.net
www.qa34.williams-sonoma.com,IN CNAME,secure-qa1.wsgc.com.edgekey.net
www.qa35.markandgraham.com,IN CNAME,secure-qa1.wsgc.com.edgekey.net
www.qa35.potterybarn.com,IN CNAME,secure-qa1.wsgc.com.edgekey.net
www.qa35.potterybarnkids.com,IN CNAME,secure-qa1.wsgc.com.edgekey.net
www.qa35.pbteen.com,IN CNAME,secure-qa1.wsgc.com.edgekey.net
www.qa35.westelm.com,IN CNAME,secure-qa1.wsgc.com.edgekey.net
www.qa35.williams-sonoma.com,IN CNAME,secure-qa1.wsgc.com.edgekey.net
www.uat5.markandgraham.com,IN CNAME,secure-qa1.wsgc.com.edgekey.net
www.uat5.potterybarn.com,IN CNAME,secure-qa1.wsgc.com.edgekey.net
www.uat5.potterybarnkids.com,IN CNAME,secure-qa1.wsgc.com.edgekey.net
www.uat5.pbteen.com,IN CNAME,secure-qa1.wsgc.com.edgekey.net
www.uat5.westelm.com,IN CNAME,secure-qa1.wsgc.com.edgekey.net
www.uat5.williams-sonoma.com,IN CNAME,secure-qa1.wsgc.com.edgekey.net
