Please create the following A records in DNS and VIPs on the F5 load balancers; you can model these on the existing QA VIPs

A records/VIPS,,,Node,Ports
vip_qa45_mg, IN A, origin-www.qa45.markandgraham.com,mg-intdev45-sac1v, 80 49446
vip_qa45_pb, IN A, origin-www.qa45.potterybarn.com,pb-intdev45-sac1v, 80 49446
vip_qa45_pk, IN A, origin-www.qa45.potterybarnkids.com,pk-intdev45-sac1v, 80 49446
vip_qa45_pt, IN A, origin-www.qa45.pbteen.com,pt-intdev45-sac1v, 80 49446
vip_qa45_we, IN A, origin-www.qa45.westelm.com,we-intdev45-sac1v, 80 49446
vip_qa45_ws, IN A, origin-www.qa45.williams-sonoma.com,ws-intdev45-sac1v, 80 49446

Jira: mead-10810
