Please create the following A records in DNS and VIPs on the F5 load balancers; you can model these on the existing QA VIPs
Jira: mead-17337

A records/VIPS,,,Node,Ports
vip_uat6_mg, IN A, origin-www.uat6.markandgraham.com,mg-uat6-rk1v, 80 49446
vip_uat6_pb, IN A, origin-www.uat6.potterybarn.com,pb-uat6-rk1v, 80 49446
vip_uat6_pk, IN A, origin-www.uat6.potterybarnkids.com,pk-uat6-rk1v, 80 49446
vip_uat6_pt, IN A, origin-www.uat6.pbteen.com,pt-uat6-rk1v, 80 49446
vip_uat6_we, IN A, origin-www.uat6.westelm.com,we-uat6-rk1v, 80 49446
vip_uat6_ws, IN A, origin-www.uat6.williams-sonoma.com,ws-uat6-rk1v, 80 49446

