Please create the following A records in DNS and VIPs on the F5 load balancers; you can model these on the existing QA VIPs
Jira: mead-15932

A records/VIPS,,,Node,Ports
vip_qa46_mg, IN A, origin-www.qa46.markandgraham.com,mg-intdev46-sac1v.wsgc.com, 80 49446
vip_qa46_pb, IN A, origin-www.qa46.potterybarn.com,pb-intdev46-sac1v.wsgc.com, 80 49446
vip_qa46_pk, IN A, origin-www.qa46.potterybarnkids.com,pk-intdev46-sac1v.wsgc.com, 80 49446
vip_qa46_pt, IN A, origin-www.qa46.pbteen.com,pt-intdev46-sac1v.wsgc.com, 80 49446
vip_qa46_we, IN A, origin-www.qa46.westelm.com,we-intdev46-sac1v.wsgc.com, 80 49446
vip_qa46_ws, IN A, origin-www.qa46.williams-sonoma.com,ws-intdev46-sac1v.wsgc.com, 80 49446

