Please create the following A records in DNS and VIPs on the F5 load balancers; you can model these on the existing QA VIPs

A records/VIPS,,,Node,Ports
vip_qa31_pb_ca, IN A, origin-www.qa31.potterybarn.ca,pb-caqa31-rk1v.wsgc.com, 80 49446
vip_qa31_pk_ca, IN A, origin-www.qa31.potterybarnkids.ca,pk-caqa31-rk1v.wsgc.com, 80 49446
vip_qa31_we_ca, IN A, origin-www.qa31.westelm.ca,we-caqa31-rk1v.wsgc.com, 80 49446
vip_qa31_ws_ca, IN A, origin-www.qa31.williams-sonoma.ca,ws-caqa31-rk1v.wsgc.com, 80 49446

Jira: mead-21391

