Please create the following 'A' records in DNS, and corresponding VIPs on the F5 load balancers. 
You can model these on the existing QA VIPs.  
Please use the TCP 'Sitecode_ignore' node health rule for these VIPs

A records/VIPS,,,Node,Ports
vip_uat_pt_ca, IN A, origin-www.uat.pbteen.ca,pt-cauat1-rk1v.wsgc.com, 80 49446
vip_uat2_pt_ca, IN A, origin-www.uat2.pbteen.ca,pt-cauat2-rk1v.wsgc.com, 80 49446
vip_uat4_pt_ca, IN A, origin-www.uat4.pbteen.ca,pt-cauat4-rk1v.wsgc.com, 80 49446
vip_uat6_pt_ca, IN A, origin-www.uat6.pbteen.ca,pt-cauat6-rk1v.wsgc.com, 80 49446
vip_uat7_pt_ca, IN A, origin-www.uat7.pbteen.ca,pt-cauat7-rk1v.wsgc.com, 80 49446
vip_bpv_pt_ca, IN A, origin-www.bpv.pbteen.ca,pt-cabpv-rk1v.wsgc.com, 80 49446
vip_qa10_pt_ca, IN A, origin-www.qa10.pbteen.ca,pt-caqa10-rk1v.wsgc.com, 80 49446
vip_qa11_pt_ca, IN A, origin-www.qa11.pbteen.ca,pt-caqa11-rk1v.wsgc.com, 80 49446
vip_qa31_pt_ca, IN A, origin-www.qa31.pbteen.ca,pt-caqa31-rk1v.wsgc.com, 80 49446
vip_regression_pt_ca, IN A, origin-regression.pbteen.ca,pt-cargs1-rk1v.wsgc.com, 80 49446

Jira: mead-29002

