Please create the following A records in DNS and VIPs on the F5 load balancers; you can model these on the existing QA VIPs
Jira: mead-12043

A records/VIPS,,,Node,Ports
vip_qa36_mg, IN A, origin-www.qa36.markandgraham.com,mg-intdev36-rk1v, 80 49446
vip_qa36_pb, IN A, origin-www.qa36.potterybarn.com,pb-intdev36-rk1v, 80 49446
vip_qa36_pk, IN A, origin-www.qa36.potterybarnkids.com,pk-intdev36-rk1v, 80 49446
vip_qa36_pt, IN A, origin-www.qa36.pbteen.com,pt-intdev36-rk1v, 80 49446
vip_qa36_we, IN A, origin-www.qa36.westelm.com,we-intdev36-rk1v, 80 49446
vip_qa36_ws, IN A, origin-www.qa36.williams-sonoma.com,ws-intdev36-rk1v, 80 49446

