Please create the following CNAMEs in DNS

www.uat2.rejuvenation.com,IN CNAME,secure-qa1.wsgc.com.edgekey.net
www.uat3.rejuvenation.com,IN CNAME,secure-qa1.wsgc.com.edgekey.net
www.uat4.rejuvenation.com,IN CNAME,secure-qa1.wsgc.com.edgekey.net
www.uat6.rejuvenation.com,IN CNAME,secure-qa1.wsgc.com.edgekey.net
www.uat7.rejuvenation.com,IN CNAME,secure-qa1.wsgc.com.edgekey.net
regression.rejuvenation.com,IN CNAME,secure-qa1.wsgc.com.edgekey.net
www.qa10.rejuvenation.com,IN CNAME,secure-qa1.wsgc.com.edgekey.net
www.qa11.rejuvenation.com,IN CNAME,secure-qa1.wsgc.com.edgekey.net
www.qa31.rejuvenation.com,IN CNAME,secure-qa1.wsgc.com.edgekey.net

Jira: mead-26812

