Please create the following A records in DNS and VIPs on the F5 load balancers; you can model these on the existing QA VIPs
Jira: mead-18031

A records/VIPS,,,Node,Ports
vip_qa56_mg, IN A, origin-www.qa56.markandgraham.com,mg-intdev56-rk1v.wsgc.com, 80 49446
vip_qa56_pb, IN A, origin-www.qa56.potterybarn.com,pb-intdev56-rk1v.wsgc.com, 80 49446
vip_qa56_pk, IN A, origin-www.qa56.potterybarnkids.com,pk-intdev56-rk1v.wsgc.com, 80 49446
vip_qa56_pt, IN A, origin-www.qa56.pbteen.com,pt-intdev56-rk1v.wsgc.com, 80 49446
vip_qa56_we, IN A, origin-www.qa56.westelm.com,we-intdev56-rk1v.wsgc.com, 80 49446
vip_qa56_ws, IN A, origin-www.qa56.williams-sonoma.com,ws-intdev56-rk1v.wsgc.com, 80 49446

