Please create the following A records in DNS and VIPs on the F5 load balancers; you can model these on the existing QA VIPs

A records/VIPS,,,Node,Ports
vip_qa10_pb_ca, IN A, origin-www.qa10.potterybarn.ca,pb-caqa10-rk1v.wsgc.com, 80 49446
vip_qa10_pk_ca, IN A, origin-www.qa10.potterybarnkids.ca,pk-caqa10-rk1v.wsgc.com, 80 49446
vip_qa10_we_ca, IN A, origin-www.qa10.westelm.ca,we-caqa10-rk1v.wsgc.com, 80 49446
vip_qa10_ws_ca, IN A, origin-www.qa10.williams-sonoma.ca,ws-caqa10-rk1v.wsgc.com, 80 49446

Jira: mead-21277

