Please create the following CNAMEs in DNS

www.ecmqa1.markandgraham.com,IN CNAME,secure-qa1.wsgc.com.edgekey.net
www.ecmqa1.potterybarn.com,IN CNAME,secure-qa1.wsgc.com.edgekey.net
www.ecmqa1.potterybarnkids.com,IN CNAME,secure-qa1.wsgc.com.edgekey.net
www.ecmqa1.pbteen.com,IN CNAME,secure-qa1.wsgc.com.edgekey.net
www.ecmqa1.westelm.com,IN CNAME,secure-qa1.wsgc.com.edgekey.net
www.ecmqa1.williams-sonoma.com,IN CNAME,secure-qa1.wsgc.com.edgekey.net
www.ecmuat1.markandgraham.com,IN CNAME,secure-qa1.wsgc.com.edgekey.net
www.ecmuat1.potterybarn.com,IN CNAME,secure-qa1.wsgc.com.edgekey.net
www.ecmuat1.potterybarnkids.com,IN CNAME,secure-qa1.wsgc.com.edgekey.net
www.ecmuat1.pbteen.com,IN CNAME,secure-qa1.wsgc.com.edgekey.net
www.ecmuat1.westelm.com,IN CNAME,secure-qa1.wsgc.com.edgekey.net
www.ecmuat1.williams-sonoma.com,IN CNAME,secure-qa1.wsgc.com.edgekey.net

Jira: mead-24503

