Please create the following A records in DNS and VIPs on the F5 load balancers; you can model these on the existing QA VIPs
Jira: mead-19159

A records/VIPS,,,Node,Ports
vip_qa57_mg, IN A, origin-www.qa57.markandgraham.com,mg-intdev57-rk1v.wsgc.com, 80 49446
vip_qa57_pb, IN A, origin-www.qa57.potterybarn.com,pb-intdev57-rk1v.wsgc.com, 80 49446
vip_qa57_pk, IN A, origin-www.qa57.potterybarnkids.com,pk-intdev57-rk1v.wsgc.com, 80 49446
vip_qa57_pt, IN A, origin-www.qa57.pbteen.com,pt-intdev57-rk1v.wsgc.com, 80 49446
vip_qa57_we, IN A, origin-www.qa57.westelm.com,we-intdev57-rk1v.wsgc.com, 80 49446
vip_qa57_ws, IN A, origin-www.qa57.williams-sonoma.com,ws-intdev57-rk1v.wsgc.com, 80 49446

