Please create the following A records in DNS and VIPs on the F5 load balancers; you can model these on the existing QA VIPs
Jira: mead-16638

A records/VIPS,,,Node,Ports
vip_qa54_mg, IN A, origin-www.qa54.markandgraham.com,mg-intdev54-sac1v.wsgc.com, 80 49446
vip_qa54_pb, IN A, origin-www.qa54.potterybarn.com,pb-intdev54-sac1v.wsgc.com, 80 49446
vip_qa54_pk, IN A, origin-www.qa54.potterybarnkids.com,pk-intdev54-sac1v.wsgc.com, 80 49446
vip_qa54_pt, IN A, origin-www.qa54.pbteen.com,pt-intdev54-sac1v.wsgc.com, 80 49446
vip_qa54_we, IN A, origin-www.qa54.westelm.com,we-intdev54-sac1v.wsgc.com, 80 49446
vip_qa54_ws, IN A, origin-www.qa54.williams-sonoma.com,ws-intdev54-sac1v.wsgc.com, 80 49446

