Please create the following 'A' records in DNS, and corresponding VIPs on the F5 load balancers. 
You can model these on the existing QA VIPs.  
Please use the TCP 'Sitecode_ignore' node health rule for these VIPs

A records/VIPS,,,Node,Ports
vip_uat8_mg_com, IN A, origin-www.uat8.markandgraham.com,mg-uat8-rk1v.wsgc.com, 80 49446
vip_uat8_pb_com, IN A, origin-www.uat8.potterybarn.com,pb-uat8-rk1v.wsgc.com, 80 49446
vip_uat8_pk_com, IN A, origin-www.uat8.potterybarnkids.com,pk-uat8-rk1v.wsgc.com, 80 49446
vip_uat8_pt_com, IN A, origin-www.uat8.pbteen.com,pt-uat8-rk1v.wsgc.com, 80 49446
vip_uat8_rj_com, IN A, origin-www.uat8.rejuvenation.com,rj-uat8-rk1v.wsgc.com, 80 49446
vip_uat8_we_com, IN A, origin-www.uat8.westelm.com,we-uat8-rk1v.wsgc.com, 80 49446
vip_uat8_ws_com, IN A, origin-www.uat8.williams-sonoma.com,ws-uat8-rk1v.wsgc.com, 80 49446

Jira: mead-28036

