Please create the following A records in DNS and VIPs on the F5 load balancers; you can model these on the existing QA VIPs
Jira: mead-18032

A records/VIPS,,,Node,Ports
vip_staging_mg, IN A, origin-www.staging.markandgraham.com,mg-staging-rk1v.wsgc.com, 80 49446
vip_staging_pb, IN A, origin-www.staging.potterybarn.com,pb-staging-rk1v.wsgc.com, 80 49446
vip_staging_pk, IN A, origin-www.staging.potterybarnkids.com,pk-staging-rk1v.wsgc.com, 80 49446
vip_staging_pt, IN A, origin-www.staging.pbteen.com,pt-staging-rk1v.wsgc.com, 80 49446
vip_staging_we, IN A, origin-www.staging.westelm.com,we-staging-rk1v.wsgc.com, 80 49446
vip_staging_ws, IN A, origin-www.staging.williams-sonoma.com,ws-staging-rk1v.wsgc.com, 80 49446

