Please create the following A records in DNS and VIPs on the F5 load balancers; you can model these on the existing QA VIPs

A records/VIPS,,,Node,Ports
vip_uat3_pb_ca, IN A, origin-www.uat3.potterybarn.ca,pb-cauat3-rk1v.wsgc.com, 80 49446
vip_uat3_pk_ca, IN A, origin-www.uat3.potterybarnkids.ca,pk-cauat3-rk1v.wsgc.com, 80 49446
vip_uat3_we_ca, IN A, origin-www.uat3.westelm.ca,we-cauat3-rk1v.wsgc.com, 80 49446
vip_uat3_ws_ca, IN A, origin-www.uat3.williams-sonoma.ca,ws-cauat3-rk1v.wsgc.com, 80 49446

Jira: mead-21354

