Please create the following A records in DNS and VIPs on the F5 load balancers; you can model these on the existing QA VIPs
Jira: mead-16638

A records/VIPS,,,Node,Ports
vip_qa55_mg, IN A, origin-www.qa55.markandgraham.com,mg-intdev55-sac1v.wsgc.com, 80 49446
vip_qa55_pb, IN A, origin-www.qa55.potterybarn.com,pb-intdev55-sac1v.wsgc.com, 80 49446
vip_qa55_pk, IN A, origin-www.qa55.potterybarnkids.com,pk-intdev55-sac1v.wsgc.com, 80 49446
vip_qa55_pt, IN A, origin-www.qa55.pbteen.com,pt-intdev55-sac1v.wsgc.com, 80 49446
vip_qa55_we, IN A, origin-www.qa55.westelm.com,we-intdev55-sac1v.wsgc.com, 80 49446
vip_qa55_ws, IN A, origin-www.qa55.williams-sonoma.com,ws-intdev55-sac1v.wsgc.com, 80 49446

