Please create/update the following A records in DNS and VIPs on the F5 load balancers; you can model these on the existing QA VIPs.  Use the 'Sitecode_ignore' node health rule for the VIPs

A records/VIPS,,,Node,Ports
vip_qa59_mg_com,IN A,origin-www.qa59.markandgraham.com,10.7.6.111,80 49446
vip_qa59_pb_com,IN A,origin-www.qa59.potterybarn.com,10.7.1.11,80 49446
vip_qa59_pk_com,IN A,origin-www.qa59.potterybarnkids.com,10.7.6.110,80 49446
vip_qa59_pt_com,IN A,origin-www.qa59.pbteen.com,10.7.6.112,80 49446
vip_qa59_we_com,IN A,origin-www.qa59.westelm.com,10.7.6.113,80 49446
vip_qa59_ws_com,IN A,origin-www.qa59.williams-sonoma.com,10.7.6.114,80 49446

Jira: https://jira.wsgc.com/browse/mead-34263

