Please create the following A records in DNS and VIPs on the F5 load balancers; you can model these on the existing QA VIPs
Jira: mead-12007

A records/VIPS,,,Node,Ports
vip_qa37_mg, IN A, origin-www.qa37.markandgraham.com,mg-intdev37-rk1v, 80 49446
vip_qa37_pb, IN A, origin-www.qa37.potterybarn.com,pb-intdev37-rk1v, 80 49446
vip_qa37_pk, IN A, origin-www.qa37.potterybarnkids.com,pk-intdev37-rk1v, 80 49446
vip_qa37_pt, IN A, origin-www.qa37.pbteen.com,pt-intdev37-rk1v, 80 49446
vip_qa37_we, IN A, origin-www.qa37.westelm.com,we-intdev37-rk1v, 80 49446
vip_qa37_ws, IN A, origin-www.qa37.williams-sonoma.com,ws-intdev37-rk1v, 80 49446

