Please create the following CNAMEs in DNS

www.uat8.markandgraham.com,IN CNAME,secure-qa1.wsgc.com.edgekey.net
www.uat8.potterybarn.com,IN CNAME,secure-qa1.wsgc.com.edgekey.net
www.uat8.potterybarnkids.com,IN CNAME,secure-qa1.wsgc.com.edgekey.net
www.uat8.pbteen.com,IN CNAME,secure-qa1.wsgc.com.edgekey.net
www.uat8.rejuvenation.com,IN CNAME,secure-qa1.wsgc.com.edgekey.net
www.uat8.westelm.com,IN CNAME,secure-qa.wsgc.com.edgekey.net
www.uat8.williams-sonoma.com,IN CNAME,secure-qa1.wsgc.com.edgekey.net

Jira: mead-28036

