Host,<target>:<port>=<reachable>
aerodbprdab1, kafash-vccn010.wsgc.com:31095=0 kafash-vccn011.wsgc.com:31096=0 kafash-vccn012.wsgc.com:31097=0 kafash-vccn013.wsgc.com:31098=0 kafash-vccn014.wsgc.com:31099=0 kafrck-vccn010.wsgc.com:31095=0 kafrck-vccn011.wsgc.com:31096=0 kafrck-vccn012.wsgc.com:31097=0 kafrck-vccn013.wsgc.com:31098=0 kafrck-vccn014.wsgc.com:31099=0
aerodbprdab3, kafash-vccn010.wsgc.com:31095=0 kafash-vccn011.wsgc.com:31096=0 kafash-vccn012.wsgc.com:31097=0 kafash-vccn013.wsgc.com:31098=0 kafash-vccn014.wsgc.com:31099=0 kafrck-vccn010.wsgc.com:31095=0 kafrck-vccn011.wsgc.com:31096=0 kafrck-vccn012.wsgc.com:31097=0 kafrck-vccn013.wsgc.com:31098=0 kafrck-vccn014.wsgc.com:31099=0
aerodbprdab4, kafash-vccn010.wsgc.com:31095=0 kafash-vccn011.wsgc.com:31096=0 kafash-vccn012.wsgc.com:31097=0 kafash-vccn013.wsgc.com:31098=0 kafash-vccn014.wsgc.com:31099=0 kafrck-vccn010.wsgc.com:31095=0 kafrck-vccn011.wsgc.com:31096=0 kafrck-vccn012.wsgc.com:31097=0 kafrck-vccn013.wsgc.com:31098=0 kafrck-vccn014.wsgc.com:31099=0
aerodbprdab5, kafash-vccn010.wsgc.com:31095=0 kafash-vccn011.wsgc.com:31096=0 kafash-vccn012.wsgc.com:31097=0 kafash-vccn013.wsgc.com:31098=0 kafash-vccn014.wsgc.com:31099=0 kafrck-vccn010.wsgc.com:31095=0 kafrck-vccn011.wsgc.com:31096=0 kafrck-vccn012.wsgc.com:31097=0 kafrck-vccn013.wsgc.com:31098=0 kafrck-vccn014.wsgc.com:31099=0
aerodbprdrk1, kafash-vccn010.wsgc.com:31095=0 kafash-vccn011.wsgc.com:31096=0 kafash-vccn012.wsgc.com:31097=0 kafash-vccn013.wsgc.com:31098=0 kafash-vccn014.wsgc.com:31099=0 kafrck-vccn010.wsgc.com:31095=0 kafrck-vccn011.wsgc.com:31096=0 kafrck-vccn012.wsgc.com:31097=0 kafrck-vccn013.wsgc.com:31098=0 kafrck-vccn014.wsgc.com:31099=0
aerodbprdrk2, kafash-vccn010.wsgc.com:31095=0 kafash-vccn011.wsgc.com:31096=0 kafash-vccn012.wsgc.com:31097=0 kafash-vccn013.wsgc.com:31098=0 kafash-vccn014.wsgc.com:31099=0 kafrck-vccn010.wsgc.com:31095=0 kafrck-vccn011.wsgc.com:31096=0 kafrck-vccn012.wsgc.com:31097=0 kafrck-vccn013.wsgc.com:31098=0 kafrck-vccn014.wsgc.com:31099=0
aerodbprdrk3, kafash-vccn010.wsgc.com:31095=0 kafash-vccn011.wsgc.com:31096=0 kafash-vccn012.wsgc.com:31097=0 kafash-vccn013.wsgc.com:31098=0 kafash-vccn014.wsgc.com:31099=0 kafrck-vccn010.wsgc.com:31095=0 kafrck-vccn011.wsgc.com:31096=0 kafrck-vccn012.wsgc.com:31097=0 kafrck-vccn013.wsgc.com:31098=0 kafrck-vccn014.wsgc.com:31099=0
aerodbprdrk4, kafash-vccn010.wsgc.com:31095=0 kafash-vccn011.wsgc.com:31096=0 kafash-vccn012.wsgc.com:31097=0 kafash-vccn013.wsgc.com:31098=0 kafash-vccn014.wsgc.com:31099=0 kafrck-vccn010.wsgc.com:31095=0 kafrck-vccn011.wsgc.com:31096=0 kafrck-vccn012.wsgc.com:31097=0 kafrck-vccn013.wsgc.com:31098=0 kafrck-vccn014.wsgc.com:31099=0
aerodbprdrk5, kafash-vccn010.wsgc.com:31095=0 kafash-vccn011.wsgc.com:31096=0 kafash-vccn012.wsgc.com:31097=0 kafash-vccn013.wsgc.com:31098=0 kafash-vccn014.wsgc.com:31099=0 kafrck-vccn010.wsgc.com:31095=0 kafrck-vccn011.wsgc.com:31096=0 kafrck-vccn012.wsgc.com:31097=0 kafrck-vccn013.wsgc.com:31098=0 kafrck-vccn014.wsgc.com:31099=0
artrck-vccn004, kafash-vccn010.wsgc.com:31095=0 kafash-vccn011.wsgc.com:31096=0 kafash-vccn012.wsgc.com:31097=0 kafash-vccn013.wsgc.com:31098=0 kafash-vccn014.wsgc.com:31099=0 kafrck-vccn010.wsgc.com:31095=0 kafrck-vccn011.wsgc.com:31096=0 kafrck-vccn012.wsgc.com:31097=0 kafrck-vccn013.wsgc.com:31098=0 kafrck-vccn014.wsgc.com:31099=0
artrck-vicn003, kafash-vccn010.wsgc.com:31095=0 kafash-vccn011.wsgc.com:31096=0 kafash-vccn012.wsgc.com:31097=0 kafash-vccn013.wsgc.com:31098=0 kafash-vccn014.wsgc.com:31099=0 kafrck-vccn010.wsgc.com:31095=0 kafrck-vccn011.wsgc.com:31096=0 kafrck-vccn012.wsgc.com:31097=0 kafrck-vccn013.wsgc.com:31098=0 kafrck-vccn014.wsgc.com:31099=0
buildsystem-prd-rk1v, kafash-vccn010.wsgc.com:31095=0 kafash-vccn011.wsgc.com:31096=0 kafash-vccn012.wsgc.com:31097=0 kafash-vccn013.wsgc.com:31098=0 kafash-vccn014.wsgc.com:31099=0 kafrck-vccn010.wsgc.com:31095=0 kafrck-vccn011.wsgc.com:31096=0 kafrck-vccn012.wsgc.com:31097=0 kafrck-vccn013.wsgc.com:31098=0 kafrck-vccn014.wsgc.com:31099=0
c3sash-vccn001, kafash-vccn010.wsgc.com:31095=0 kafash-vccn011.wsgc.com:31096=0 kafash-vccn012.wsgc.com:31097=0 kafash-vccn013.wsgc.com:31098=0 kafash-vccn014.wsgc.com:31099=0 kafrck-vccn010.wsgc.com:31095=0 kafrck-vccn011.wsgc.com:31096=0 kafrck-vccn012.wsgc.com:31097=0 kafrck-vccn013.wsgc.com:31098=0 kafrck-vccn014.wsgc.com:31099=0
c3sash-vccn002, kafash-vccn010.wsgc.com:31095=0 kafash-vccn011.wsgc.com:31096=0 kafash-vccn012.wsgc.com:31097=0 kafash-vccn013.wsgc.com:31098=0 kafash-vccn014.wsgc.com:31099=0 kafrck-vccn010.wsgc.com:31095=0 kafrck-vccn011.wsgc.com:31096=0 kafrck-vccn012.wsgc.com:31097=0 kafrck-vccn013.wsgc.com:31098=0 kafrck-vccn014.wsgc.com:31099=0
c3sash-vccn003, kafash-vccn010.wsgc.com:31095=0 kafash-vccn011.wsgc.com:31096=0 kafash-vccn012.wsgc.com:31097=0 kafash-vccn013.wsgc.com:31098=0 kafash-vccn014.wsgc.com:31099=0 kafrck-vccn010.wsgc.com:31095=0 kafrck-vccn011.wsgc.com:31096=0 kafrck-vccn012.wsgc.com:31097=0 kafrck-vccn013.wsgc.com:31098=0 kafrck-vccn014.wsgc.com:31099=0
c3srck-vccn001, kafash-vccn010.wsgc.com:31095=0 kafash-vccn011.wsgc.com:31096=0 kafash-vccn012.wsgc.com:31097=0 kafash-vccn013.wsgc.com:31098=0 kafash-vccn014.wsgc.com:31099=0 kafrck-vccn010.wsgc.com:31095=0 kafrck-vccn011.wsgc.com:31096=0 kafrck-vccn012.wsgc.com:31097=0 kafrck-vccn013.wsgc.com:31098=0 kafrck-vccn014.wsgc.com:31099=0
c3srck-vccn002, kafash-vccn010.wsgc.com:31095=0 kafash-vccn011.wsgc.com:31096=0 kafash-vccn012.wsgc.com:31097=0 kafash-vccn013.wsgc.com:31098=0 kafash-vccn014.wsgc.com:31099=0 kafrck-vccn010.wsgc.com:31095=0 kafrck-vccn011.wsgc.com:31096=0 kafrck-vccn012.wsgc.com:31097=0 kafrck-vccn013.wsgc.com:31098=0 kafrck-vccn014.wsgc.com:31099=0
c3srck-vccn003, kafash-vccn010.wsgc.com:31095=0 kafash-vccn011.wsgc.com:31096=0 kafash-vccn012.wsgc.com:31097=0 kafash-vccn013.wsgc.com:31098=0 kafash-vccn014.wsgc.com:31099=0 kafrck-vccn010.wsgc.com:31095=0 kafrck-vccn011.wsgc.com:31096=0 kafrck-vccn012.wsgc.com:31097=0 kafrck-vccn013.wsgc.com:31098=0 kafrck-vccn014.wsgc.com:31099=0
casash-vccn001, kafash-vccn010.wsgc.com:31095=0 kafash-vccn011.wsgc.com:31096=0 kafash-vccn012.wsgc.com:31097=0 kafash-vccn013.wsgc.com:31098=0 kafash-vccn014.wsgc.com:31099=0 kafrck-vccn010.wsgc.com:31095=0 kafrck-vccn011.wsgc.com:31096=0 kafrck-vccn012.wsgc.com:31097=0 kafrck-vccn013.wsgc.com:31098=0 kafrck-vccn014.wsgc.com:31099=0
casash-vccn002, kafash-vccn010.wsgc.com:31095=0 kafash-vccn011.wsgc.com:31096=0 kafash-vccn012.wsgc.com:31097=0 kafash-vccn013.wsgc.com:31098=0 kafash-vccn014.wsgc.com:31099=0 kafrck-vccn010.wsgc.com:31095=0 kafrck-vccn011.wsgc.com:31096=0 kafrck-vccn012.wsgc.com:31097=0 kafrck-vccn013.wsgc.com:31098=0 kafrck-vccn014.wsgc.com:31099=0
casash-vccn003, kafash-vccn010.wsgc.com:31095=0 kafash-vccn011.wsgc.com:31096=0 kafash-vccn012.wsgc.com:31097=0 kafash-vccn013.wsgc.com:31098=0 kafash-vccn014.wsgc.com:31099=0 kafrck-vccn010.wsgc.com:31095=0 kafrck-vccn011.wsgc.com:31096=0 kafrck-vccn012.wsgc.com:31097=0 kafrck-vccn013.wsgc.com:31098=0 kafrck-vccn014.wsgc.com:31099=0
casash-vpcn006, kafash-vccn010.wsgc.com:31095=0 kafash-vccn011.wsgc.com:31096=0 kafash-vccn012.wsgc.com:31097=0 kafash-vccn013.wsgc.com:31098=0 kafash-vccn014.wsgc.com:31099=0 kafrck-vccn010.wsgc.com:31095=0 kafrck-vccn011.wsgc.com:31096=0 kafrck-vccn012.wsgc.com:31097=0 kafrck-vccn013.wsgc.com:31098=0 kafrck-vccn014.wsgc.com:31099=0
casash-vpcn007, kafash-vccn010.wsgc.com:31095=0 kafash-vccn011.wsgc.com:31096=0 kafash-vccn012.wsgc.com:31097=0 kafash-vccn013.wsgc.com:31098=0 kafash-vccn014.wsgc.com:31099=0 kafrck-vccn010.wsgc.com:31095=0 kafrck-vccn011.wsgc.com:31096=0 kafrck-vccn012.wsgc.com:31097=0 kafrck-vccn013.wsgc.com:31098=0 kafrck-vccn014.wsgc.com:31099=0
casash-vpcn008, kafash-vccn010.wsgc.com:31095=0 kafash-vccn011.wsgc.com:31096=0 kafash-vccn012.wsgc.com:31097=0 kafash-vccn013.wsgc.com:31098=0 kafash-vccn014.wsgc.com:31099=0 kafrck-vccn010.wsgc.com:31095=0 kafrck-vccn011.wsgc.com:31096=0 kafrck-vccn012.wsgc.com:31097=0 kafrck-vccn013.wsgc.com:31098=0 kafrck-vccn014.wsgc.com:31099=0
casash-vpcn009, kafash-vccn010.wsgc.com:31095=0 kafash-vccn011.wsgc.com:31096=0 kafash-vccn012.wsgc.com:31097=0 kafash-vccn013.wsgc.com:31098=0 kafash-vccn014.wsgc.com:31099=0 kafrck-vccn010.wsgc.com:31095=0 kafrck-vccn011.wsgc.com:31096=0 kafrck-vccn012.wsgc.com:31097=0 kafrck-vccn013.wsgc.com:31098=0 kafrck-vccn014.wsgc.com:31099=0
casash-vpcn010, kafash-vccn010.wsgc.com:31095=0 kafash-vccn011.wsgc.com:31096=0 kafash-vccn012.wsgc.com:31097=0 kafash-vccn013.wsgc.com:31098=0 kafash-vccn014.wsgc.com:31099=0 kafrck-vccn010.wsgc.com:31095=0 kafrck-vccn011.wsgc.com:31096=0 kafrck-vccn012.wsgc.com:31097=0 kafrck-vccn013.wsgc.com:31098=0 kafrck-vccn014.wsgc.com:31099=0
casrck-vccn001, kafash-vccn010.wsgc.com:31095=0 kafash-vccn011.wsgc.com:31096=0 kafash-vccn012.wsgc.com:31097=0 kafash-vccn013.wsgc.com:31098=0 kafash-vccn014.wsgc.com:31099=0 kafrck-vccn010.wsgc.com:31095=0 kafrck-vccn011.wsgc.com:31096=0 kafrck-vccn012.wsgc.com:31097=0 kafrck-vccn013.wsgc.com:31098=0 kafrck-vccn014.wsgc.com:31099=0
casrck-vccn002, kafash-vccn010.wsgc.com:31095=0 kafash-vccn011.wsgc.com:31096=0 kafash-vccn012.wsgc.com:31097=0 kafash-vccn013.wsgc.com:31098=0 kafash-vccn014.wsgc.com:31099=0 kafrck-vccn010.wsgc.com:31095=0 kafrck-vccn011.wsgc.com:31096=0 kafrck-vccn012.wsgc.com:31097=0 kafrck-vccn013.wsgc.com:31098=0 kafrck-vccn014.wsgc.com:31099=0
casrck-vccn003, kafash-vccn010.wsgc.com:31095=0 kafash-vccn011.wsgc.com:31096=0 kafash-vccn012.wsgc.com:31097=0 kafash-vccn013.wsgc.com:31098=0 kafash-vccn014.wsgc.com:31099=0 kafrck-vccn010.wsgc.com:31095=0 kafrck-vccn011.wsgc.com:31096=0 kafrck-vccn012.wsgc.com:31097=0 kafrck-vccn013.wsgc.com:31098=0 kafrck-vccn014.wsgc.com:31099=0
casrck-vpcn011, kafash-vccn010.wsgc.com:31095=0 kafash-vccn011.wsgc.com:31096=0 kafash-vccn012.wsgc.com:31097=0 kafash-vccn013.wsgc.com:31098=0 kafash-vccn014.wsgc.com:31099=0 kafrck-vccn010.wsgc.com:31095=0 kafrck-vccn011.wsgc.com:31096=0 kafrck-vccn012.wsgc.com:31097=0 kafrck-vccn013.wsgc.com:31098=0 kafrck-vccn014.wsgc.com:31099=0
casrck-vpcn012, kafash-vccn010.wsgc.com:31095=0 kafash-vccn011.wsgc.com:31096=0 kafash-vccn012.wsgc.com:31097=0 kafash-vccn013.wsgc.com:31098=0 kafash-vccn014.wsgc.com:31099=0 kafrck-vccn010.wsgc.com:31095=0 kafrck-vccn011.wsgc.com:31096=0 kafrck-vccn012.wsgc.com:31097=0 kafrck-vccn013.wsgc.com:31098=0 kafrck-vccn014.wsgc.com:31099=0
casrck-vpcn013, kafash-vccn010.wsgc.com:31095=0 kafash-vccn011.wsgc.com:31096=0 kafash-vccn012.wsgc.com:31097=0 kafash-vccn013.wsgc.com:31098=0 kafash-vccn014.wsgc.com:31099=0 kafrck-vccn010.wsgc.com:31095=0 kafrck-vccn011.wsgc.com:31096=0 kafrck-vccn012.wsgc.com:31097=0 kafrck-vccn013.wsgc.com:31098=0 kafrck-vccn014.wsgc.com:31099=0
casrck-vpcn014, kafash-vccn010.wsgc.com:31095=0 kafash-vccn011.wsgc.com:31096=0 kafash-vccn012.wsgc.com:31097=0 kafash-vccn013.wsgc.com:31098=0 kafash-vccn014.wsgc.com:31099=0 kafrck-vccn010.wsgc.com:31095=0 kafrck-vccn011.wsgc.com:31096=0 kafrck-vccn012.wsgc.com:31097=0 kafrck-vccn013.wsgc.com:31098=0 kafrck-vccn014.wsgc.com:31099=0
casrck-vpcn015, kafash-vccn010.wsgc.com:31095=0 kafash-vccn011.wsgc.com:31096=0 kafash-vccn012.wsgc.com:31097=0 kafash-vccn013.wsgc.com:31098=0 kafash-vccn014.wsgc.com:31099=0 kafrck-vccn010.wsgc.com:31095=0 kafrck-vccn011.wsgc.com:31096=0 kafrck-vccn012.wsgc.com:31097=0 kafrck-vccn013.wsgc.com:31098=0 kafrck-vccn014.wsgc.com:31099=0
cassandra-prd-ab1, kafash-vccn010.wsgc.com:31095=0 kafash-vccn011.wsgc.com:31096=0 kafash-vccn012.wsgc.com:31097=0 kafash-vccn013.wsgc.com:31098=0 kafash-vccn014.wsgc.com:31099=0 kafrck-vccn010.wsgc.com:31095=0 kafrck-vccn011.wsgc.com:31096=0 kafrck-vccn012.wsgc.com:31097=0 kafrck-vccn013.wsgc.com:31098=0 kafrck-vccn014.wsgc.com:31099=0
cassandra-prd-ab2, kafash-vccn010.wsgc.com:31095=0 kafash-vccn011.wsgc.com:31096=0 kafash-vccn012.wsgc.com:31097=0 kafash-vccn013.wsgc.com:31098=0 kafash-vccn014.wsgc.com:31099=0 kafrck-vccn010.wsgc.com:31095=0 kafrck-vccn011.wsgc.com:31096=0 kafrck-vccn012.wsgc.com:31097=0 kafrck-vccn013.wsgc.com:31098=0 kafrck-vccn014.wsgc.com:31099=0
cassandra-prd-ab3, kafash-vccn010.wsgc.com:31095=0 kafash-vccn011.wsgc.com:31096=0 kafash-vccn012.wsgc.com:31097=0 kafash-vccn013.wsgc.com:31098=0 kafash-vccn014.wsgc.com:31099=0 kafrck-vccn010.wsgc.com:31095=0 kafrck-vccn011.wsgc.com:31096=0 kafrck-vccn012.wsgc.com:31097=0 kafrck-vccn013.wsgc.com:31098=0 kafrck-vccn014.wsgc.com:31099=0
cassandra-prd-ab7, kafash-vccn010.wsgc.com:31095=0 kafash-vccn011.wsgc.com:31096=0 kafash-vccn012.wsgc.com:31097=0 kafash-vccn013.wsgc.com:31098=0 kafash-vccn014.wsgc.com:31099=0 kafrck-vccn010.wsgc.com:31095=0 kafrck-vccn011.wsgc.com:31096=0 kafrck-vccn012.wsgc.com:31097=0 kafrck-vccn013.wsgc.com:31098=0 kafrck-vccn014.wsgc.com:31099=0
cassandra-prd-ab8, kafash-vccn010.wsgc.com:31095=0 kafash-vccn011.wsgc.com:31096=0 kafash-vccn012.wsgc.com:31097=0 kafash-vccn013.wsgc.com:31098=0 kafash-vccn014.wsgc.com:31099=0 kafrck-vccn010.wsgc.com:31095=0 kafrck-vccn011.wsgc.com:31096=0 kafrck-vccn012.wsgc.com:31097=0 kafrck-vccn013.wsgc.com:31098=0 kafrck-vccn014.wsgc.com:31099=0
cassandra-prd-rk1, kafash-vccn010.wsgc.com:31095=0 kafash-vccn011.wsgc.com:31096=0 kafash-vccn012.wsgc.com:31097=0 kafash-vccn013.wsgc.com:31098=0 kafash-vccn014.wsgc.com:31099=0 kafrck-vccn010.wsgc.com:31095=0 kafrck-vccn011.wsgc.com:31096=0 kafrck-vccn012.wsgc.com:31097=0 kafrck-vccn013.wsgc.com:31098=0 kafrck-vccn014.wsgc.com:31099=0
cassandra-prd-rk2, kafash-vccn010.wsgc.com:31095=0 kafash-vccn011.wsgc.com:31096=0 kafash-vccn012.wsgc.com:31097=0 kafash-vccn013.wsgc.com:31098=0 kafash-vccn014.wsgc.com:31099=0 kafrck-vccn010.wsgc.com:31095=0 kafrck-vccn011.wsgc.com:31096=0 kafrck-vccn012.wsgc.com:31097=0 kafrck-vccn013.wsgc.com:31098=0 kafrck-vccn014.wsgc.com:31099=0
cassandra-prd-rk3, kafash-vccn010.wsgc.com:31095=0 kafash-vccn011.wsgc.com:31096=0 kafash-vccn012.wsgc.com:31097=0 kafash-vccn013.wsgc.com:31098=0 kafash-vccn014.wsgc.com:31099=0 kafrck-vccn010.wsgc.com:31095=0 kafrck-vccn011.wsgc.com:31096=0 kafrck-vccn012.wsgc.com:31097=0 kafrck-vccn013.wsgc.com:31098=0 kafrck-vccn014.wsgc.com:31099=0
cassandra-prd-rk7, kafash-vccn010.wsgc.com:31095=0 kafash-vccn011.wsgc.com:31096=0 kafash-vccn012.wsgc.com:31097=0 kafash-vccn013.wsgc.com:31098=0 kafash-vccn014.wsgc.com:31099=0 kafrck-vccn010.wsgc.com:31095=0 kafrck-vccn011.wsgc.com:31096=0 kafrck-vccn012.wsgc.com:31097=0 kafrck-vccn013.wsgc.com:31098=0 kafrck-vccn014.wsgc.com:31099=0
cassandra-prd-rk8, kafash-vccn010.wsgc.com:31095=0 kafash-vccn011.wsgc.com:31096=0 kafash-vccn012.wsgc.com:31097=0 kafash-vccn013.wsgc.com:31098=0 kafash-vccn014.wsgc.com:31099=0 kafrck-vccn010.wsgc.com:31095=0 kafrck-vccn011.wsgc.com:31096=0 kafrck-vccn012.wsgc.com:31097=0 kafrck-vccn013.wsgc.com:31098=0 kafrck-vccn014.wsgc.com:31099=0
caweb-prd-ab1v, kafash-vccn010.wsgc.com:31095=0 kafash-vccn011.wsgc.com:31096=0 kafash-vccn012.wsgc.com:31097=0 kafash-vccn013.wsgc.com:31098=0 kafash-vccn014.wsgc.com:31099=0 kafrck-vccn010.wsgc.com:31095=0 kafrck-vccn011.wsgc.com:31096=0 kafrck-vccn012.wsgc.com:31097=0 kafrck-vccn013.wsgc.com:31098=0 kafrck-vccn014.wsgc.com:31099=0
caweb-prd-ab2v, kafash-vccn010.wsgc.com:31095=0 kafash-vccn011.wsgc.com:31096=0 kafash-vccn012.wsgc.com:31097=0 kafash-vccn013.wsgc.com:31098=0 kafash-vccn014.wsgc.com:31099=0 kafrck-vccn010.wsgc.com:31095=0 kafrck-vccn011.wsgc.com:31096=0 kafrck-vccn012.wsgc.com:31097=0 kafrck-vccn013.wsgc.com:31098=0 kafrck-vccn014.wsgc.com:31099=0
caweb-prd-rk1v, kafash-vccn010.wsgc.com:31095=0 kafash-vccn011.wsgc.com:31096=0 kafash-vccn012.wsgc.com:31097=0 kafash-vccn013.wsgc.com:31098=0 kafash-vccn014.wsgc.com:31099=0 kafrck-vccn010.wsgc.com:31095=0 kafrck-vccn011.wsgc.com:31096=0 kafrck-vccn012.wsgc.com:31097=0 kafrck-vccn013.wsgc.com:31098=0 kafrck-vccn014.wsgc.com:31099=0
caweb-prd-rk2v, kafash-vccn010.wsgc.com:31095=0 kafash-vccn011.wsgc.com:31096=0 kafash-vccn012.wsgc.com:31097=0 kafash-vccn013.wsgc.com:31098=0 kafash-vccn014.wsgc.com:31099=0 kafrck-vccn010.wsgc.com:31095=0 kafrck-vccn011.wsgc.com:31096=0 kafrck-vccn012.wsgc.com:31097=0 kafrck-vccn013.wsgc.com:31098=0 kafrck-vccn014.wsgc.com:31099=0
coreid-prd-rk1v, kafash-vccn010.wsgc.com:31095=0 kafash-vccn011.wsgc.com:31096=0 kafash-vccn012.wsgc.com:31097=0 kafash-vccn013.wsgc.com:31098=0 kafash-vccn014.wsgc.com:31099=0 kafrck-vccn010.wsgc.com:31095=0 kafrck-vccn011.wsgc.com:31096=0 kafrck-vccn012.wsgc.com:31097=0 kafrck-vccn013.wsgc.com:31098=0 kafrck-vccn014.wsgc.com:31099=0
coreid-prd-rk2v, kafash-vccn010.wsgc.com:31095=0 kafash-vccn011.wsgc.com:31096=0 kafash-vccn012.wsgc.com:31097=0 kafash-vccn013.wsgc.com:31098=0 kafash-vccn014.wsgc.com:31099=0 kafrck-vccn010.wsgc.com:31095=0 kafrck-vccn011.wsgc.com:31096=0 kafrck-vccn012.wsgc.com:31097=0 kafrck-vccn013.wsgc.com:31098=0 kafrck-vccn014.wsgc.com:31099=0
corp-prd-ab1v, kafash-vccn010.wsgc.com:31095=0 kafash-vccn011.wsgc.com:31096=0 kafash-vccn012.wsgc.com:31097=0 kafash-vccn013.wsgc.com:31098=0 kafash-vccn014.wsgc.com:31099=0 kafrck-vccn010.wsgc.com:31095=0 kafrck-vccn011.wsgc.com:31096=0 kafrck-vccn012.wsgc.com:31097=0 kafrck-vccn013.wsgc.com:31098=0 kafrck-vccn014.wsgc.com:31099=0
corp-prd-ab2v, kafash-vccn010.wsgc.com:31095=0 kafash-vccn011.wsgc.com:31096=0 kafash-vccn012.wsgc.com:31097=0 kafash-vccn013.wsgc.com:31098=0 kafash-vccn014.wsgc.com:31099=0 kafrck-vccn010.wsgc.com:31095=0 kafrck-vccn011.wsgc.com:31096=0 kafrck-vccn012.wsgc.com:31097=0 kafrck-vccn013.wsgc.com:31098=0 kafrck-vccn014.wsgc.com:31099=0
corp-prd-rk1v, kafash-vccn010.wsgc.com:31095=0 kafash-vccn011.wsgc.com:31096=0 kafash-vccn012.wsgc.com:31097=0 kafash-vccn013.wsgc.com:31098=0 kafash-vccn014.wsgc.com:31099=0 kafrck-vccn010.wsgc.com:31095=0 kafrck-vccn011.wsgc.com:31096=0 kafrck-vccn012.wsgc.com:31097=0 kafrck-vccn013.wsgc.com:31098=0 kafrck-vccn014.wsgc.com:31099=0
corp-prd-rk2v, kafash-vccn010.wsgc.com:31095=0 kafash-vccn011.wsgc.com:31096=0 kafash-vccn012.wsgc.com:31097=0 kafash-vccn013.wsgc.com:31098=0 kafash-vccn014.wsgc.com:31099=0 kafrck-vccn010.wsgc.com:31095=0 kafrck-vccn011.wsgc.com:31096=0 kafrck-vccn012.wsgc.com:31097=0 kafrck-vccn013.wsgc.com:31098=0 kafrck-vccn014.wsgc.com:31099=0
cq5rck-vccn001, kafash-vccn010.wsgc.com:31095=0 kafash-vccn011.wsgc.com:31096=0 kafash-vccn012.wsgc.com:31097=0 kafash-vccn013.wsgc.com:31098=0 kafash-vccn014.wsgc.com:31099=0 kafrck-vccn010.wsgc.com:31095=0 kafrck-vccn011.wsgc.com:31096=0 kafrck-vccn012.wsgc.com:31097=0 kafrck-vccn013.wsgc.com:31098=0 kafrck-vccn014.wsgc.com:31099=0
cq5rck-vccn002, kafash-vccn010.wsgc.com:31095=0 kafash-vccn011.wsgc.com:31096=0 kafash-vccn012.wsgc.com:31097=0 kafash-vccn013.wsgc.com:31098=0 kafash-vccn014.wsgc.com:31099=0 kafrck-vccn010.wsgc.com:31095=0 kafrck-vccn011.wsgc.com:31096=0 kafrck-vccn012.wsgc.com:31097=0 kafrck-vccn013.wsgc.com:31098=0 kafrck-vccn014.wsgc.com:31099=0
cq5rck-vccn003, kafash-vccn010.wsgc.com:31095=0 kafash-vccn011.wsgc.com:31096=0 kafash-vccn012.wsgc.com:31097=0 kafash-vccn013.wsgc.com:31098=0 kafash-vccn014.wsgc.com:31099=0 kafrck-vccn010.wsgc.com:31095=0 kafrck-vccn011.wsgc.com:31096=0 kafrck-vccn012.wsgc.com:31097=0 kafrck-vccn013.wsgc.com:31098=0 kafrck-vccn014.wsgc.com:31099=0
cre-prd-ab1v, kafash-vccn010.wsgc.com:31095=0 kafash-vccn011.wsgc.com:31096=0 kafash-vccn012.wsgc.com:31097=0 kafash-vccn013.wsgc.com:31098=0 kafash-vccn014.wsgc.com:31099=0 kafrck-vccn010.wsgc.com:31095=0 kafrck-vccn011.wsgc.com:31096=0 kafrck-vccn012.wsgc.com:31097=0 kafrck-vccn013.wsgc.com:31098=0 kafrck-vccn014.wsgc.com:31099=0
cre-prd-ab2v, kafash-vccn010.wsgc.com:31095=0 kafash-vccn011.wsgc.com:31096=0 kafash-vccn012.wsgc.com:31097=0 kafash-vccn013.wsgc.com:31098=0 kafash-vccn014.wsgc.com:31099=0 kafrck-vccn010.wsgc.com:31095=0 kafrck-vccn011.wsgc.com:31096=0 kafrck-vccn012.wsgc.com:31097=0 kafrck-vccn013.wsgc.com:31098=0 kafrck-vccn014.wsgc.com:31099=0
cre-prd-rk1v, kafash-vccn010.wsgc.com:31095=0 kafash-vccn011.wsgc.com:31096=0 kafash-vccn012.wsgc.com:31097=0 kafash-vccn013.wsgc.com:31098=0 kafash-vccn014.wsgc.com:31099=0 kafrck-vccn010.wsgc.com:31095=0 kafrck-vccn011.wsgc.com:31096=0 kafrck-vccn012.wsgc.com:31097=0 kafrck-vccn013.wsgc.com:31098=0 kafrck-vccn014.wsgc.com:31099=0
cre-prd-rk2v, kafash-vccn010.wsgc.com:31095=0 kafash-vccn011.wsgc.com:31096=0 kafash-vccn012.wsgc.com:31097=0 kafash-vccn013.wsgc.com:31098=0 kafash-vccn014.wsgc.com:31099=0 kafrck-vccn010.wsgc.com:31095=0 kafrck-vccn011.wsgc.com:31096=0 kafrck-vccn012.wsgc.com:31097=0 kafrck-vccn013.wsgc.com:31098=0 kafrck-vccn014.wsgc.com:31099=0
creash-vccn003, kafash-vccn010.wsgc.com:31095=0 kafash-vccn011.wsgc.com:31096=0 kafash-vccn012.wsgc.com:31097=0 kafash-vccn013.wsgc.com:31098=0 kafash-vccn014.wsgc.com:31099=0 kafrck-vccn010.wsgc.com:31095=0 kafrck-vccn011.wsgc.com:31096=0 kafrck-vccn012.wsgc.com:31097=0 kafrck-vccn013.wsgc.com:31098=0 kafrck-vccn014.wsgc.com:31099=0
creash-vccn004, kafash-vccn010.wsgc.com:31095=0 kafash-vccn011.wsgc.com:31096=0 kafash-vccn012.wsgc.com:31097=0 kafash-vccn013.wsgc.com:31098=0 kafash-vccn014.wsgc.com:31099=0 kafrck-vccn010.wsgc.com:31095=0 kafrck-vccn011.wsgc.com:31096=0 kafrck-vccn012.wsgc.com:31097=0 kafrck-vccn013.wsgc.com:31098=0 kafrck-vccn014.wsgc.com:31099=0
crerck-vccn001, kafash-vccn010.wsgc.com:31095=0 kafash-vccn011.wsgc.com:31096=0 kafash-vccn012.wsgc.com:31097=0 kafash-vccn013.wsgc.com:31098=0 kafash-vccn014.wsgc.com:31099=0 kafrck-vccn010.wsgc.com:31095=0 kafrck-vccn011.wsgc.com:31096=0 kafrck-vccn012.wsgc.com:31097=0 kafrck-vccn013.wsgc.com:31098=0 kafrck-vccn014.wsgc.com:31099=0
crerck-vccn002, kafash-vccn010.wsgc.com:31095=0 kafash-vccn011.wsgc.com:31096=0 kafash-vccn012.wsgc.com:31097=0 kafash-vccn013.wsgc.com:31098=0 kafash-vccn014.wsgc.com:31099=0 kafrck-vccn010.wsgc.com:31095=0 kafrck-vccn011.wsgc.com:31096=0 kafrck-vccn012.wsgc.com:31097=0 kafrck-vccn013.wsgc.com:31098=0 kafrck-vccn014.wsgc.com:31099=0
crerck-vccn003, kafash-vccn010.wsgc.com:31095=0 kafash-vccn011.wsgc.com:31096=0 kafash-vccn012.wsgc.com:31097=0 kafash-vccn013.wsgc.com:31098=0 kafash-vccn014.wsgc.com:31099=0 kafrck-vccn010.wsgc.com:31095=0 kafrck-vccn011.wsgc.com:31096=0 kafrck-vccn012.wsgc.com:31097=0 kafrck-vccn013.wsgc.com:31098=0 kafrck-vccn014.wsgc.com:31099=0
crerck-vccn006, kafash-vccn010.wsgc.com:31095=0 kafash-vccn011.wsgc.com:31096=0 kafash-vccn012.wsgc.com:31097=0 kafash-vccn013.wsgc.com:31098=0 kafash-vccn014.wsgc.com:31099=0 kafrck-vccn010.wsgc.com:31095=0 kafrck-vccn011.wsgc.com:31096=0 kafrck-vccn012.wsgc.com:31097=0 kafrck-vccn013.wsgc.com:31098=0 kafrck-vccn014.wsgc.com:31099=0
crerck-vccn007, kafash-vccn010.wsgc.com:31095=0 kafash-vccn011.wsgc.com:31096=0 kafash-vccn012.wsgc.com:31097=0 kafash-vccn013.wsgc.com:31098=0 kafash-vccn014.wsgc.com:31099=0 kafrck-vccn010.wsgc.com:31095=0 kafrck-vccn011.wsgc.com:31096=0 kafrck-vccn012.wsgc.com:31097=0 kafrck-vccn013.wsgc.com:31098=0 kafrck-vccn014.wsgc.com:31099=0
dfdrck-vccn001, kafash-vccn010.wsgc.com:31095=0 kafash-vccn011.wsgc.com:31096=0 kafash-vccn012.wsgc.com:31097=0 kafash-vccn013.wsgc.com:31098=0 kafash-vccn014.wsgc.com:31099=0 kafrck-vccn010.wsgc.com:31095=0 kafrck-vccn011.wsgc.com:31096=0 kafrck-vccn012.wsgc.com:31097=0 kafrck-vccn013.wsgc.com:31098=0 kafrck-vccn014.wsgc.com:31099=0
dfdrck-vccn002, kafash-vccn010.wsgc.com:31095=0 kafash-vccn011.wsgc.com:31096=0 kafash-vccn012.wsgc.com:31097=0 kafash-vccn013.wsgc.com:31098=0 kafash-vccn014.wsgc.com:31099=0 kafrck-vccn010.wsgc.com:31095=0 kafrck-vccn011.wsgc.com:31096=0 kafrck-vccn012.wsgc.com:31097=0 kafrck-vccn013.wsgc.com:31098=0 kafrck-vccn014.wsgc.com:31099=0
dfdrck-vccn003, kafash-vccn010.wsgc.com:31095=0 kafash-vccn011.wsgc.com:31096=0 kafash-vccn012.wsgc.com:31097=0 kafash-vccn013.wsgc.com:31098=0 kafash-vccn014.wsgc.com:31099=0 kafrck-vccn010.wsgc.com:31095=0 kafrck-vccn011.wsgc.com:31096=0 kafrck-vccn012.wsgc.com:31097=0 kafrck-vccn013.wsgc.com:31098=0 kafrck-vccn014.wsgc.com:31099=0
dfdrck-vccn004, kafash-vccn010.wsgc.com:31095=0 kafash-vccn011.wsgc.com:31096=0 kafash-vccn012.wsgc.com:31097=0 kafash-vccn013.wsgc.com:31098=0 kafash-vccn014.wsgc.com:31099=0 kafrck-vccn010.wsgc.com:31095=0 kafrck-vccn011.wsgc.com:31096=0 kafrck-vccn012.wsgc.com:31097=0 kafrck-vccn013.wsgc.com:31098=0 kafrck-vccn014.wsgc.com:31099=0
dfdrck-vccn005, kafash-vccn010.wsgc.com:31095=0 kafash-vccn011.wsgc.com:31096=0 kafash-vccn012.wsgc.com:31097=0 kafash-vccn013.wsgc.com:31098=0 kafash-vccn014.wsgc.com:31099=0 kafrck-vccn010.wsgc.com:31095=0 kafrck-vccn011.wsgc.com:31096=0 kafrck-vccn012.wsgc.com:31097=0 kafrck-vccn013.wsgc.com:31098=0 kafrck-vccn014.wsgc.com:31099=0
dpaash-vpcn004, kafash-vccn010.wsgc.com:31095=0 kafash-vccn011.wsgc.com:31096=0 kafash-vccn012.wsgc.com:31097=0 kafash-vccn013.wsgc.com:31098=0 kafash-vccn014.wsgc.com:31099=0 kafrck-vccn010.wsgc.com:31095=0 kafrck-vccn011.wsgc.com:31096=0 kafrck-vccn012.wsgc.com:31097=0 kafrck-vccn013.wsgc.com:31098=0 kafrck-vccn014.wsgc.com:31099=0
dpaash-vpcn005, kafash-vccn010.wsgc.com:31095=0 kafash-vccn011.wsgc.com:31096=0 kafash-vccn012.wsgc.com:31097=0 kafash-vccn013.wsgc.com:31098=0 kafash-vccn014.wsgc.com:31099=0 kafrck-vccn010.wsgc.com:31095=0 kafrck-vccn011.wsgc.com:31096=0 kafrck-vccn012.wsgc.com:31097=0 kafrck-vccn013.wsgc.com:31098=0 kafrck-vccn014.wsgc.com:31099=0
dpaash-vpcn006, kafash-vccn010.wsgc.com:31095=0 kafash-vccn011.wsgc.com:31096=0 kafash-vccn012.wsgc.com:31097=0 kafash-vccn013.wsgc.com:31098=0 kafash-vccn014.wsgc.com:31099=0 kafrck-vccn010.wsgc.com:31095=0 kafrck-vccn011.wsgc.com:31096=0 kafrck-vccn012.wsgc.com:31097=0 kafrck-vccn013.wsgc.com:31098=0 kafrck-vccn014.wsgc.com:31099=0
dpaash-vpcn007, kafash-vccn010.wsgc.com:31095=0 kafash-vccn011.wsgc.com:31096=0 kafash-vccn012.wsgc.com:31097=0 kafash-vccn013.wsgc.com:31098=0 kafash-vccn014.wsgc.com:31099=0 kafrck-vccn010.wsgc.com:31095=0 kafrck-vccn011.wsgc.com:31096=0 kafrck-vccn012.wsgc.com:31097=0 kafrck-vccn013.wsgc.com:31098=0 kafrck-vccn014.wsgc.com:31099=0
dpaash-vpcn008, kafash-vccn010.wsgc.com:31095=0 kafash-vccn011.wsgc.com:31096=0 kafash-vccn012.wsgc.com:31097=0 kafash-vccn013.wsgc.com:31098=0 kafash-vccn014.wsgc.com:31099=0 kafrck-vccn010.wsgc.com:31095=0 kafrck-vccn011.wsgc.com:31096=0 kafrck-vccn012.wsgc.com:31097=0 kafrck-vccn013.wsgc.com:31098=0 kafrck-vccn014.wsgc.com:31099=0
dpaash-vpcn009, kafash-vccn010.wsgc.com:31095=0 kafash-vccn011.wsgc.com:31096=0 kafash-vccn012.wsgc.com:31097=0 kafash-vccn013.wsgc.com:31098=0 kafash-vccn014.wsgc.com:31099=0 kafrck-vccn010.wsgc.com:31095=0 kafrck-vccn011.wsgc.com:31096=0 kafrck-vccn012.wsgc.com:31097=0 kafrck-vccn013.wsgc.com:31098=0 kafrck-vccn014.wsgc.com:31099=0
dpaash-vpcn010, kafash-vccn010.wsgc.com:31095=0 kafash-vccn011.wsgc.com:31096=0 kafash-vccn012.wsgc.com:31097=0 kafash-vccn013.wsgc.com:31098=0 kafash-vccn014.wsgc.com:31099=0 kafrck-vccn010.wsgc.com:31095=0 kafrck-vccn011.wsgc.com:31096=0 kafrck-vccn012.wsgc.com:31097=0 kafrck-vccn013.wsgc.com:31098=0 kafrck-vccn014.wsgc.com:31099=0
dpaash-vpcn011, kafash-vccn010.wsgc.com:31095=0 kafash-vccn011.wsgc.com:31096=0 kafash-vccn012.wsgc.com:31097=0 kafash-vccn013.wsgc.com:31098=0 kafash-vccn014.wsgc.com:31099=0 kafrck-vccn010.wsgc.com:31095=0 kafrck-vccn011.wsgc.com:31096=0 kafrck-vccn012.wsgc.com:31097=0 kafrck-vccn013.wsgc.com:31098=0 kafrck-vccn014.wsgc.com:31099=0
dpaash-vpcn012, kafash-vccn010.wsgc.com:31095=0 kafash-vccn011.wsgc.com:31096=0 kafash-vccn012.wsgc.com:31097=0 kafash-vccn013.wsgc.com:31098=0 kafash-vccn014.wsgc.com:31099=0 kafrck-vccn010.wsgc.com:31095=0 kafrck-vccn011.wsgc.com:31096=0 kafrck-vccn012.wsgc.com:31097=0 kafrck-vccn013.wsgc.com:31098=0 kafrck-vccn014.wsgc.com:31099=0
dpaash-vpcn018, kafash-vccn010.wsgc.com:31095=0 kafash-vccn011.wsgc.com:31096=0 kafash-vccn012.wsgc.com:31097=0 kafash-vccn013.wsgc.com:31098=0 kafash-vccn014.wsgc.com:31099=0 kafrck-vccn010.wsgc.com:31095=0 kafrck-vccn011.wsgc.com:31096=0 kafrck-vccn012.wsgc.com:31097=0 kafrck-vccn013.wsgc.com:31098=0 kafrck-vccn014.wsgc.com:31099=0
dpaash-vpcn019, kafash-vccn010.wsgc.com:31095=0 kafash-vccn011.wsgc.com:31096=0 kafash-vccn012.wsgc.com:31097=0 kafash-vccn013.wsgc.com:31098=0 kafash-vccn014.wsgc.com:31099=0 kafrck-vccn010.wsgc.com:31095=0 kafrck-vccn011.wsgc.com:31096=0 kafrck-vccn012.wsgc.com:31097=0 kafrck-vccn013.wsgc.com:31098=0 kafrck-vccn014.wsgc.com:31099=0
dpaash-vpcn020, kafash-vccn010.wsgc.com:31095=0 kafash-vccn011.wsgc.com:31096=0 kafash-vccn012.wsgc.com:31097=0 kafash-vccn013.wsgc.com:31098=0 kafash-vccn014.wsgc.com:31099=0 kafrck-vccn010.wsgc.com:31095=0 kafrck-vccn011.wsgc.com:31096=0 kafrck-vccn012.wsgc.com:31097=0 kafrck-vccn013.wsgc.com:31098=0 kafrck-vccn014.wsgc.com:31099=0
