Please update the following A records in DNS and VIPs on the F5 load balancers; you can model these on the existing QA VIPs

A records/VIPS,,,Node,Ports
vip_qa10_mg_com, IN A, origin-www.qa10.markandgraham.com,mg-intdev10-rk1.wsgc.com, 80 49446
vip_qa10_pb_com, IN A, origin-www.qa10.potterybarn.com,pb-intdev10-rk1.wsgc.com, 80 49446
vip_qa10_pk_com, IN A, origin-www.qa10.potterybarnkids.com,pk-intdev10-rk1.wsgc.com, 80 49446
vip_qa10_pt_com, IN A, origin-www.qa10.pbteen.com,pt-intdev10-rk1.wsgc.com, 80 49446
vip_qa10_we_com, IN A, origin-www.qa10.westelm.com,we-intdev10-rk1.wsgc.com, 80 49446
vip_qa10_ws_com, IN A, origin-www.qa10.williams-sonoma.com,ws-intdev10-rk1.wsgc.com, 80 49446

Jira: mead-21556

