Please create the following A records in DNS and VIPs on the F5 load balancers; you can model these on the existing QA VIPs
Jira: mead-12409

A records/VIPS,,,Node,Ports
vip_qa39_mg, IN A, origin-www.qa39.markandgraham.com,mg-intdev39-rk1v, 80 49446
vip_qa39_pb, IN A, origin-www.qa39.potterybarn.com,pb-intdev39-rk1v, 80 49446
vip_qa39_pk, IN A, origin-www.qa39.potterybarnkids.com,pk-intdev39-rk1v, 80 49446
vip_qa39_pt, IN A, origin-www.qa39.pbteen.com,pt-intdev39-rk1v, 80 49446
vip_qa39_we, IN A, origin-www.qa39.westelm.com,we-intdev39-rk1v, 80 49446
vip_qa39_ws, IN A, origin-www.qa39.williams-sonoma.com,ws-intdev39-rk1v, 80 49446

