Please create the following A records in DNS and VIPs on the F5 load balancers; you can model these on the existing QA VIPs
Jira: mead-16638

A records/VIPS,,,Node,Ports
vip_qa53_mg, IN A, origin-www.qa53.markandgraham.com,mg-intdev53-sac1v.wsgc.com, 80 49446
vip_qa53_pb, IN A, origin-www.qa53.potterybarn.com,pb-intdev53-sac1v.wsgc.com, 80 49446
vip_qa53_pk, IN A, origin-www.qa53.potterybarnkids.com,pk-intdev53-sac1v.wsgc.com, 80 49446
vip_qa53_pt, IN A, origin-www.qa53.pbteen.com,pt-intdev53-sac1v.wsgc.com, 80 49446
vip_qa53_we, IN A, origin-www.qa53.westelm.com,we-intdev53-sac1v.wsgc.com, 80 49446
vip_qa53_ws, IN A, origin-www.qa53.williams-sonoma.com,ws-intdev53-sac1v.wsgc.com, 80 49446

