Please create the following A records in DNS and VIPs on the F5 load balancers; you can model these on the existing QA VIPs

A records/VIPS,,,Node,Ports
vip_uat2_pb_ca, IN A, origin-www.uat2.potterybarn.ca,pb-cauat2-rk1v.wsgc.com, 80 49446
vip_uat2_pk_ca, IN A, origin-www.uat2.potterybarnkids.ca,pk-cauat2-rk1v.wsgc.com, 80 49446
vip_uat2_we_ca, IN A, origin-www.uat2.westelm.ca,we-cauat2-rk1v.wsgc.com, 80 49446
vip_uat2_ws_ca, IN A, origin-www.uat2.williams-sonoma.ca,ws-cauat2-rk1v.wsgc.com, 80 49446

Jira: mead-21278

