Please create the following CNAMEs in DNS

www.uat.pbteen.ca,IN CNAME,secure-qa1.wsgc.com.edgekey.net
www.uat2.pbteen.ca,IN CNAME,secure-qa1.wsgc.com.edgekey.net
www.uat4.pbteen.ca,IN CNAME,secure-qa1.wsgc.com.edgekey.net
www.uat6.pbteen.ca,IN CNAME,secure-qa1.wsgc.com.edgekey.net
www.uat7.pbteen.ca,IN CNAME,secure-qa1.wsgc.com.edgekey.net
www.bpv.pbteen.ca,IN CNAME,secure-qa1.wsgc.com.edgekey.net
www.qa10.pbteen.ca,IN CNAME,secure-qa1.wsgc.com.edgekey.net
www.qa11.pbteen.ca,IN CNAME,secure-qa1.wsgc.com.edgekey.net
www.qa31.pbteen.ca,IN CNAME,secure-qa1.wsgc.com.edgekey.net
regression.pbteen.ca,IN CNAME,secure-qa1.wsgc.com.edgekey.net

Jira: mead-28258

