Please create the following CNAMEs in DNS
Jira: mead-12418

www.qa37.markandgraham.com,IN CNAME,secure-qa1.wsgc.com.edgekey.net
www.qa37.potterybarn.com,IN CNAME,secure-qa1.wsgc.com.edgekey.net
www.qa37.potterybarnkids.com,IN CNAME,secure-qa1.wsgc.com.edgekey.net
www.qa37.pbteen.com,IN CNAME,secure-qa1.wsgc.com.edgekey.net
www.qa37.westelm.com,IN CNAME,secure-qa1.wsgc.com.edgekey.net
www.qa37.williams-sonoma.com,IN CNAME,secure-qa1.wsgc.com.edgekey.net
www.qa38.markandgraham.com,IN CNAME,secure-qa1.wsgc.com.edgekey.net
www.qa38.potterybarn.com,IN CNAME,secure-qa1.wsgc.com.edgekey.net
www.qa38.potterybarnkids.com,IN CNAME,secure-qa1.wsgc.com.edgekey.net
www.qa38.pbteen.com,IN CNAME,secure-qa1.wsgc.com.edgekey.net
www.qa38.westelm.com,IN CNAME,secure-qa1.wsgc.com.edgekey.net
www.qa38.williams-sonoma.com,IN CNAME,secure-qa1.wsgc.com.edgekey.net
www.qa39.markandgraham.com,IN CNAME,secure-qa1.wsgc.com.edgekey.net
www.qa39.potterybarn.com,IN CNAME,secure-qa1.wsgc.com.edgekey.net
www.qa39.potterybarnkids.com,IN CNAME,secure-qa1.wsgc.com.edgekey.net
www.qa39.pbteen.com,IN CNAME,secure-qa1.wsgc.com.edgekey.net
www.qa39.westelm.com,IN CNAME,secure-qa1.wsgc.com.edgekey.net
www.qa39.williams-sonoma.com,IN CNAME,secure-qa1.wsgc.com.edgekey.net
www.qa40.markandgraham.com,IN CNAME,secure-qa1.wsgc.com.edgekey.net
www.qa40.potterybarn.com,IN CNAME,secure-qa1.wsgc.com.edgekey.net
www.qa40.potterybarnkids.com,IN CNAME,secure-qa1.wsgc.com.edgekey.net
www.qa40.pbteen.com,IN CNAME,secure-qa1.wsgc.com.edgekey.net
www.qa40.westelm.com,IN CNAME,secure-qa1.wsgc.com.edgekey.net
www.qa40.williams-sonoma.com,IN CNAME,secure-qa1.wsgc.com.edgekey.net
www.qa41.markandgraham.com,IN CNAME,secure-qa1.wsgc.com.edgekey.net
www.qa41.potterybarn.com,IN CNAME,secure-qa1.wsgc.com.edgekey.net
www.qa41.potterybarnkids.com,IN CNAME,secure-qa1.wsgc.com.edgekey.net
www.qa41.pbteen.com,IN CNAME,secure-qa1.wsgc.com.edgekey.net
www.qa41.westelm.com,IN CNAME,secure-qa1.wsgc.com.edgekey.net
www.qa41.williams-sonoma.com,IN CNAME,secure-qa1.wsgc.com.edgekey.net
www.qa42.markandgraham.com,IN CNAME,secure-qa1.wsgc.com.edgekey.net
www.qa42.potterybarn.com,IN CNAME,secure-qa1.wsgc.com.edgekey.net
www.qa42.potterybarnkids.com,IN CNAME,secure-qa1.wsgc.com.edgekey.net
www.qa42.pbteen.com,IN CNAME,secure-qa1.wsgc.com.edgekey.net
www.qa42.westelm.com,IN CNAME,secure-qa1.wsgc.com.edgekey.net
www.qa42.williams-sonoma.com,IN CNAME,secure-qa1.wsgc.com.edgekey.net
www.qa43.markandgraham.com,IN CNAME,secure-qa1.wsgc.com.edgekey.net
www.qa43.potterybarn.com,IN CNAME,secure-qa1.wsgc.com.edgekey.net
www.qa43.potterybarnkids.com,IN CNAME,secure-qa1.wsgc.com.edgekey.net
www.qa43.pbteen.com,IN CNAME,secure-qa1.wsgc.com.edgekey.net
www.qa43.westelm.com,IN CNAME,secure-qa1.wsgc.com.edgekey.net
www.qa43.williams-sonoma.com,IN CNAME,secure-qa1.wsgc.com.edgekey.net
www.qa44.markandgraham.com,IN CNAME,secure-qa1.wsgc.com.edgekey.net
www.qa44.potterybarn.com,IN CNAME,secure-qa1.wsgc.com.edgekey.net
www.qa44.potterybarnkids.com,IN CNAME,secure-qa1.wsgc.com.edgekey.net
www.qa44.pbteen.com,IN CNAME,secure-qa1.wsgc.com.edgekey.net
www.qa44.westelm.com,IN CNAME,secure-qa1.wsgc.com.edgekey.net
www.qa44.williams-sonoma.com,IN CNAME,secure-qa1.wsgc.com.edgekey.net
www.qa45.markandgraham.com,IN CNAME,secure-qa1.wsgc.com.edgekey.net
www.qa45.potterybarn.com,IN CNAME,secure-qa1.wsgc.com.edgekey.net
www.qa45.potterybarnkids.com,IN CNAME,secure-qa1.wsgc.com.edgekey.net
www.qa45.pbteen.com,IN CNAME,secure-qa1.wsgc.com.edgekey.net
www.qa45.westelm.com,IN CNAME,secure-qa1.wsgc.com.edgekey.net
www.qa45.williams-sonoma.com,IN CNAME,secure-qa1.wsgc.com.edgekey.net
www.qa46.markandgraham.com,IN CNAME,secure-qa1.wsgc.com.edgekey.net
www.qa46.potterybarn.com,IN CNAME,secure-qa1.wsgc.com.edgekey.net
www.qa46.potterybarnkids.com,IN CNAME,secure-qa1.wsgc.com.edgekey.net
www.qa46.pbteen.com,IN CNAME,secure-qa1.wsgc.com.edgekey.net
www.qa46.westelm.com,IN CNAME,secure-qa1.wsgc.com.edgekey.net
www.qa46.williams-sonoma.com,IN CNAME,secure-qa1.wsgc.com.edgekey.net

