Please create/update the following A records in DNS and VIPs on the F5 load balancers; you can model these on the existing QA VIPs.  Use the 'Sitecode_ignore' node health rule for the VIPs

A records/VIPS,,,Node,Ports
vip_qa52_mg_com,IN A,origin-www.qa52.markandgraham.com,10.13.1.227,80 49446
vip_qa52_pb_com,IN A,origin-www.qa52.potterybarn.com,10.13.1.230,80 49446
vip_qa52_pk_com,IN A,origin-www.qa52.potterybarnkids.com,10.13.1.244,80 49446
vip_qa52_pt_com,IN A,origin-www.qa52.pbteen.com,10.13.1.234,80 49446
vip_qa52_we_com,IN A,origin-www.qa52.westelm.com,10.13.1.247,80 49446
vip_qa52_ws_com,IN A,origin-www.qa52.williams-sonoma.com,10.13.1.241,80 49446

Jira: https://jira.wsgc.com/browse/mead-33920

