Please create the following A records in DNS and VIPs on the F5 load balancers; you can model these on the existing QA VIPs
Jira: mead-16425

A records/VIPS,,,Node,Ports
vip_qa52_mg, IN A, origin-www.qa52.markandgraham.com,mg-intdev52-sac1v.wsgc.com, 80 49446
vip_qa52_pb, IN A, origin-www.qa52.potterybarn.com,pb-intdev52-sac1v.wsgc.com, 80 49446
vip_qa52_pk, IN A, origin-www.qa52.potterybarnkids.com,pk-intdev52-sac1v.wsgc.com, 80 49446
vip_qa52_pt, IN A, origin-www.qa52.pbteen.com,pt-intdev52-sac1v.wsgc.com, 80 49446
vip_qa52_we, IN A, origin-www.qa52.westelm.com,we-intdev52-sac1v.wsgc.com, 80 49446
vip_qa52_ws, IN A, origin-www.qa52.williams-sonoma.com,ws-intdev52-sac1v.wsgc.com, 80 49446

