Please create the following A records in DNS and VIPs on the F5 load balancers; you can model these on the existing QA VIPs.  Use the 'Sitecode_ignore' node health rule for the VIPs

A records/VIPS,,,Node,Ports
vip_uat7_mg_com, IN A, origin-www.uat7.markandgraham.com,mg-uat7-rk1v.wsgc.com, 80 49446
vip_uat7_pb_com, IN A, origin-www.uat7.potterybarn.com,pb-uat7-rk1v.wsgc.com, 80 49446
vip_uat7_pk_com, IN A, origin-www.uat7.potterybarnkids.com,pk-uat7-rk1v.wsgc.com, 80 49446
vip_uat7_pt_com, IN A, origin-www.uat7.pbteen.com,pt-uat7-rk1v.wsgc.com, 80 49446
vip_uat7_we_com, IN A, origin-www.uat7.westelm.com,we-uat7-rk1v.wsgc.com, 80 49446
vip_uat7_ws_com, IN A, origin-www.uat7.williams-sonoma.com,ws-uat7-rk1v.wsgc.com, 80 49446

Jira: mead-24936

