Please create the following 'A' records in DNS, and corresponding VIPs on the F5 load balancers. 
You can model these on the existing QA VIPs.  
Please use the TCP 'Sitecode_ignore' node health rule for these VIPs

A records/VIPS,,,Node,Ports
vip_uat2_rj_com, IN A, origin-www.uat2.rejuvenation.com,rj-uat2-sac1v.wsgc.com, 80 49446
vip_uat3_rj_com, IN A, origin-www.uat3.rejuvenation.com,rj-uat3-sac1v.wsgc.com, 80 49446
vip_uat4_rj_com, IN A, origin-www.uat4.rejuvenation.com,rj-uat4-sac1v.wsgc.com, 80 49446
vip_uat6_rj_com, IN A, origin-www.uat6.rejuvenation.com,rj-uat6-sac1v.wsgc.com, 80 49446
vip_uat7_rj_com, IN A, origin-www.uat7.rejuvenation.com,rj-uat7-sac1v.wsgc.com, 80 49446
vip_regression_rj_com, IN A, origin-regression.rejuvenation.com,rj-rgs1-sac1v.wsgc.com, 80 49446
vip_qa10_rj_com, IN A, origin-www.qa10.rejuvenation.com,rj-qa10-sac1v.wsgc.com, 80 49446
vip_qa11_rj_com, IN A, origin-www.qa11.rejuvenation.com,rj-qa11-sac1v.wsgc.com, 80 49446
vip_qa31_rj_com, IN A, origin-www.qa31.rejuvenation.com,rj-qa31-sac1v.wsgc.com, 80 49446

Jira: mead-26812

