Please create the following A records in DNS and VIPs on the F5 load balancers; you can model these on the existing QA VIPs.  Use the 'Sitecode_ignore' node health rule for the VIPs

A records/VIPS,,,Node,Ports
vip_ecmqa1_mg_com, IN A, origin-www.ecmqa1.markandgraham.com,mgecmprv-qa-rk1v.wsgc.com, 80 49446
vip_ecmqa1_pb_com, IN A, origin-www.ecmqa1.potterybarn.com,pbecmprv-qa-rk1v.wsgc.com, 80 49446
vip_ecmqa1_pk_com, IN A, origin-www.ecmqa1.potterybarnkids.com,pkecmprv-qa-rk1v.wsgc.com, 80 49446
vip_ecmqa1_pt_com, IN A, origin-www.ecmqa1.pbteen.com,ptecmprv-qa-rk1v.wsgc.com, 80 49446
vip_ecmqa1_we_com, IN A, origin-www.ecmqa1.westelm.com,weecmprv-qa-rk1v.wsgc.com, 80 49446
vip_ecmqa1_ws_com, IN A, origin-www.ecmqa1.williams-sonoma.com,wsecmprv-qa-rk1v.wsgc.com, 80 49446
vip_ecmuat1_mg_com, IN A, origin-www.ecmuat1.markandgraham.com,mgecmprv-uat-rk1v.wsgc.com, 80 49446
vip_ecmuat1_pb_com, IN A, origin-www.ecmuat1.potterybarn.com,pbecmprv-uat-rk1v.wsgc.com, 80 49446
vip_ecmuat1_pk_com, IN A, origin-www.ecmuat1.potterybarnkids.com,pkecmprv-uat-rk1v.wsgc.com, 80 49446
vip_ecmuat1_pt_com, IN A, origin-www.ecmuat1.pbteen.com,ptecmprv-uat-rk1v.wsgc.com, 80 49446
vip_ecmuat1_we_com, IN A, origin-www.ecmuat1.westelm.com,weecmprv-uat-rk1v.wsgc.com, 80 49446
vip_ecmuat1_ws_com, IN A, origin-www.ecmuat1.williams-sonoma.com,wsecmprv-uat-rk1v.wsgc.com, 80 49446

Jira: mead-24503

