Host,RunDeck Tags,Filebeats Package,WSI Package,Config File,Filebeat Kafka Hosts,Log4j Config, Log4j Kafka Hosts
artrck-vicn003,pkgtest qa uat dev nonprd verify-config-package,filebeat-6.7.0-1,,/etc/filebeat/filebeat.yml,null,/apps/tomcat-c3/lib/log4j2.xml ,kafrck-vicn017:31095 kafrck-vicn018:31096 kafrck-vicn019:31097 kafrck-vicn020:31098 kafrck-vicn021:31099
eferck-vicn031,frontend mg intdev32 qa32 ,filebeat-6.5.4-1,,/etc/filebeat/filebeat.yml,elkrck-vccn009:5044 elkrck-vccn010:5044 elkrck-vccn011:5044,/apps/tomcat/lib/log4j2.xml ,telemetry
eferck-vicn032,frontend pb intdev32 qa32 ,filebeat-6.5.4-1,,/etc/filebeat/filebeat.yml,elkrck-vccn009:5044 elkrck-vccn010:5044 elkrck-vccn011:5044,/apps/tomcat/lib/log4j2.xml ,telemetry
eferck-vicn033,frontend pk intdev32 qa32 ,filebeat-6.5.4-1,,/etc/filebeat/filebeat.yml,elkrck-vccn009:5044 elkrck-vccn010:5044 elkrck-vccn011:5044,/apps/tomcat/lib/log4j2.xml ,telemetry
eferck-vicn034,frontend pt intdev32 qa32 ,filebeat-6.5.4-1,,/etc/filebeat/filebeat.yml,elkrck-vccn009:5044 elkrck-vccn010:5044 elkrck-vccn011:5044,/apps/tomcat/lib/log4j2.xml ,telemetry
eferck-vicn035,frontend we intdev32 qa32 ,filebeat-6.5.4-1,,/etc/filebeat/filebeat.yml,elkrck-vccn009:5044 elkrck-vccn010:5044 elkrck-vccn011:5044,/apps/tomcat/lib/log4j2.xml ,telemetry
eferck-vicn036,frontend ws intdev32 qa32 ,filebeat-6.5.4-1,,/etc/filebeat/filebeat.yml,elkrck-vccn009:5044 elkrck-vccn010:5044 elkrck-vccn011:5044,/apps/tomcat/lib/log4j2.xml ,telemetry
prcrck-vicn008,el6 omsd2 qa7 pricing,filebeat-6.7.0-1,,/etc/filebeat/filebeat.yml,null,/apps/tomcat-pricing/lib/log4j2.xml ,kafrck-vicn017:31090 kafrck-vicn018:31091 kafrck-vicn019:31092 kafrck-vicn020:31093 kafrck-vicn021:31094
prcrck-vicn009,el6 omsd2 qa7 pricing,filebeat-6.7.0-1,,/etc/filebeat/filebeat.yml,null,/apps/tomcat-pricing/lib/log4j2.xml ,kafrck-vicn017:31090 kafrck-vicn018:31091 kafrck-vicn019:31092 kafrck-vicn020:31093 kafrck-vicn021:31094
prcrck-vicn011,el6 omsd2 qa1 pricing,filebeat-6.5.4-1,,/etc/filebeat/filebeat.yml,kafrck-vicn017:31090 kafrck-vicn018:31091 kafrck-vicn019:31092 kafrck-vicn020:31093 kafrck-vicn021:31094,/apps/tomcat-pricing/lib/log4j2.xml ,kafrck-vicn017:31090 kafrck-vicn018:31091 kafrck-vicn019:31092 kafrck-vicn020:31093 kafrck-vicn021:31094
prcrck-vicn012,el6 omsd2 qa2 pricing,filebeat-6.5.4-1,,/etc/filebeat/filebeat.yml,kafrck-vicn017:31090 kafrck-vicn018:31091 kafrck-vicn019:31092 kafrck-vicn020:31093 kafrck-vicn021:31094,/apps/tomcat-pricing/lib/log4j2.xml ,kafrck-vicn017:31090 kafrck-vicn018:31091 kafrck-vicn019:31092 kafrck-vicn020:31093 kafrck-vicn021:31094
prcrck-vicn013,el6 omsd2 qa3 pricing,filebeat-6.5.4-1,,/etc/filebeat/filebeat.yml,kafrck-vicn017:31090 kafrck-vicn018:31091 kafrck-vicn019:31092 kafrck-vicn020:31093 kafrck-vicn021:31094,/apps/tomcat-pricing/lib/log4j2.xml ,kafrck-vicn017:31090 kafrck-vicn018:31091 kafrck-vicn019:31092 kafrck-vicn020:31093 kafrck-vicn021:31094
prcrck-vicn014,el6 omsd2 qa4 pricing,filebeat-6.5.4-1,,/etc/filebeat/filebeat.yml,kafrck-vicn017:31090 kafrck-vicn018:31091 kafrck-vicn019:31092 kafrck-vicn020:31093 kafrck-vicn021:31094,/apps/tomcat-pricing/lib/log4j2.xml ,kafrck-vicn017:31090 kafrck-vicn018:31091 kafrck-vicn019:31092 kafrck-vicn020:31093 kafrck-vicn021:31094
prcrck-vicn015,el6 omsd2 qa5 pricing,filebeat-6.5.4-1,,/etc/filebeat/filebeat.yml,kafrck-vicn017:31090 kafrck-vicn018:31091 kafrck-vicn019:31092 kafrck-vicn020:31093 kafrck-vicn021:31094,/apps/tomcat-pricing/lib/log4j2.xml ,kafrck-vicn017:31095 kafrck-vicn018:31096 kafrck-vicn019:31097 kafrck-vicn020:31098 kafrck-vicn021:31099
prcrck-vicn016,el6 omsd2 qa6 pricing,filebeat-6.5.4-1,,/etc/filebeat/filebeat.yml,null,/apps/tomcat-pricing/lib/log4j2.xml ,kafrck-vicn017:31095 kafrck-vicn018:31096 kafrck-vicn019:31097 kafrck-vicn020:31098 kafrck-vicn021:31099
verrck-vdcn001,vertex o-series dev dev dev1 dev1,filebeat-6.7.0-1,,/etc/filebeat/filebeat.yml,kafrck-vicn017:31090 kafrck-vicn018:31091 kafrck-vicn019:31092 kafrck-vicn020:31093 kafrck-vicn021:31094,,
verrck-vicn001,vertex taxlink qa1 test1,filebeat-6.7.0-1,,/etc/filebeat/filebeat.yml,kafrck-vicn017:31090 kafrck-vicn018:31091 kafrck-vicn019:31092 kafrck-vicn020:31093 kafrck-vicn021:31094,,
verrck-vicn002,vertex taxlink qa2 test2,filebeat-6.7.0-1,,/etc/filebeat/filebeat.yml,null,,
verrck-vicn003,vertex o-series qa1 test1,filebeat-6.7.0-1,,/etc/filebeat/filebeat.yml,null,,
verrck-vicn004,vertex o-series qa2 test2,filebeat-6.7.0-1,,/etc/filebeat/filebeat.yml,null,,
xcarck-vdcn001,qa1 esre portal rk,filebeat-6.7.0-1,,/etc/filebeat/filebeat.yml,elkrck-vccn009:5044 elkrck-vccn010:5044 elkrck-vccn011:5044,,
xcarck-vdcn002,qa1 esre portal rk,filebeat-6.7.0-1,,/etc/filebeat/filebeat.yml,null,,
xcarck-vdcn003,qa1 esre portal rk,filebeat-6.7.0-1,,/etc/filebeat/filebeat.yml,elkrck-vccn009:5044 elkrck-vccn010:5044 elkrck-vccn011:5044,,
