Please create the following A records in DNS and VIPs on the F5 load balancers; you can model these on the existing QA VIPs
Jira: mead-19597

A records/VIPS,,,Node,Ports
vip_qa58_mg_com, IN A, origin-www.qa58.markandgraham.com,mg-intdev58-rk1v.wsgc.com, 80 49446
vip_qa58_pb_com, IN A, origin-www.qa58.potterybarn.com,pb-intdev58-rk1v.wsgc.com, 80 49446
vip_qa58_pk_com, IN A, origin-www.qa58.potterybarnkids.com,pk-intdev58-rk1v.wsgc.com, 80 49446
vip_qa58_pt_com, IN A, origin-www.qa58.pbteen.com,pt-intdev58-rk1v.wsgc.com, 80 49446
vip_qa58_we_com, IN A, origin-www.qa58.westelm.com,we-intdev58-rk1v.wsgc.com, 80 49446
vip_qa58_ws_com, IN A, origin-www.qa58.williams-sonoma.com,ws-intdev58-rk1v.wsgc.com, 80 49446

