Please create the following A records in DNS and VIPs on the F5 load balancers; you can model these on the existing QA VIPs

A records/VIPS,,,Node,Ports
vip_qa54_pb_ca, IN A, origin-www.qa54.potterybarn.ca,pb-intdev54-sac1v.wsgc.com, 80 49446
vip_qa54_pk_ca, IN A, origin-www.qa54.potterybarnkids.ca,pk-intdev54-sac1v.wsgc.com, 80 49446
vip_qa54_we_ca, IN A, origin-www.qa54.westelm.ca,we-intdev54-sac1v.wsgc.com, 80 49446
vip_qa54_ws_ca, IN A, origin-www.qa54.williams-sonoma.ca,ws-intdev54-sac1v.wsgc.com, 80 49446

Jira: mead-19346

