Please create the following A records in DNS and VIPs on the F5 load balancers; you can model these on the existing QA VIPs
A records/VIPS,,,Node,Ports
vip_qa30_mg, IN A, origin-www.qa30.markandgraham.com,mg-intdev30-rk1v, 80 49446
vip_qa30_pb, IN A, origin-www.qa30.potterybarn.com,pb-intdev30-rk1v, 80 49446
vip_qa30_pk, IN A, origin-www.qa30.potterybarnkids.com,pk-intdev30-rk1v, 80 49446
vip_qa30_pt, IN A, origin-www.qa30.pbteen.com,pt-intdev30-rk1v, 80 49446
vip_qa30_we, IN A, origin-www.qa30.westelm.com,we-intdev30-rk1v, 80 49446
vip_qa30_ws, IN A, origin-www.qa30.williams-sonoma.com,ws-intdev30-rk1v, 80 49446
vip_qa31_mg, IN A, origin-www.qa31.markandgraham.com,mg-intdev31-rk1v, 80 49446
vip_qa31_pb, IN A, origin-www.qa31.potterybarn.com,pb-intdev31-rk1v, 80 49446
vip_qa31_pk, IN A, origin-www.qa31.potterybarnkids.com,pk-intdev31-rk1v, 80 49446
vip_qa31_pt, IN A, origin-www.qa31.pbteen.com,pt-intdev31-rk1v, 80 49446
vip_qa31_we, IN A, origin-www.qa31.westelm.com,we-intdev31-rk1v, 80 49446
vip_qa31_ws, IN A, origin-www.qa31.williams-sonoma.com,ws-intdev31-rk1v, 80 49446
vip_qa32_mg, IN A, origin-www.qa32.markandgraham.com,mg-intdev32-rk1v, 80 49446
vip_qa32_pb, IN A, origin-www.qa32.potterybarn.com,pb-intdev32-rk1v, 80 49446
vip_qa32_pk, IN A, origin-www.qa32.potterybarnkids.com,pk-intdev32-rk1v, 80 49446
vip_qa32_pt, IN A, origin-www.qa32.pbteen.com,pt-intdev32-rk1v, 80 49446
vip_qa32_we, IN A, origin-www.qa32.westelm.com,we-intdev32-rk1v, 80 49446
vip_qa32_ws, IN A, origin-www.qa32.williams-sonoma.com,ws-intdev32-rk1v, 80 49446
vip_qa33_mg, IN A, origin-www.qa33.markandgraham.com,mg-intdev33-rk1, 80 49446
vip_qa33_pb, IN A, origin-www.qa33.potterybarn.com,pb-intdev33-rk1v, 80 49446
vip_qa33_pk, IN A, origin-www.qa33.potterybarnkids.com,pk-intdev33-rk1v, 80 49446
vip_qa33_pt, IN A, origin-www.qa33.pbteen.com,pt-intdev33-rk1v, 80 49446
vip_qa33_we, IN A, origin-www.qa33.westelm.com,we-intdev33-rk1v, 80 49446
vip_qa33_ws, IN A, origin-www.qa33.williams-sonoma.com,ws-intdev33-rk1v, 80 49446
vip_qa34_mg, IN A, origin-www.qa34.markandgraham.com,mg-intdev34-rk1v, 80 49446
vip_qa34_pb, IN A, origin-www.qa34.potterybarn.com,pb-intdev34-rk1v, 80 49446
vip_qa34_pk, IN A, origin-www.qa34.potterybarnkids.com,pk-intdev34-rk1v, 80 49446
vip_qa34_pt, IN A, origin-www.qa34.pbteen.com,pt-intdev34-rk1v, 80 49446
vip_qa34_we, IN A, origin-www.qa34.westelm.com,we-intdev34-rk1v, 80 49446
vip_qa34_ws, IN A, origin-www.qa34.williams-sonoma.com,ws-intdev34-rk1v, 80 49446
vip_qa35_mg, IN A, origin-www.qa35.markandgraham.com,mg-intdev35-rk1v, 80 49446
vip_qa35_pb, IN A, origin-www.qa35.potterybarn.com,pb-intdev35-rk1v, 80 49446
vip_qa35_pk, IN A, origin-www.qa35.potterybarnkids.com,pk-intdev35-rk1v, 80 49446
vip_qa35_pt, IN A, origin-www.qa35.pbteen.com,pt-intdev35-rk1v, 80 49446
vip_qa35_we, IN A, origin-www.qa35.westelm.com,we-intdev35-rk1v, 80 49446
vip_qa35_ws, IN A, origin-www.qa35.williams-sonoma.com,ws-intdev35-rk1v, 80 49446
vip_uat5_mg, IN A, origin-www.uat5.markandgraham.com,mg-uat5-rk1, 80 49446
vip_uat5_pb, IN A, origin-www.uat5.potterybarn.com,pb-uat5-rk1, 80 49446
vip_uat5_pk, IN A, origin-www.uat5.potterybarnkids.com,pk-uat5-rk1, 80 49446
vip_uat5_pt, IN A, origin-www.uat5.pbteen.com,pt-uat5-rk1, 80 49446
vip_uat5_we, IN A, origin-www.uat5.westelm.com,we-uat5-rk1, 80 49446
vip_uat5_ws, IN A, origin-www.uat5.williams-sonoma.com,ws-uat5-rk1, 80 49446
