<?xml version="1.0" encoding="UTF-8"?>
<project>
  <actions/>
  <description>deploys config and war</description>
  <logRotator class="hudson.tasks.LogRotator">     
    <daysToKeep>180</daysToKeep>    
    <numToKeep>20</numToKeep>    
    <artifactDaysToKeep>-1</artifactDaysToKeep>    
    <artifactNumToKeep>-1</artifactNumToKeep>    
  </logRotator>
  <keepDependencies>false</keepDependencies>
  <properties>
    <hudson.model.ParametersDefinitionProperty>
      <parameterDefinitions>
        <hudson.model.StringParameterDefinition>
          <name>ENVIRO</name>
          <description/>
          <defaultValue>uat2</defaultValue>
        </hudson.model.StringParameterDefinition>
        <hudson.model.StringParameterDefinition>
          <name>PROJECT</name>
          <description/>
          <defaultValue>mg</defaultValue>
        </hudson.model.StringParameterDefinition>
        <hudson.model.StringParameterDefinition>
          <name>RELEASENAME</name>
          <description/>
          <defaultValue>bowmore-shortcut</defaultValue>
        </hudson.model.StringParameterDefinition>        
      </parameterDefinitions>
    </hudson.model.ParametersDefinitionProperty>
  </properties>
  <scm class="hudson.scm.NullSCM"/>
  <assignedNode>deploywar</assignedNode>
  <canRoam>false</canRoam>
  <disabled>false</disabled>
  <blockBuildWhenDownstreamBuilding>false</blockBuildWhenDownstreamBuilding>
  <blockBuildWhenUpstreamBuilding>false</blockBuildWhenUpstreamBuilding>
  <jdk>JDK1.7</jdk>
  <triggers/>
  <concurrentBuild>false</concurrentBuild>
  <builders/>
  <publishers>
    <hudson.plugins.chucknorris.CordellWalkerRecorder plugin="chucknorris@0.5">
      <factGenerator/>
    </hudson.plugins.chucknorris.CordellWalkerRecorder>
    <org.jenkinsci.plugins.rundeck.RundeckNotifier plugin="rundeck@3.4-SNAPSHOT">
      <jobId>wsgc-deploy-qa-frontend-app-deploy</jobId>
      <options>brand=${PROJECT}
        env=${ENVIRO}</options>
      <nodeFilters/>
      <tag/>
      <shouldWaitForRundeckJob>true</shouldWaitForRundeckJob>
      <shouldFailTheBuild>true</shouldFailTheBuild>
      <includeRundeckLogs>true</includeRundeckLogs>
    </org.jenkinsci.plugins.rundeck.RundeckNotifier>
    <hudson.plugins.emailext.ExtendedEmailPublisher plugin="email-ext@2.31">
      <recipientList>$DEFAULT_RECIPIENTS,EcomEOReleaseManagement@WSGC.com,EcomEOReleaseManagement@WSGC.com</recipientList>
      <configuredTriggers>
        <hudson.plugins.emailext.plugins.trigger.FailureTrigger>
          <email>
            <recipientList>,EcomEOReleaseManagement@WSGC.com</recipientList>
            <subject>$PROJECT_DEFAULT_SUBJECT</subject>
            <body>$PROJECT_DEFAULT_CONTENT</body>
            <sendToDevelopers>true</sendToDevelopers>
            <sendToRequester>false</sendToRequester>
            <includeCulprits>false</includeCulprits>
            <sendToRecipientList>true</sendToRecipientList>
            <attachmentsPattern/>
            <attachBuildLog>false</attachBuildLog>
            <compressBuildLog>false</compressBuildLog>
            <replyTo>$PROJECT_DEFAULT_REPLYTO</replyTo>
          </email>
        </hudson.plugins.emailext.plugins.trigger.FailureTrigger>
      </configuredTriggers>
      <contentType>default</contentType>
      <defaultSubject>$DEFAULT_SUBJECT</defaultSubject>
      <defaultContent>$DEFAULT_CONTENT</defaultContent>
      <attachmentsPattern/>
      <presendScript>$DEFAULT_PRESEND_SCRIPT</presendScript>
      <attachBuildLog>false</attachBuildLog>
      <compressBuildLog>false</compressBuildLog>
      <replyTo>$DEFAULT_REPLYTO</replyTo>
      <saveOutput>false</saveOutput>
    </hudson.plugins.emailext.ExtendedEmailPublisher>
    <com.wsgc.devops.toolchain.jenkins.deploy__event__plugin.DeployEventNotifier plugin="wsgc-deploy-event-plugin@1.0-SNAPSHOT">
       <environment>${ENVIRO}</environment>
       <application>${PROJECT}</application>
       <releaseName>${RELEASENAME}</releaseName>
       <appEndpoint>frontend</appEndpoint>
    </com.wsgc.devops.toolchain.jenkins.deploy__event__plugin.DeployEventNotifier>
  </publishers>
  <buildWrappers>
    <org.jenkinsci.plugins.builduser.BuildUser plugin="build-user-vars-plugin@1.4"/>
   </buildWrappers>
</project>
