Host, CertDate
aossvc-qa-rk1v,Feb 20 18:00:20 2021 GMT
bgb-dev-sac1,Apr 25 21:43:00 2017 GMT
bgb-qa1-sac1v,Feb 27 21:59:11 2021 GMT
bgb-uat1-rk1v,Feb 27 22:00:02 2021 GMT
bgb-uat2-rk1v,Sep 13 21:40:48 2016 GMT
buildsystem-uat2-rk1v,Sep 13 21:56:39 2016 GMT
c3svc-qa-rk1v,Jul 31 17:25:08 2020 GMT
c3svc-qa-rk2v,Jul 31 17:25:08 2020 GMT
casrck-vdcn001,Dec  7 20:17:30 2018 GMT
casrck-vdcn002,Dec  7 19:34:55 2018 GMT
casrck-vicn002,Dec  7 19:48:47 2018 GMT
casrck-vicn003,Dec  7 19:53:20 2018 GMT
cassandra-dev1-rk1,Oct 11 23:51:29 2017 GMT
cassandra-dev1-rk2,Oct 12 17:02:15 2017 GMT
cassandra-dev1-rk3,Dec  7 19:34:55 2018 GMT
cassandra-qa1-rk1,Oct 12 17:12:56 2017 GMT
cassandra-qa1-rk2,Oct 12 17:24:41 2017 GMT
cassandra-qa1-rk3,Oct 12 17:35:36 2017 GMT
caweb-qa1-rk1v,Sep 23 20:05:40 2016 GMT
corp-qa1-rk1v,Sep 23 20:33:46 2016 GMT
cre-qa-rk1v,Aug  8 19:13:54 2019 GMT
cre-qa-rk2v,Aug  9 21:57:15 2019 GMT
ecbuild-agent-qa-sac1v,Aug  5 23:00:33 2016 GMT
ecbuild-agent-qa-sac2v,Aug  5 23:31:21 2016 GMT
ecbuild-agent-qa-sac3v,Aug  5 23:34:35 2016 GMT
ecbuild-agent-qa-sac4v,Aug  5 23:38:54 2016 GMT
ecbuild-agent-qa-sac5v,Aug  5 23:42:40 2016 GMT
ecbuild-agent-qa-sac6v,Aug  5 23:46:07 2016 GMT
ecbuild-agent-qa-sac7v,Aug  5 23:49:49 2016 GMT
ecinvent-qa-rk1v,Feb 19 09:20:04 2021 GMT
ecinvent-qa-rk2v,Apr 16 19:00:23 2020 GMT
ecinvent-qa-rk3v,Apr 16 19:00:52 2020 GMT
ecinvent-qa-rk4v,Apr 16 19:01:45 2020 GMT
ecinvent-qa-rk5v,Apr 16 19:02:06 2020 GMT
ecmagent-qa-rk1v,Jan 17 21:56:22 2021 GMT
ecmagentintrk1v,Mar 28 03:59:32 2015 GMT
ecmrck-vicn017,Jan 17 21:56:22 2021 GMT
favorites-dev1-rk1v,Nov  9 22:19:14 2017 GMT
favorites-qa1-rk1v,Jan 17 22:45:32 2021 GMT
favorites-uat1-rk1v,Nov 14 16:37:41 2017 GMT
feedgen-dev-rk1v,May 17 21:15:50 2020 GMT
feedgen-qa-rk1v,May 17 21:39:10 2020 GMT
feedgen-uat-rk1v,May 17 21:39:46 2020 GMT
hfauth-qa-rk1v,Apr 20 21:33:27 2019 GMT
hfpub-qa-rk1v,Apr 24 14:39:55 2019 GMT
imgproc-qa-sac1v,May 30 20:30:01 2019 GMT
intl-dev1-rk1v,Sep 13 17:34:56 2016 GMT
invadj-dev-rk1v,Mar 23 21:41:10 2020 GMT
invadj-qa1-rk1v,Mar 23 21:41:32 2020 GMT
invadj-uat-rk1v,Mar 23 21:42:20 2020 GMT
jnkrck-vdcn001,Aug 22 18:14:22 2020 GMT
locker-dev-rk2v,Mar  6 11:31:40 2021 GMT
loyalty-dev1-rk1v,Mar 12 23:21:37 2021 GMT
loyalty-qa1-rk1v,Mar 19 23:37:36 2021 GMT
loyalty-qa1-rk2v,Mar 19 23:37:36 2021 GMT
loyalty-uat1-rk1v,Mar 22 20:30:39 2020 GMT
loyalty-uat1-rk2v,Mar 22 20:30:39 2020 GMT
mdm-qa1-rk1v,Aug 19 07:47:15 2021 GMT
mdm-qa2-rk1v,Aug 19 07:57:04 2021 GMT
mdm-qa3-rk1v,Aug 19 07:49:25 2021 GMT
mdm-qa4-rk1v,Aug 19 07:53:16 2021 GMT
mg-ecmauth-qa-sac1v,Jun 14 21:42:46 2021 GMT
mg-ecmauth-uat-rk1,Jun 14 21:54:25 2021 GMT
mg-ecmpub-qa-sac1v,Feb 19 09:07:02 2021 GMT
mg-ecmpub-uat-rk1,Jun 14 21:54:25 2021 GMT
mg-int1-rk1v,Jul 21 22:40:45 2016 GMT
mg-int2-rk1v,Mar  1 22:02:27 2018 GMT
mg-intdev1-rk1,Dec  1 22:03:13 2017 GMT
mg-intdev10-rk1,Feb 13 20:07:06 2018 GMT
mg-intdev11-rk1,Feb 13 21:37:37 2018 GMT
mg-intdev12-rk1,Mar  2 17:37:23 2018 GMT
mg-intdev13-rk1,Dec 17 16:17:45 2020 GMT
mg-intdev14-rk1,Mar 21 16:57:18 2018 GMT
mg-intdev17-rk1,May 10 19:37:52 2018 GMT
mg-intdev18-rk1,May 11 21:39:53 2018 GMT
mg-intdev19-rk1,Jan  7 15:48:46 2021 GMT
mg-intdev2-rk1,Jan  2 06:49:32 2021 GMT
mg-intdev20-rk1,Jan  2 15:51:20 2021 GMT
mg-intdev21-rk1,Dec 18 18:12:35 2020 GMT
mg-intdev22-rk1,Dec 27 00:25:08 2020 GMT
mg-intdev23-rk1,Jan  8 11:06:51 2021 GMT
mg-intdev24-rk1,Jan  2 15:28:12 2021 GMT
mg-intdev25-rk1,Jan  2 15:56:15 2021 GMT
mg-intdev26-rk1,Dec 17 16:06:39 2020 GMT
mg-intdev27-rk1,May 14 23:31:30 2019 GMT
mg-intdev28-rk1,May 15 00:55:22 2019 GMT
mg-intdev29-rk1,Dec 27 07:11:52 2020 GMT
mg-intdev3-rk1,Dec  6 17:19:54 2017 GMT
mg-intdev4-rk1,Dec  6 19:52:54 2017 GMT
mg-intdev5-rk1,Dec  7 17:06:11 2017 GMT
mg-intdev6-rk1,Dec 13 16:22:31 2020 GMT
mg-intdev7-rk1,Dec 27 11:23:16 2020 GMT
mg-intdev8-rk1,Dec 27 10:46:47 2020 GMT
mg-intdev9-rk1,Dec 13 19:29:23 2020 GMT
mg-qa15-rk1v,Jan 21 15:31:46 2021 GMT
mg-qa16-rk1v,Jun 22 20:36:06 2016 GMT
mg-rgs1-rk1v,Jul 22 00:19:03 2016 GMT
mg-stg1-rk1v,Apr  5 20:48:21 2021 GMT
mg-uat1-rk1,May  3 16:58:31 2017 GMT
mg-uat2-rk1,May  3 18:48:08 2017 GMT
mg-uat3-rk1v,Jul 22 01:37:22 2016 GMT
mg-uat4-rk1,May  3 23:09:58 2017 GMT
mg-uat5-rk1,Apr  5 11:42:55 2021 GMT
mg-wcm-qa1-sac1v,Jun 17 16:45:17 2021 GMT
mg-wcm-qa2-rk1v,Jun 17 16:45:17 2021 GMT
mg-wcm-uat1-rk1v,Jun 17 16:48:04 2021 GMT
mg-wcm-uat2-rk1v,Jun 17 16:48:04 2021 GMT
mg-xcprf-rk1v,Feb  9 00:45:35 2021 GMT
mg-xcprf-rk2v,Feb  9 00:46:02 2021 GMT
mgecmprv-qa-rk1v,Jun  5 18:58:56 2019 GMT
mgecmprv-uat-rk1v,May 23 01:02:15 2021 GMT
ofos-dev1-rk1v,Aug 19 07:42:41 2021 GMT
ofos-qa1-rk1v,Aug 19 07:46:11 2021 GMT
pb-ecmauth-qa-sac1v,Jun 14 21:42:46 2021 GMT
pb-ecmauth-uat-rk1,Jun 14 21:54:25 2021 GMT
pb-ecmpub-qa-sac1v,Jun 14 21:42:46 2021 GMT
pb-ecmpub-uat-rk1,Jun 14 21:54:25 2021 GMT
pb-int1-rk1v,Jul 21 21:13:38 2016 GMT
pb-int2-rk1v,Mar  1 22:16:23 2018 GMT
pb-intdev1-rk1,Dec  1 22:11:46 2017 GMT
pb-intdev10-rk1,Feb 13 20:21:55 2018 GMT
pb-intdev11-rk1,Feb 13 21:52:08 2018 GMT
pb-intdev12-rk1,Mar  2 17:52:47 2018 GMT
pb-intdev13-rk1,Dec 17 16:16:26 2020 GMT
pb-intdev14-rk1,Mar 21 17:14:04 2018 GMT
pb-intdev17-rk1,May 10 20:19:05 2018 GMT
pb-intdev18-rk1,May 11 22:10:45 2018 GMT
pb-intdev19-rk1,Jan  7 15:49:37 2021 GMT
pb-intdev2-rk1,Jan  2 06:45:56 2021 GMT
pb-intdev20-rk1,Jan  2 15:51:46 2021 GMT
pb-intdev21-rk1,Dec 18 18:12:48 2020 GMT
pb-intdev22-rk1,Dec 27 00:25:25 2020 GMT
pb-intdev23-rk1,Jan  8 11:00:51 2021 GMT
pb-intdev24-rk1,May 14 17:08:01 2019 GMT
pb-intdev25-rk1,Jan  2 15:56:44 2021 GMT
pb-intdev26-rk1,Dec 17 16:04:30 2020 GMT
pb-intdev27-rk1,May 14 23:48:36 2019 GMT
pb-intdev28-rk1,May 15 01:52:35 2019 GMT
pb-intdev29-rk1,Dec 27 07:13:18 2020 GMT
pb-intdev3-rk1,Dec  6 18:07:19 2017 GMT
pb-intdev4-rk1,Dec  6 21:32:43 2017 GMT
pb-intdev5-rk1,Dec  7 17:23:31 2017 GMT
pb-intdev6-rk1,Dec 14 15:40:29 2020 GMT
pb-intdev7-rk1,Dec 27 11:23:31 2020 GMT
pb-intdev8-rk1,Dec 27 10:47:39 2020 GMT
pb-intdev9-rk1,Dec 13 19:37:11 2020 GMT
pb-qa15-rk1v,Jan 21 15:32:43 2021 GMT
pb-qa16-rk1v,Jun 22 18:17:13 2016 GMT
pb-rgs1-rk1v,Jul 21 23:19:24 2016 GMT
pb-stg1-rk1v,Apr  5 20:48:50 2021 GMT
pb-uat1-rk1,May  3 17:18:16 2017 GMT
pb-uat2-rk1,May  3 20:19:06 2017 GMT
pb-uat3-rk1v,Jul 22 00:51:32 2016 GMT
pb-uat4-rk1,May  3 23:30:30 2017 GMT
pb-uat5-rk1,Apr  5 11:41:11 2021 GMT
pb-wcm-qa1-sac1v,Jun 17 16:45:17 2021 GMT
pb-wcm-qa2-rk1v,Jun 17 16:45:17 2021 GMT
pb-wcm-uat1-rk1v,Jun 17 16:48:04 2021 GMT
pb-wcm-uat2-rk1v,Jun 17 16:48:04 2021 GMT
pb-xcprf-rk1v,Oct 19 19:04:49 2019 GMT
pb-xcprf-rk2v,Apr  3 21:17:47 2020 GMT
pb-xcprf-rk3v,Apr  3 21:09:18 2020 GMT
pbecmprv-qa-rk1v,Jun 18 23:24:42 2019 GMT
pbecmprv-uat-rk1v,May 23 01:02:15 2021 GMT
pk-ecmauth-qa-sac1v,Jun 14 21:42:46 2021 GMT
pk-ecmauth-uat-rk1,Jun 14 21:54:25 2021 GMT
pk-ecmpub-qa-sac1v,Jun 14 21:42:46 2021 GMT
pk-ecmpub-uat-rk1,Jun 14 21:54:25 2021 GMT
pk-int1-rk1v,Jul 21 22:01:56 2016 GMT
pk-int2-rk1v,Mar  1 22:40:27 2018 GMT
pk-intdev1-rk1,Dec  1 22:17:26 2017 GMT
pk-intdev10-rk1,Feb 13 20:37:03 2018 GMT
pk-intdev11-rk1,Feb 13 22:06:36 2018 GMT
pk-intdev12-rk1,Mar  2 18:12:48 2018 GMT
pk-intdev13-rk1,Dec 17 16:21:16 2020 GMT
pk-intdev14-rk1,May 23 01:02:15 2021 GMT
pk-intdev17-rk1,May 10 20:47:35 2018 GMT
pk-intdev18-rk1,May 11 22:32:57 2018 GMT
pk-intdev19-rk1,Jan  7 15:53:00 2021 GMT
pk-intdev2-rk1,Jan  2 06:43:30 2021 GMT
pk-intdev20-rk1,Jan  2 15:52:10 2021 GMT
pk-intdev21-rk1,Dec 18 18:13:03 2020 GMT
pk-intdev22-rk1,Dec 27 00:26:00 2020 GMT
pk-intdev23-rk1,Jan  8 11:07:37 2021 GMT
pk-intdev24-rk1,May 14 18:25:03 2019 GMT
pk-intdev25-rk1,Jan  2 15:57:02 2021 GMT
pk-intdev26-rk1,Dec 17 16:05:34 2020 GMT
pk-intdev27-rk1,May 14 23:59:00 2019 GMT
pk-intdev28-rk1,May 15 16:55:55 2019 GMT
pk-intdev29-rk1,Dec 27 07:10:37 2020 GMT
pk-intdev3-rk1,Dec  6 17:46:02 2017 GMT
pk-intdev4-rk1,Dec  6 21:47:38 2017 GMT
pk-intdev5-rk1,Dec  7 17:43:16 2017 GMT
pk-intdev6-rk1,Dec 14 15:37:02 2020 GMT
pk-intdev7-rk1,Dec 27 11:23:42 2020 GMT
pk-intdev8-rk1,Dec 27 10:46:33 2020 GMT
pk-intdev9-rk1,Dec 13 19:39:31 2020 GMT
pk-qa15-rk1v,Jan 21 15:33:24 2021 GMT
pk-qa16-rk1v,Jun 22 18:41:28 2016 GMT
pk-rgs1-rk1v,Jul 22 00:07:53 2016 GMT
pk-stg1-rk1v,Apr  5 20:49:19 2021 GMT
pk-uat1-rk1,May  3 17:43:14 2017 GMT
pk-uat2-rk1,May  3 21:26:54 2017 GMT
pk-uat3-rk1v,Jul 22 01:38:14 2016 GMT
pk-uat4-rk1,May  4 15:53:39 2017 GMT
pk-uat5-rk1,Apr  5 11:42:27 2021 GMT
pk-wcm-qa1-sac1v,Jun 17 16:45:17 2021 GMT
pk-wcm-qa2-rk1v,Jun 17 16:45:17 2021 GMT
pk-wcm-uat1-rk1v,Jun 17 16:48:04 2021 GMT
pk-wcm-uat2-rk1v,Jun 17 16:48:04 2021 GMT
pk-xcprf-rk1v,Apr  4 20:33:40 2020 GMT
pk-xcprf-rk2v,Apr  4 20:33:58 2020 GMT
pkecmprv-uat-rk1v,May 23 01:02:15 2021 GMT
pradm-qa1-rk1v,Aug 16 09:30:53 2021 GMT
pradm-qa2-rk1v,Aug 16 09:31:52 2021 GMT
pradm-qa3-rk1v,Aug 16 09:35:37 2021 GMT
pradm-qa4-rk1v,Aug 16 09:37:17 2021 GMT
pradm-qa5-rk1v,Aug 16 09:39:22 2021 GMT
pradm-qa6-rk1v,Aug 16 09:42:16 2021 GMT
pradm-qa7-rk1v,Nov  1 15:09:39 2019 GMT
pricing-qa1-rk1v,Mar 26 21:31:03 2021 GMT
pricing-qa2-rk1v,Mar 26 21:31:53 2021 GMT
pricing-qa3-rk1v,Mar 26 21:32:30 2021 GMT
pricing-qa4-rk1v,Mar 26 21:32:57 2021 GMT
pricing-qa5-rk1v,Mar 26 21:33:32 2021 GMT
pricing-qa6-rk1v,Mar 26 21:34:03 2021 GMT
pricing-qa7-rk1v,Jun 18 05:55:16 2021 GMT
pricing-qa7-rk2v,Jun 18 05:55:16 2021 GMT
profile-dev1-rk1v,Mar 12 23:24:14 2021 GMT
profile-qa1-rk1v,Mar 12 23:25:01 2021 GMT
profile-uat1-rk1v,Aug  9 02:58:54 2021 GMT
prpsqa-rk1v,Aug 23 00:39:32 2019 GMT
prpsqa-rk3v,Aug 23 00:47:10 2019 GMT
prpsqa-rk4v,Aug 23 00:54:23 2019 GMT
prpsqa-rk5v,Aug 23 01:00:59 2019 GMT
pt-ecmauth-qa-sac1v,Jun 14 21:42:46 2021 GMT
pt-ecmauth-uat-rk1,Jun 14 21:54:25 2021 GMT
pt-ecmpub-qa-sac1v,Jun 14 21:42:46 2021 GMT
pt-ecmpub-uat-rk1,Jun 14 21:54:25 2021 GMT
pt-int1-rk1v,Jul 21 21:36:22 2016 GMT
pt-int2-rk1v,Mar 21 16:40:46 2018 GMT
pt-intdev1-rk1,Dec  1 22:21:00 2017 GMT
pt-intdev10-rk1,Feb 13 20:51:23 2018 GMT
pt-intdev11-rk1,Feb 13 23:18:15 2018 GMT
pt-intdev12-rk1,Mar  2 18:31:21 2018 GMT
pt-intdev13-rk1,Dec 17 16:14:11 2020 GMT
pt-intdev14-rk1,Mar 21 17:44:37 2018 GMT
pt-intdev17-rk1,May 10 21:41:54 2018 GMT
pt-intdev18-rk1,May 11 22:52:35 2018 GMT
pt-intdev19-rk1,Jan  7 15:51:25 2021 GMT
pt-intdev2-rk1,Jan  2 06:55:53 2021 GMT
pt-intdev20-rk1,Jan  2 15:52:30 2021 GMT
pt-intdev21-rk1,Dec 18 18:13:36 2020 GMT
pt-intdev22-rk1,Dec 27 00:26:10 2020 GMT
pt-intdev23-rk1,Jan  8 11:06:10 2021 GMT
pt-intdev24-rk1,May 14 18:35:59 2019 GMT
pt-intdev25-rk1,Jan  2 15:57:22 2021 GMT
pt-intdev26-rk1,Dec 17 16:03:23 2020 GMT
pt-intdev27-rk1,May 15 00:09:25 2019 GMT
pt-intdev28-rk1,May 15 17:15:28 2019 GMT
pt-intdev29-rk1,Dec 27 07:16:07 2020 GMT
pt-intdev3-rk1,Dec  6 18:24:39 2017 GMT
pt-intdev4-rk1,Dec  6 22:01:29 2017 GMT
pt-intdev5-rk1,Dec  7 17:57:48 2017 GMT
pt-intdev6-rk1,Dec 14 15:35:40 2020 GMT
pt-intdev7-rk1,Dec 27 11:23:51 2020 GMT
pt-intdev8-rk1,Dec 27 10:46:18 2020 GMT
pt-intdev9-rk1,Dec 13 19:41:03 2020 GMT
pt-qa15-rk1v,Jan 21 15:34:02 2021 GMT
pt-qa16-rk1v,Jun 22 18:43:25 2016 GMT
pt-rgs1-rk1v,Jul 21 23:32:00 2016 GMT
pt-stg1-rk1v,Apr  5 20:49:46 2021 GMT
pt-uat1-rk1,May  3 17:36:47 2017 GMT
pt-uat2-rk1,May  3 21:08:00 2017 GMT
pt-uat3-rk1v,Jul 22 00:59:52 2016 GMT
pt-uat4-rk1,May  4 00:00:14 2017 GMT
pt-uat5-rk1,Apr  5 11:42:40 2021 GMT
pt-wcm-qa1-sac1v,Jun 17 16:45:17 2021 GMT
pt-wcm-qa2-rk1v,Jun 17 16:45:17 2021 GMT
pt-wcm-uat1-rk1v,Jun 17 16:48:04 2021 GMT
pt-wcm-uat2-rk1v,Jun 17 16:48:04 2021 GMT
pt-xcprf-rk1v,Apr  4 20:31:14 2020 GMT
pt-xcprf-rk2v,Apr  8 04:15:59 2021 GMT
ptecmprv-qa-rk1v,Jul 16 17:11:44 2019 GMT
ptecmprv-uat-rk1v,May 23 01:02:15 2021 GMT
publisher-qa1-rk1v,Aug 16 09:45:59 2021 GMT
publisher-qa2-rk1v,Aug 16 09:46:52 2021 GMT
publisher-qa3-rk1v,Aug 16 09:47:44 2021 GMT
publisher-qa4-rk1v,Aug 16 09:48:34 2021 GMT
publisher-qa5-rk1v,Aug 16 09:49:26 2021 GMT
publisher-qa6-rk1v,Aug 16 09:50:22 2021 GMT
publisher-qa7-rk1v,Oct 17 22:08:45 2019 GMT
regadm-qa1-rk1v,Feb 27 10:41:01 2021 GMT
regadm-qa1-rk2v,Feb 27 10:41:31 2021 GMT
registry-qa1-rk1v,Mar 20 20:47:52 2019 GMT
registry-qa2-rk1v,Mar 20 20:50:42 2019 GMT
registry-uat1-rk1v,Mar  9 00:26:29 2019 GMT
registry-uat2-rk1v,Mar  9 00:40:30 2019 GMT
rewards-dev1-rk1,Aug 22 16:45:22 2020 GMT
rewards-qa1-rk1,Aug 22 16:45:22 2020 GMT
rndrck-vdcn001,Aug 29 18:58:05 2018 GMT
sccext-qa1-rk1v,Feb 11 19:15:24 2019 GMT
sccext-qa2-rk1v,Aug 17 12:57:05 2021 GMT
sccext-qa3-rk1v,Aug 17 12:58:05 2021 GMT
sccext-qa5-rk1v,Aug 17 12:58:52 2021 GMT
sccint-qa1-rk1v,Oct 12 16:51:52 2019 GMT
sccint-qa2-rk1v,Aug 17 13:00:27 2021 GMT
sccint-qa3-rk1v,Aug 17 13:01:13 2021 GMT
sccint-qa5-rk1v,Aug 17 13:01:56 2021 GMT
scm-toolsprd-rk1,Aug 22 18:09:40 2020 GMT
search-orchestrator-uat-rk1v,May 17 21:40:20 2020 GMT
search-publisher-dev-rk1v,May 10 18:15:38 2020 GMT
search-publisher-qa-rk1v,May 10 18:18:21 2020 GMT
search-publisher-uat-rk1v,May 10 18:22:46 2020 GMT
singleuse-qa1-rk1v,Aug 16 09:55:00 2021 GMT
singleuse-qa2-rk1v,Aug 16 09:56:12 2021 GMT
singleuse-qa3-rk1v,Aug 16 09:57:09 2021 GMT
singleuse-qa7-rk1v,Oct 17 21:50:54 2019 GMT
singleusemaster-qa4-rk1v,Aug 16 09:52:12 2021 GMT
singleusemaster-qa5-rk1v,Aug 16 09:53:08 2021 GMT
singleusemaster-qa6-rk1v,Aug 16 09:53:59 2021 GMT
snapshotrepo,May 20 23:57:14 2021 GMT
storelocator-qa1-rk1v,Feb 25 20:46:38 2021 GMT
wcmrck-vdcn001,May 17 20:21:38 2019 GMT
we-ecmauth-qa-sac1v,Jun 14 21:42:46 2021 GMT
we-ecmauth-uat-rk1,Jun 14 21:54:25 2021 GMT
we-ecmpub-qa-sac1v,Jun 14 21:42:46 2021 GMT
we-ecmpub-uat-rk1,Jun 14 21:54:25 2021 GMT
we-int1-rk1v,Jul 21 21:50:27 2016 GMT
we-int2-rk1v,Mar  1 23:13:53 2018 GMT
we-intdev1-rk1,Dec  1 22:24:21 2017 GMT
we-intdev10-rk1,Feb 13 21:06:06 2018 GMT
we-intdev11-rk1,Feb 13 22:30:53 2018 GMT
we-intdev12-rk1,Mar  2 18:45:42 2018 GMT
we-intdev13-rk1,Dec 17 16:20:17 2020 GMT
we-intdev14-rk1,Mar 21 18:00:29 2018 GMT
we-intdev17-rk1,May 10 22:12:16 2018 GMT
we-intdev18-rk1,May 11 23:30:19 2018 GMT
we-intdev19-rk1,Jan  7 15:52:07 2021 GMT
we-intdev2-rk1,Jan  2 06:46:59 2021 GMT
we-intdev20-rk1,Jan  2 15:52:58 2021 GMT
we-intdev21-rk1,Dec 18 18:13:46 2020 GMT
we-intdev22-rk1,Dec 27 00:26:32 2020 GMT
we-intdev23-rk1,Jan  8 11:02:53 2021 GMT
we-intdev24-rk1,May 14 18:46:54 2019 GMT
we-intdev25-rk1,Jan  4 10:50:42 2021 GMT
we-intdev26-rk1,Dec 17 16:02:19 2020 GMT
we-intdev27-rk1,May 15 00:25:30 2019 GMT
we-intdev28-rk1,May 15 17:28:43 2019 GMT
we-intdev29-rk1,Dec 27 07:07:34 2020 GMT
we-intdev3-rk1,Dec  6 18:37:52 2017 GMT
we-intdev4-rk1,Dec  6 22:16:30 2017 GMT
we-intdev5-rk1,Dec  7 18:12:39 2017 GMT
we-intdev6-rk1,Dec 14 15:33:46 2020 GMT
we-intdev7-rk1,Dec 27 11:23:03 2020 GMT
we-intdev8-rk1,Dec 27 10:47:24 2020 GMT
we-intdev9-rk1,Dec 13 19:42:23 2020 GMT
we-qa15-rk1v,Jan 21 15:34:34 2021 GMT
we-qa16-rk1v,Jun 22 19:04:11 2016 GMT
we-rgs1-rk1v,Jul 21 23:42:24 2016 GMT
we-stg1-rk1v,Apr  5 20:50:51 2021 GMT
we-uat1-rk1,May  3 16:24:03 2017 GMT
we-uat2-rk1,May  3 18:26:25 2017 GMT
we-uat3-rk1v,Jul 22 01:08:43 2016 GMT
we-uat4-rk1,May  3 22:25:33 2017 GMT
we-uat5-rk1,Apr  5 11:41:29 2021 GMT
we-wcm-qa1-sac1v,Jun 17 16:45:17 2021 GMT
we-wcm-qa2-rk1v,Jun 17 16:45:17 2021 GMT
we-wcm-uat1-rk1v,Jun 17 16:48:04 2021 GMT
we-wcm-uat2-rk1v,Jun 17 16:48:04 2021 GMT
we-xcprf-rk1v,Apr  4 18:24:56 2020 GMT
we-xcprf-rk2v,Apr  4 18:25:05 2020 GMT
webauth-dev-rk01v,Dec 13 19:15:49 2020 GMT
webauth-qa-rk01v,Dec 13 19:17:06 2020 GMT
webauth-uat-rk01v,Aug  9 02:51:39 2021 GMT
weecmprv-qa-rk1v,Jun 27 21:14:43 2019 GMT
weecmprv-uat-rk1v,May 23 01:02:15 2021 GMT
ws-ecmauth-qa-sac1v,Jun 14 21:42:46 2021 GMT
ws-ecmauth-uat-rk1,Jun 14 21:54:25 2021 GMT
ws-ecmpub-qa-sac1v,Jun 14 21:42:46 2021 GMT
ws-ecmpub-uat-rk1,Jun 14 21:54:25 2021 GMT
ws-int1-rk1v,Jul 21 18:37:50 2016 GMT
ws-int2-rk1v,Mar  1 23:46:51 2018 GMT
ws-intdev1-rk1,Dec  1 22:27:53 2017 GMT
ws-intdev10-rk1,Feb 13 21:22:26 2018 GMT
ws-intdev11-rk1,Feb 13 22:47:32 2018 GMT
ws-intdev12-rk1,Mar  2 18:59:14 2018 GMT
ws-intdev13-rk1,Dec 17 16:18:54 2020 GMT
ws-intdev14-rk1,Mar 21 19:01:22 2018 GMT
ws-intdev17-rk1,May 10 22:46:24 2018 GMT
ws-intdev18-rk1,May 11 23:50:30 2018 GMT
ws-intdev19-rk1,Jan  7 15:50:19 2021 GMT
ws-intdev2-rk1,Jan  2 06:40:25 2021 GMT
ws-intdev20-rk1,Jan  2 15:53:19 2021 GMT
ws-intdev21-rk1,Dec 18 18:14:02 2020 GMT
ws-intdev22-rk1,Dec 27 00:26:51 2020 GMT
ws-intdev23-rk1,Jan  8 11:01:33 2021 GMT
ws-intdev24-rk1,May 14 18:57:24 2019 GMT
ws-intdev25-rk1,May 14 23:10:17 2019 GMT
ws-intdev26-rk1,Dec 17 16:07:47 2020 GMT
ws-intdev27-rk1,May 15 00:44:35 2019 GMT
ws-intdev28-rk1,May 15 17:40:53 2019 GMT
ws-intdev29-rk1,Dec 27 07:14:55 2020 GMT
ws-intdev3-rk1,Dec  6 18:54:28 2017 GMT
ws-intdev4-rk1,Dec  6 22:30:34 2017 GMT
ws-intdev5-rk1,Dec  7 18:27:21 2017 GMT
ws-intdev6-rk1,Dec 13 16:51:25 2020 GMT
ws-intdev7-rk1,Dec 27 11:22:51 2020 GMT
ws-intdev8-rk1,Dec 27 10:45:44 2020 GMT
ws-intdev9-rk1,Dec 13 19:43:32 2020 GMT
ws-qa15-rk1v,Jan 21 15:34:59 2021 GMT
ws-qa16-rk1v,Jun 22 18:54:05 2016 GMT
ws-rgs1-rk1v,Jul 21 23:03:52 2016 GMT
ws-stg1-rk1v,Apr  5 20:51:37 2021 GMT
ws-uat1-rk1,May  3 16:28:51 2017 GMT
ws-uat2-rk1,May  3 18:03:07 2017 GMT
ws-uat3-rk1v,Jul 22 00:40:45 2016 GMT
ws-uat4-rk1,May  3 22:00:29 2017 GMT
ws-uat5-rk1,Apr  5 11:41:43 2021 GMT
ws-wcm-qa1-sac1v,Jun 17 16:45:17 2021 GMT
ws-wcm-qa2-rk1v,Jun 17 16:45:17 2021 GMT
ws-wcm-uat1-rk1v,Jun 17 16:48:04 2021 GMT
ws-wcm-uat2-rk1v,Jun 17 16:48:04 2021 GMT
ws-xcprf-rk1v,Apr  4 17:04:54 2020 GMT
wsecmprv-uat-rk1v,May 23 01:02:15 2021 GMT
xc-wcm-dev1-sac1v,Aug 19 07:54:07 2021 GMT
xc-wcm-dev2-sac1v,Aug 19 07:58:55 2021 GMT
xcadm-dev1-rk1v,Sep 17 20:14:07 2016 GMT
xcadm-qa1-rk1v,Jun 21 16:08:06 2021 GMT
xcadm-qa2-rk1v,Jun 21 16:08:24 2021 GMT
xcadm-qa3-rk1,Jun 21 16:08:37 2021 GMT
xcadm-qa4-rk1,Jun 21 16:07:20 2021 GMT
xcadm-qa5-rk1,Jun 21 16:07:54 2021 GMT
xcadm-qa6-rk1,Jun 21 16:02:49 2021 GMT
