Date, Host,App,RunDeck Tags,WSI Package,Config File,Filebeat Kafka Hosts,Log4j Kafka Hosts
2022-09-11 09:22,aerodbqark1,CPCR,cpcr nosql qa,,,,
2022-09-11 09:22,aerodbqark2,CPCR,cpcr nosql qa,,,,
2022-09-11 09:22,aerodbqark3,CPCR,cpcr nosql qa,,,,
2022-09-11 09:22,aerodbqark4,CPCR,cpcr nosql qa,,,,
2022-09-11 09:22,aerodbqark5,CPCR,cpcr nosql qa,,,,
2022-09-11 09:22,ambrck-vicn001,,amb int qa rk,wsgc-devops-aes-ca-uat-pb-config-1.0,,,
2022-09-11 09:22,artrck-vdcn007,,artifactory snapshotrepo toolchain,,,,
2022-09-11 09:22,artrck-vicn003,DevOps,dev nonprd pkgtest qa uat verify-config-package,,filebeat.yml,elkrck-vccn009:5044 elkrck-vccn010:5044 elkrck-vccn011:5044,
2022-09-11 09:22,bgb-dev-sac1,BGB,bgb-service dev toolchain,,,,
2022-09-11 09:22,bgb-qa1-sac1v,BGB,bgb-service qa1 toolchain,,,,
2022-08-24 10:31,bgb-uat1-rk1v,BGB,bgb-service uat1-new toolchain,,,,
2022-09-11 09:22,bgb-uat2-rk1v,BGB,bgb-service uat2,,,,
2022-09-11 09:22,bgbrck-vicn001,BGB,bgb-service buildsystem ca-qa1,,,,
2022-09-11 09:22,bgbrck-vicn002,BGB,bgb-service buildsystem ca1 toolchain,,,,
2022-09-11 09:22,bgbrck-vicn003,BGB,bgb-service buildsystem ca-rgs1,,,,
2022-09-11 09:22,bgbrck-vicn004,BGB,bgb-service buildsystem rgs1,,,,
2022-09-11 09:22,bgbrck-vicn009,buildsystem,buildsystem uat2,,,,
2022-09-11 09:22,bgbrck-vicn010,BGB,bgb-service buildsystem toolchain uat3,,,,
2022-09-11 09:22,bgbrck-vicn011,BGB,bgb-service uat2,,,,
2022-09-11 09:22,bgbsac-vicn001,BGB,bgb-service buildsystem ca-uat1,,,,
2022-09-11 09:22,bgbsac-vicn003,BGB,bgb-service qa1 toolchain,,,,
2022-09-11 09:22,bgbsac-vicn004,buildsystem,buildsystem dev toolchain,,,,
2022-09-11 09:22,bgbsac-vicn005,buildsystem,buildsystem qa1 toolchain,,,,
2022-09-11 09:22,bgbsac-vicn006,BGB,bgb-service dev toolchain,,,,
2022-09-11 09:22,bldrck-vicn001,buildsystem,buildsystem uat2,,,,
2022-09-11 09:22,bldsac-vdcn001,buildsystem,buildsystem dev toolchain,,,,
2022-09-11 09:22,bldsac-vicn001,buildsystem,buildsystem qa1 toolchain,,,,
2022-09-11 09:22,c3srck-vicn001,C3,app c3 qa,,,,kafrck-vicn017:31095 kafrck-vicn018:31096 kafrck-vicn019:31097 kafrck-vicn020:31098 kafrck-vicn021:31099
2022-09-11 09:22,c3srck-vicn002,C3,app c3 qa,,,,kafrck-vicn017:31095 kafrck-vicn018:31096 kafrck-vicn019:31097 kafrck-vicn020:31098 kafrck-vicn021:31099
2022-09-11 09:22,casrck-vdcn002,Cassandra,cassandra datastax dev dev2 rk2,,,,
2022-09-11 09:22,casrck-vicn001,Cassandra,cassandra datastax qa qa2 rk1,,,,
2022-09-11 09:22,casrck-vicn002,Cassandra,cassandra datastax qa qa2 rk2,,,,
2022-09-11 09:22,casrck-vicn003,Cassandra,cassandra datastax qa qa2 rk3,,,,
2022-09-11 09:22,casrck-vicn004,Cassandra,cassandra datastax qa qa2 rk4,,,,
2022-08-29 15:53,casrck-vicn009,Cassandra,cassandra datastax qa qa1 rk1,,,,
2022-08-29 15:53,casrck-vicn010,Cassandra,cassandra datastax qa qa1 rk2,,,,
2022-08-29 15:53,casrck-vicn011,Cassandra,cassandra datastax qa qa1 rk3,,,,
2022-09-11 09:22,cassac-vicn001,Cassandra,cassandra datastax qa qa1 sac sac1,,,,
2022-09-11 09:22,cassac-vicn002,Cassandra,cassandra datastax qa qa1 sac sac2,,,,
2022-09-11 09:22,cassac-vicn003,C3,cassandra datastax qa qa1 sac sac3,,,,
2022-09-11 09:22,caweb-qa1-rk1v,,caweb qa1,,,,
2022-09-11 09:22,cntrck-vdcn001,,contrast dev rk,,,,
2022-09-11 09:22,corp-qa1-rk1v,Corp,corp qa1,,,,
2022-09-11 09:22,crerck-vicn004,CPCR,cpcr dataloader qa,,,,
2022-09-11 09:22,damdevrk1p,,dam dev,,,,
2022-09-11 09:22,damqark1p,,dam qa,,,,
2022-09-11 09:22,dasrck-vicn001,,prsfc qa qa1,,,,
2022-09-11 09:22,dfdrck-vicn001,,datafeed processor qa,,,,
2022-09-11 09:22,dfdrck-vicn004,,caqa1 datafeed processor webapp,,,,
2022-09-11 09:22,dparck-vicn001,DP,frontend perf perf1,,,,kafrck-vicn017:31095 kafrck-vicn018:31096 kafrck-vicn019:31097 kafrck-vicn020:31098 kafrck-vicn021:31099
2022-09-11 09:22,dparck-vicn002,DP,frontend perf perf2,,,,kafrck-vicn017:31095 kafrck-vicn018:31096 kafrck-vicn019:31097 kafrck-vicn020:31098 kafrck-vicn021:31099
2022-09-11 09:22,dparck-vicn003,DP,frontend perf perf1,,,,kafrck-vicn017:31095 kafrck-vicn018:31096 kafrck-vicn019:31097 kafrck-vicn020:31098 kafrck-vicn021:31099
2022-09-11 09:22,dparck-vicn004,DP,frontend perf perf2,,,,kafrck-vicn017:31095 kafrck-vicn018:31096 kafrck-vicn019:31097 kafrck-vicn020:31098 kafrck-vicn021:31099
2022-09-11 09:22,dparck-vicn005,DP,frontend perf perf3,,,,kafrck-vicn017:31095 kafrck-vicn018:31096 kafrck-vicn019:31097 kafrck-vicn020:31098 kafrck-vicn021:31099
2022-09-11 09:22,dparck-vicn006,DP,frontend perf perf1,,,,kafrck-vicn017:31095 kafrck-vicn018:31096 kafrck-vicn019:31097 kafrck-vicn020:31098 kafrck-vicn021:31099
2022-09-11 09:22,dparck-vicn007,DP,frontend perf perf2,,,,kafrck-vicn017:31095 kafrck-vicn018:31096 kafrck-vicn019:31097 kafrck-vicn020:31098 kafrck-vicn021:31099
2022-09-11 09:22,dparck-vicn008,DP,frontend perf perf1,,,,kafrck-vicn017:31095 kafrck-vicn018:31096 kafrck-vicn019:31097 kafrck-vicn020:31098 kafrck-vicn021:31099
2022-09-11 09:22,dparck-vicn009,DP,frontend perf perf2,,,,kafrck-vicn017:31095 kafrck-vicn018:31096 kafrck-vicn019:31097 kafrck-vicn020:31098 kafrck-vicn021:31099
2022-09-11 09:22,dparck-vicn010,DP,frontend perf perf1,,,,kafrck-vicn017:31095 kafrck-vicn018:31096 kafrck-vicn019:31097 kafrck-vicn020:31098 kafrck-vicn021:31099
2022-09-11 09:22,dparck-vicn011,DP,frontend perf perf2,,,,kafrck-vicn017:31095 kafrck-vicn018:31096 kafrck-vicn019:31097 kafrck-vicn020:31098 kafrck-vicn021:31099
2022-09-11 09:22,dparck-vicn012,DP,frontend perf perf1,,,,kafrck-vicn017:31095 kafrck-vicn018:31096 kafrck-vicn019:31097 kafrck-vicn020:31098 kafrck-vicn021:31099
2022-09-11 09:22,dparck-vicn013,DP,frontend perf perf2,,,,kafrck-vicn017:31095 kafrck-vicn018:31096 kafrck-vicn019:31097 kafrck-vicn020:31098 kafrck-vicn021:31099
2022-09-11 09:22,dparck-vicn014,DP,frontend perf perf4,,,,kafrck-vicn017:31095 kafrck-vicn018:31096 kafrck-vicn019:31097 kafrck-vicn020:31098 kafrck-vicn021:31099
2022-09-11 09:22,dparck-vicn015,DP,frontend perf perf5,,,,kafrck-vicn017:31095 kafrck-vicn018:31096 kafrck-vicn019:31097 kafrck-vicn020:31098 kafrck-vicn021:31099
2022-09-11 09:22,dparck-vicn016,DP,frontend perf perf3,,,,kafrck-vicn017:31095 kafrck-vicn018:31096 kafrck-vicn019:31097 kafrck-vicn020:31098 kafrck-vicn021:31099
2022-09-11 09:22,dparck-vicn017,DP,frontend perf perf3,,,,kafrck-vicn017:31095 kafrck-vicn018:31096 kafrck-vicn019:31097 kafrck-vicn020:31098 kafrck-vicn021:31099
2022-09-11 09:22,dparck-vicn018,DP,frontend perf perf3,,,,kafrck-vicn017:31095 kafrck-vicn018:31096 kafrck-vicn019:31097 kafrck-vicn020:31098 kafrck-vicn021:31099
2022-09-11 09:22,dparck-vicn019,DP,frontend int1 integration,,,,kafrck-vicn017:31095 kafrck-vicn018:31096 kafrck-vicn019:31097 kafrck-vicn020:31098 kafrck-vicn021:31099
2022-09-11 09:22,dparck-vicn020,DP,frontend intdev12 qa12,,,,kafrck-vicn017:31095 kafrck-vicn018:31096 kafrck-vicn019:31097 kafrck-vicn020:31098 kafrck-vicn021:31099
2022-09-11 09:22,dparck-vicn021,DP,frontend intdev13 qa13,,,,kafrck-vicn017:31095 kafrck-vicn018:31096 kafrck-vicn019:31097 kafrck-vicn020:31098 kafrck-vicn021:31099
2022-09-11 09:22,dparck-vicn022,DP,frontend intdev14 qa14,,,,kafrck-vicn017:31095 kafrck-vicn018:31096 kafrck-vicn019:31097 kafrck-vicn020:31098 kafrck-vicn021:31099
2022-09-11 09:22,dparck-vicn023,DP,frontend intdev1 qa1,,,,kafrck-vicn017:31095 kafrck-vicn018:31096 kafrck-vicn019:31097 kafrck-vicn020:31098 kafrck-vicn021:31099
2022-09-11 09:22,dparck-vicn024,DP,frontend int2 integration,,,,kafrck-vicn017:31090 kafrck-vicn018:31091 kafrck-vicn019:31092 kafrck-vicn020:31093 kafrck-vicn021:31094
2022-09-11 09:22,dparck-vicn025,DP,frontend intdev10 qa10,,,,kafrck-vicn017:31095 kafrck-vicn018:31096 kafrck-vicn019:31097 kafrck-vicn020:31098 kafrck-vicn021:31099
2022-09-11 09:22,dparck-vicn026,DP,frontend intdev11 qa11,,,,kafrck-vicn017:31095 kafrck-vicn018:31096 kafrck-vicn019:31097 kafrck-vicn020:31098 kafrck-vicn021:31099
2022-09-11 09:22,dparck-vicn027,DP,frontend intdev6 qa6,,,,kafrck-vicn017:31095 kafrck-vicn018:31096 kafrck-vicn019:31097 kafrck-vicn020:31098 kafrck-vicn021:31099
2022-09-11 09:22,dparck-vicn028,DP,frontend intdev3 qa3,,,,
2022-09-11 09:22,dparck-vicn029,DP,frontend intdev4 qa4,,,,
2022-09-11 09:22,dparck-vicn030,DP,frontend intdev2 qa2,,,,kafrck-vicn017:31095 kafrck-vicn018:31096 kafrck-vicn019:31097 kafrck-vicn020:31098 kafrck-vicn021:31099
2022-09-11 09:22,dparck-vicn031,DP,frontend intdev7 qa7,,,,kafrck-vicn017:31095 kafrck-vicn018:31096 kafrck-vicn019:31097 kafrck-vicn020:31098 kafrck-vicn021:31099
2022-09-11 09:22,dparck-vicn032,DP,frontend intdev8 qa8,,,,
2022-09-11 09:22,dparck-vicn033,DP,frontend intdev9 qa9,,,,kafrck-vicn017:31095 kafrck-vicn018:31096 kafrck-vicn019:31097 kafrck-vicn020:31098 kafrck-vicn021:31099
2022-09-11 09:22,dparck-vicn034,DP,cauat2 cauat2- frontend,,,,kafrck-vicn017:31095 kafrck-vicn018:31096 kafrck-vicn019:31097 kafrck-vicn020:31098 kafrck-vicn021:31099
2022-09-11 09:22,dparck-vicn035,DP,cargs1 cargs1- frontend,,,,kafrck-vicn017:31095 kafrck-vicn018:31096 kafrck-vicn019:31097 kafrck-vicn020:31098 kafrck-vicn021:31099
2022-09-11 09:22,dparck-vicn036,DP,cargs1 cargs1- frontend,,,,kafrck-vicn017:31095 kafrck-vicn018:31096 kafrck-vicn019:31097 kafrck-vicn020:31098 kafrck-vicn021:31099
2022-09-11 09:22,dparck-vicn037,DP,cauat3 cauat3- frontend,,,,kafrck-vicn017:31095 kafrck-vicn018:31096 kafrck-vicn019:31097 kafrck-vicn020:31098 kafrck-vicn021:31099
2022-09-11 09:22,dparck-vicn038,DP,cargs1 cargs1- frontend,,,,kafrck-vicn017:31095 kafrck-vicn018:31096 kafrck-vicn019:31097 kafrck-vicn020:31098 kafrck-vicn021:31099
2022-09-11 09:22,dparck-vicn039,DP,cargs1 cargs1- frontend,,,,kafrck-vicn017:31095 kafrck-vicn018:31096 kafrck-vicn019:31097 kafrck-vicn020:31098 kafrck-vicn021:31099
2022-09-11 09:22,dparck-vicn041,DP,cauat2 cauat2- frontend,,,,kafrck-vicn017:31095 kafrck-vicn018:31096 kafrck-vicn019:31097 kafrck-vicn020:31098 kafrck-vicn021:31099
2022-09-11 09:22,dparck-vicn042,DP,frontend intdev14 qa14,,,,kafrck-vicn017:31095 kafrck-vicn018:31096 kafrck-vicn019:31097 kafrck-vicn020:31098 kafrck-vicn021:31099
2022-09-11 09:22,dparck-vicn043,DP,frontend intdev1 qa1,,,,
2022-09-11 09:22,dparck-vicn044,DP,frontend intdev2 qa2,,,,kafrck-vicn017:31095 kafrck-vicn018:31096 kafrck-vicn019:31097 kafrck-vicn020:31098 kafrck-vicn021:31099
2022-09-11 09:22,dparck-vicn045,DP,frontend rgs1,,,,kafrck-vicn017:31095 kafrck-vicn018:31096 kafrck-vicn019:31097 kafrck-vicn020:31098 kafrck-vicn021:31099
2022-09-11 09:22,dparck-vicn046,DP,frontend int2 integration,,,,kafrck-vicn017:31095 kafrck-vicn018:31096 kafrck-vicn019:31097 kafrck-vicn020:31098 kafrck-vicn021:31099
2022-09-11 09:22,dparck-vicn047,DP,frontend intdev10 qa10,,,,kafrck-vicn017:31095 kafrck-vicn018:31096 kafrck-vicn019:31097 kafrck-vicn020:31098 kafrck-vicn021:31099
2022-09-11 09:22,dparck-vicn048,DP,cauat2 cauat2- frontend,,,,kafrck-vicn017:31095 kafrck-vicn018:31096 kafrck-vicn019:31097 kafrck-vicn020:31098 kafrck-vicn021:31099
2022-09-11 09:22,dparck-vicn049,DP,frontend intdev13 qa13,,,,kafrck-vicn017:31095 kafrck-vicn018:31096 kafrck-vicn019:31097 kafrck-vicn020:31098 kafrck-vicn021:31099
2022-09-11 09:22,dparck-vicn050,DP,caqa31 caqa31- frontend,,,,kafrck-vicn017:31095 kafrck-vicn018:31096 kafrck-vicn019:31097 kafrck-vicn020:31098 kafrck-vicn021:31099
2022-09-11 09:22,dparck-vicn051,DP,caqa31 caqa31- frontend,,,,kafrck-vicn017:31095 kafrck-vicn018:31096 kafrck-vicn019:31097 kafrck-vicn020:31098 kafrck-vicn021:31099
2022-09-11 09:22,dparck-vicn052,DP,caperf caperf- frontend,,,,kafrck-vicn017:31095 kafrck-vicn018:31096 kafrck-vicn019:31097 kafrck-vicn020:31098 kafrck-vicn021:31099
2022-09-11 09:22,dparck-vicn058,DP,frontend intdev11 qa11,,,,kafrck-vicn017:31095 kafrck-vicn018:31096 kafrck-vicn019:31097 kafrck-vicn020:31098 kafrck-vicn021:31099
2022-09-11 09:22,dparck-vicn059,DP,frontend intdev12 qa12,,,,
2022-09-11 09:22,dparck-vicn060,DP,frontend int1 integration,,,,kafrck-vicn017:31095 kafrck-vicn018:31096 kafrck-vicn019:31097 kafrck-vicn020:31098 kafrck-vicn021:31099
2022-09-11 09:22,dparck-vicn061,DP,frontend uat1,,,,kafrck-vicn017:31095 kafrck-vicn018:31096 kafrck-vicn019:31097 kafrck-vicn020:31098 kafrck-vicn021:31099
2022-09-11 09:22,dparck-vicn062,DP,frontend uat2,,,,kafrck-vicn017:31095 kafrck-vicn018:31096 kafrck-vicn019:31097 kafrck-vicn020:31098 kafrck-vicn021:31099
2022-09-11 09:22,dparck-vicn063,DP,frontend uat3,,,,kafrck-vicn017:31095 kafrck-vicn018:31096 kafrck-vicn019:31097 kafrck-vicn020:31098 kafrck-vicn021:31099
2022-09-11 09:22,dparck-vicn064,DP,frontend intdev3 qa3,,,,
2022-09-11 09:22,dparck-vicn065,DP,frontend intdev4 qa4,,,,
2022-09-11 09:22,dparck-vicn066,DP,frontend intdev5 qa5 qa5-,,,,
2022-09-11 09:22,dparck-vicn068,DP,frontend intdev7 qa7,,,,
2022-09-11 09:22,dparck-vicn069,DP,frontend intdev8 qa8,,,,
2022-09-11 09:22,dparck-vicn070,DP,frontend intdev9 qa9,,,,kafrck-vicn017:31095 kafrck-vicn018:31096 kafrck-vicn019:31097 kafrck-vicn020:31098 kafrck-vicn021:31099
2022-09-11 09:22,dparck-vicn071,DP,frontend intdev15 qa15,,,,
2022-09-11 09:22,dparck-vicn072,DP,frontend intdev16 qa16,,,,kafrck-vicn017:31095 kafrck-vicn018:31096 kafrck-vicn019:31097 kafrck-vicn020:31098 kafrck-vicn021:31099
2022-09-11 09:22,dparck-vicn073,DP,frontend uat5,,,,
2022-09-11 09:22,dparck-vicn074,DP,frontend uat4,,,,kafrck-vicn017:31095 kafrck-vicn018:31096 kafrck-vicn019:31097 kafrck-vicn020:31098 kafrck-vicn021:31099
2022-09-11 09:22,dparck-vicn075,DP,frontend intdev57 qa57,,,,kafrck-vicn017:31095 kafrck-vicn018:31096 kafrck-vicn019:31097 kafrck-vicn020:31098 kafrck-vicn021:31099
2022-09-11 09:22,dparck-vicn076,DP,frontend intdev57 qa57,,,,kafrck-vicn017:31095 kafrck-vicn018:31096 kafrck-vicn019:31097 kafrck-vicn020:31098 kafrck-vicn021:31099
2022-09-11 09:22,dparck-vicn077,DP,frontend intdev57 qa57,,,,kafrck-vicn017:31095 kafrck-vicn018:31096 kafrck-vicn019:31097 kafrck-vicn020:31098 kafrck-vicn021:31099
2022-09-11 09:22,dparck-vicn078,DP,frontend intdev57 qa57,,,,kafrck-vicn017:31095 kafrck-vicn018:31096 kafrck-vicn019:31097 kafrck-vicn020:31098 kafrck-vicn021:31099
2022-09-11 09:22,dparck-vicn079,DP,frontend intdev57 qa57,,,,kafrck-vicn017:31095 kafrck-vicn018:31096 kafrck-vicn019:31097 kafrck-vicn020:31098 kafrck-vicn021:31099
2022-09-11 09:22,dparck-vicn080,DP,frontend intdev57 qa57,,,,kafrck-vicn017:31095 kafrck-vicn018:31096 kafrck-vicn019:31097 kafrck-vicn020:31098 kafrck-vicn021:31099
2022-09-11 09:22,dparck-vicn081,DP,frontend intdev58 qa58,,,,kafrck-vicn017:31095 kafrck-vicn018:31096 kafrck-vicn019:31097 kafrck-vicn020:31098 kafrck-vicn021:31099
2022-09-11 09:22,dparck-vicn082,DP,frontend intdev58 qa58,,,,kafrck-vicn017:31095 kafrck-vicn018:31096 kafrck-vicn019:31097 kafrck-vicn020:31098 kafrck-vicn021:31099
2022-09-11 09:22,dparck-vicn083,DP,frontend intdev58 qa58,,,,kafrck-vicn017:31095 kafrck-vicn018:31096 kafrck-vicn019:31097 kafrck-vicn020:31098 kafrck-vicn021:31099
2022-09-11 09:22,dparck-vicn084,DP,frontend intdev58 qa58,,,,kafrck-vicn017:31095 kafrck-vicn018:31096 kafrck-vicn019:31097 kafrck-vicn020:31098 kafrck-vicn021:31099
2022-09-11 09:22,dparck-vicn085,DP,frontend intdev58 qa58,,,,kafrck-vicn017:31095 kafrck-vicn018:31096 kafrck-vicn019:31097 kafrck-vicn020:31098 kafrck-vicn021:31099
2022-09-11 09:22,dparck-vicn086,DP,frontend intdev58 qa58,,,,kafrck-vicn017:31095 kafrck-vicn018:31096 kafrck-vicn019:31097 kafrck-vicn020:31098 kafrck-vicn021:31099
2022-09-11 09:22,dparck-vicn088,DP,cauat1 cauat1- frontend,,,,kafrck-vicn017:31095 kafrck-vicn018:31096 kafrck-vicn019:31097 kafrck-vicn020:31098 kafrck-vicn021:31099
2022-09-11 09:22,dparck-vicn089,DP,cauat3 cauat3- frontend,,,,kafrck-vicn017:31095 kafrck-vicn018:31096 kafrck-vicn019:31097 kafrck-vicn020:31098 kafrck-vicn021:31099
2022-09-11 09:22,dparck-vicn090,DP,caqa10 caqa10- frontend,,,,kafrck-vicn017:31095 kafrck-vicn018:31096 kafrck-vicn019:31097 kafrck-vicn020:31098 kafrck-vicn021:31099
2022-09-11 09:22,dparck-vicn091,DP,caqa10 caqa10- frontend,,,,kafrck-vicn017:31095 kafrck-vicn018:31096 kafrck-vicn019:31097 kafrck-vicn020:31098 kafrck-vicn021:31099
2022-09-11 09:22,dparck-vicn092,DP,caqa10 caqa10- frontend,,,,kafrck-vicn017:31095 kafrck-vicn018:31096 kafrck-vicn019:31097 kafrck-vicn020:31098 kafrck-vicn021:31099
2022-09-11 09:22,dparck-vicn093,DP,caqa10 caqa10- frontend,,,,kafrck-vicn017:31095 kafrck-vicn018:31096 kafrck-vicn019:31097 kafrck-vicn020:31098 kafrck-vicn021:31099
2022-09-11 09:22,dparck-vicn094,DP,caqa11 caqa11- frontend,,,,kafrck-vicn017:31095 kafrck-vicn018:31096 kafrck-vicn019:31097 kafrck-vicn020:31098 kafrck-vicn021:31099
2022-09-11 09:22,dparck-vicn095,DP,caqa11 caqa11- frontend,,,,kafrck-vicn017:31095 kafrck-vicn018:31096 kafrck-vicn019:31097 kafrck-vicn020:31098 kafrck-vicn021:31099
2022-09-11 09:22,dparck-vicn096,DP,caqa11 caqa11- frontend,,,,kafrck-vicn017:31095 kafrck-vicn018:31096 kafrck-vicn019:31097 kafrck-vicn020:31098 kafrck-vicn021:31099
2022-09-11 09:22,dparck-vicn097,DP,caqa11 caqa11- frontend,,,,kafrck-vicn017:31095 kafrck-vicn018:31096 kafrck-vicn019:31097 kafrck-vicn020:31098 kafrck-vicn021:31099
2022-09-11 09:22,dparck-vicn098,DP,caperf caperf- frontend,,,,kafrck-vicn017:31095 kafrck-vicn018:31096 kafrck-vicn019:31097 kafrck-vicn020:31098 kafrck-vicn021:31099
2022-09-11 09:22,dparck-vicn099,DP,caperf caperf- frontend,,,,kafrck-vicn017:31095 kafrck-vicn018:31096 kafrck-vicn019:31097 kafrck-vicn020:31098 kafrck-vicn021:31099
2022-09-11 09:22,dparck-vicn100,DP,caperf caperf- frontend,,,,kafrck-vicn017:31095 kafrck-vicn018:31096 kafrck-vicn019:31097 kafrck-vicn020:31098 kafrck-vicn021:31099
2022-09-11 09:22,dparck-vicn101,DP,cauat1 cauat1- frontend,,,,kafrck-vicn017:31095 kafrck-vicn018:31096 kafrck-vicn019:31097 kafrck-vicn020:31098 kafrck-vicn021:31099
2022-09-11 09:22,dparck-vicn102,DP,cauat1 cauat1- frontend,,,,kafrck-vicn017:31095 kafrck-vicn018:31096 kafrck-vicn019:31097 kafrck-vicn020:31098 kafrck-vicn021:31099
2022-09-11 09:22,dparck-vicn103,DP,cauat1 cauat1- frontend,,,,kafrck-vicn017:31095 kafrck-vicn018:31096 kafrck-vicn019:31097 kafrck-vicn020:31098 kafrck-vicn021:31099
2022-09-11 09:22,dparck-vicn104,DP,cauat2 cauat2- frontend,,,,kafrck-vicn017:31095 kafrck-vicn018:31096 kafrck-vicn019:31097 kafrck-vicn020:31098 kafrck-vicn021:31099
2022-09-11 09:22,dparck-vicn105,DP,caqa31 caqa31- frontend,,,,kafrck-vicn017:31095 kafrck-vicn018:31096 kafrck-vicn019:31097 kafrck-vicn020:31098 kafrck-vicn021:31099
2022-09-11 09:22,dparck-vicn106,DP,cauat3 cauat3- frontend,,,,kafrck-vicn017:31095 kafrck-vicn018:31096 kafrck-vicn019:31097 kafrck-vicn020:31098 kafrck-vicn021:31099
2022-09-11 09:22,dparck-vicn107,DP,cauat3 cauat3- frontend,,,,kafrck-vicn017:31095 kafrck-vicn018:31096 kafrck-vicn019:31097 kafrck-vicn020:31098 kafrck-vicn021:31099
2022-09-11 09:22,dparck-vicn108,DP,cauat6 cauat6- frontend,,,,kafrck-vicn017:31095 kafrck-vicn018:31096 kafrck-vicn019:31097 kafrck-vicn020:31098 kafrck-vicn021:31099
2022-09-11 09:22,dparck-vicn109,DP,cauat4 cauat4- frontend,,,,kafrck-vicn017:31090 kafrck-vicn018:31091 kafrck-vicn019:31092 kafrck-vicn020:31093 kafrck-vicn021:31094
2022-09-11 09:22,dparck-vicn110,DP,cauat4 cauat4- frontend,,,,kafrck-vicn017:31090 kafrck-vicn018:31091 kafrck-vicn019:31092 kafrck-vicn020:31093 kafrck-vicn021:31094
2022-09-11 09:22,dparck-vicn111,DP,cauat4 cauat4- frontend,,,,kafrck-vicn017:31095 kafrck-vicn018:31096 kafrck-vicn019:31097 kafrck-vicn020:31098 kafrck-vicn021:31099
2022-09-11 09:22,dparck-vicn112,DP,cauat4 cauat4- frontend,,,,kafrck-vicn017:31090 kafrck-vicn018:31091 kafrck-vicn019:31092 kafrck-vicn020:31093 kafrck-vicn021:31094
2022-09-11 09:22,dparck-vicn113,DP,cauat6 cauat6- frontend,,,,kafrck-vicn017:31095 kafrck-vicn018:31096 kafrck-vicn019:31097 kafrck-vicn020:31098 kafrck-vicn021:31099
2022-09-11 09:22,dparck-vicn114,DP,cauat6 cauat6- frontend,,,,kafrck-vicn017:31095 kafrck-vicn018:31096 kafrck-vicn019:31097 kafrck-vicn020:31098 kafrck-vicn021:31099
2022-09-11 09:22,dparck-vicn115,DP,cauat6 cauat6- frontend,,,,kafrck-vicn017:31095 kafrck-vicn018:31096 kafrck-vicn019:31097 kafrck-vicn020:31098 kafrck-vicn021:31099
2022-09-11 09:22,dparck-vicn116,DP,caqa31 caqa31- frontend,,,,kafrck-vicn017:31095 kafrck-vicn018:31096 kafrck-vicn019:31097 kafrck-vicn020:31098 kafrck-vicn021:31099
2022-09-11 09:22,dparck-vicn117,DP,frontend intdev5 qa5 qa5-,,,,
2022-09-11 09:22,dparck-vicn118,DP,frontend uat1,,,,kafrck-vicn017:31095 kafrck-vicn018:31096 kafrck-vicn019:31097 kafrck-vicn020:31098 kafrck-vicn021:31099
2022-09-11 09:22,dparck-vicn119,DP,frontend uat2,,,,kafrck-vicn017:31095 kafrck-vicn018:31096 kafrck-vicn019:31097 kafrck-vicn020:31098 kafrck-vicn021:31099
2022-09-11 09:22,dparck-vicn120,DP,frontend uat4,,,,kafrck-vicn017:31095 kafrck-vicn018:31096 kafrck-vicn019:31097 kafrck-vicn020:31098 kafrck-vicn021:31099
2022-09-11 09:22,dparck-vicn121,DP,frontend intdev60 qa60,,,,kafrck-vicn017:31095 kafrck-vicn018:31096 kafrck-vicn019:31097 kafrck-vicn020:31098 kafrck-vicn021:31099
2022-09-11 09:22,dparck-vicn122,DP,frontend intdev60 qa60,,,,kafrck-vicn017:31095 kafrck-vicn018:31096 kafrck-vicn019:31097 kafrck-vicn020:31098 kafrck-vicn021:31099
2022-09-11 09:22,dparck-vicn123,DP,frontend intdev60 qa60,,,,kafrck-vicn017:31095 kafrck-vicn018:31096 kafrck-vicn019:31097 kafrck-vicn020:31098 kafrck-vicn021:31099
2022-09-11 09:22,dparck-vicn124,DP,frontend intdev60 qa60,,,,kafrck-vicn017:31095 kafrck-vicn018:31096 kafrck-vicn019:31097 kafrck-vicn020:31098 kafrck-vicn021:31099
2022-09-11 09:22,dparck-vicn125,DP,frontend intdev60 qa60,,,,kafrck-vicn017:31095 kafrck-vicn018:31096 kafrck-vicn019:31097 kafrck-vicn020:31098 kafrck-vicn021:31099
2022-09-11 09:22,dparck-vicn126,DP,frontend intdev60 qa60,,,,kafrck-vicn017:31095 kafrck-vicn018:31096 kafrck-vicn019:31097 kafrck-vicn020:31098 kafrck-vicn021:31099
2022-09-11 09:22,dparck-vicn127,DP,frontend intdev59 qa59,,,,kafrck-vicn017:31095 kafrck-vicn018:31096 kafrck-vicn019:31097 kafrck-vicn020:31098 kafrck-vicn021:31099
2022-09-11 09:22,dparck-vicn128,DP,frontend intdev59 qa59,,,,kafrck-vicn017:31095 kafrck-vicn018:31096 kafrck-vicn019:31097 kafrck-vicn020:31098 kafrck-vicn021:31099
2022-09-11 09:22,dparck-vicn129,DP,frontend intdev59 qa59,,,,kafrck-vicn017:31095 kafrck-vicn018:31096 kafrck-vicn019:31097 kafrck-vicn020:31098 kafrck-vicn021:31099
2022-09-11 09:22,dparck-vicn130,DP,frontend intdev59 qa59,,,,kafrck-vicn017:31095 kafrck-vicn018:31096 kafrck-vicn019:31097 kafrck-vicn020:31098 kafrck-vicn021:31099
2022-09-11 09:22,dparck-vicn131,DP,frontend intdev59 qa59,,,,kafrck-vicn017:31095 kafrck-vicn018:31096 kafrck-vicn019:31097 kafrck-vicn020:31098 kafrck-vicn021:31099
2022-09-11 09:22,dparck-vicn132,DP,cabpv frontend,,,,kafrck-vicn017:31095 kafrck-vicn018:31096 kafrck-vicn019:31097 kafrck-vicn020:31098 kafrck-vicn021:31099
2022-09-11 09:22,dparck-vicn133,DP,cabpv frontend,,,,kafrck-vicn017:31095 kafrck-vicn018:31096 kafrck-vicn019:31097 kafrck-vicn020:31098 kafrck-vicn021:31099
2022-09-11 09:22,dparck-vicn134,DP,cabpv frontend,,,,kafrck-vicn017:31095 kafrck-vicn018:31096 kafrck-vicn019:31097 kafrck-vicn020:31098 kafrck-vicn021:31099
2022-09-11 09:22,dparck-vicn135,DP,cabpv frontend,,,,kafrck-vicn017:31095 kafrck-vicn018:31096 kafrck-vicn019:31097 kafrck-vicn020:31098 kafrck-vicn021:31099
2022-09-11 09:22,dparck-vicn137,DP,frontend intdev59 qa59,,,,kafrck-vicn017:31095 kafrck-vicn018:31096 kafrck-vicn019:31097 kafrck-vicn020:31098 kafrck-vicn021:31099
2022-09-11 09:22,dparck-vicn138,DP,frontend intdev16 qa16,,,,kafrck-vicn017:31095 kafrck-vicn018:31096 kafrck-vicn019:31097 kafrck-vicn020:31098 kafrck-vicn021:31099
2022-09-11 09:22,dparck-vicn139,DP,frontend rgs1,,,,kafrck-vicn017:31095 kafrck-vicn018:31096 kafrck-vicn019:31097 kafrck-vicn020:31098 kafrck-vicn021:31099
2022-09-11 09:22,dparck-vicn140,DP,frontend intdev15 qa15,,,,kafrck-vicn017:31095 kafrck-vicn018:31096 kafrck-vicn019:31097 kafrck-vicn020:31098 kafrck-vicn021:31099
2022-09-11 09:22,dparck-vicn141,DP,frontend uat3,,,,kafrck-vicn017:31095 kafrck-vicn018:31096 kafrck-vicn019:31097 kafrck-vicn020:31098 kafrck-vicn021:31099
2022-09-11 09:22,dparck-vicn142,DP,frontend uat5,,filebeat_frontend.yml filebeat.yml,kafrck-vicn017:31095 kafrck-vicn018:31096 kafrck-vicn019:31097 kafrck-vicn020:31098 kafrck-vicn021:31099,kafrck-vicn017:31095 kafrck-vicn018:31096 kafrck-vicn019:31097 kafrck-vicn020:31098 kafrck-vicn021:31099
2022-09-11 09:22,dparck-vicn143,DP,frontend intdev61 qa61,,,,kafrck-vicn017:31095 kafrck-vicn018:31096 kafrck-vicn019:31097 kafrck-vicn020:31098 kafrck-vicn021:31099
2022-09-11 09:22,dparck-vicn144,DP,frontend intdev62 qa62,,,,
2022-09-11 09:22,dparck-vicn145,DP,frontend intdev61 qa61,,,,kafrck-vicn017:31095 kafrck-vicn018:31096 kafrck-vicn019:31097 kafrck-vicn020:31098 kafrck-vicn021:31099
2022-09-11 09:22,dparck-vicn146,DP,frontend intdev62 qa62,,,,
2022-09-11 09:22,dparck-vicn147,DP,frontend intdev61 qa61,,,,kafrck-vicn017:31095 kafrck-vicn018:31096 kafrck-vicn019:31097 kafrck-vicn020:31098 kafrck-vicn021:31099
2022-09-11 09:22,dparck-vicn148,DP,frontend intdev62 qa62,,,,
2022-09-11 09:22,dparck-vicn149,DP,frontend intdev61 qa61,,,,kafrck-vicn017:31095 kafrck-vicn018:31096 kafrck-vicn019:31097 kafrck-vicn020:31098 kafrck-vicn021:31099
2022-09-11 09:22,dparck-vicn150,DP,frontend intdev62 qa62,,,,kafrck-vicn017:31090 kafrck-vicn018:31091 kafrck-vicn019:31092 kafrck-vicn020:31093 kafrck-vicn021:31094
2022-09-11 09:22,dparck-vicn151,DP,frontend intdev61 qa61,,,,kafrck-vicn017:31095 kafrck-vicn018:31096 kafrck-vicn019:31097 kafrck-vicn020:31098 kafrck-vicn021:31099
2022-09-11 09:22,dparck-vicn152,DP,frontend intdev62 qa62,,,,
2022-09-11 09:22,dparck-vicn153,DP,frontend intdev61 qa61,,,,kafrck-vicn017:31095 kafrck-vicn018:31096 kafrck-vicn019:31097 kafrck-vicn020:31098 kafrck-vicn021:31099
2022-09-11 09:22,dparck-vicn154,DP,frontend intdev62 qa62,,,,kafrck-vicn017:31095 kafrck-vicn018:31096 kafrck-vicn019:31097 kafrck-vicn020:31098 kafrck-vicn021:31099
2022-09-11 09:22,dparck-vicn155,DP,frontend uat3,,,,kafrck-vicn017:31095 kafrck-vicn018:31096 kafrck-vicn019:31097 kafrck-vicn020:31098 kafrck-vicn021:31099
2022-09-11 09:22,dparck-vicn156,DP,frontend uat2,,,,kafrck-vicn017:31095 kafrck-vicn018:31096 kafrck-vicn019:31097 kafrck-vicn020:31098 kafrck-vicn021:31099
2022-09-11 09:22,dparck-vicn160,DP,frontend uat1,,,,kafrck-vicn017:31095 kafrck-vicn018:31096 kafrck-vicn019:31097 kafrck-vicn020:31098 kafrck-vicn021:31099
2022-09-11 09:22,dparck-vicn161,DP,frontend int1 integration,,,,kafrck-vicn017:31095 kafrck-vicn018:31096 kafrck-vicn019:31097 kafrck-vicn020:31098 kafrck-vicn021:31099
2022-09-11 09:22,dparck-vicn162,DP,frontend int2 integration,,,,kafrck-vicn017:31095 kafrck-vicn018:31096 kafrck-vicn019:31097 kafrck-vicn020:31098 kafrck-vicn021:31099
2022-09-11 09:22,dparck-vicn166,DP,frontend intdev1 qa1,,,,
2022-09-11 09:22,dparck-vicn168,DP,frontend intdev2 qa2,,,,kafrck-vicn017:31095 kafrck-vicn018:31096 kafrck-vicn019:31097 kafrck-vicn020:31098 kafrck-vicn021:31099
2022-09-11 09:22,dparck-vicn169,DP,frontend intdev3 qa3,,,,
2022-09-11 09:22,dparck-vicn170,DP,frontend intdev4 qa4,,,,
2022-09-11 09:22,dparck-vicn171,DP,frontend intdev5 qa5,,,,
2022-09-11 09:22,dparck-vicn174,DP,frontend intdev6 qa6,,,,kafrck-vicn017:31095 kafrck-vicn018:31096 kafrck-vicn019:31097 kafrck-vicn020:31098 kafrck-vicn021:31099
2022-09-11 09:22,dparck-vicn175,DP,frontend intdev7 qa7,,,,
2022-09-11 09:22,dparck-vicn179,DP,frontend intdev8 qa8,,,,
2022-09-11 09:22,dparck-vicn180,DP,frontend intdev9 qa9,,,,kafrck-vicn017:31095 kafrck-vicn018:31096 kafrck-vicn019:31097 kafrck-vicn020:31098 kafrck-vicn021:31099
2022-09-11 09:22,dparck-vicn181,DP,frontend intdev10 qa10,,,,kafrck-vicn017:31095 kafrck-vicn018:31096 kafrck-vicn019:31097 kafrck-vicn020:31098 kafrck-vicn021:31099
2022-09-11 09:22,dparck-vicn182,DP,frontend intdev11 qa11,,,,kafrck-vicn017:31095 kafrck-vicn018:31096 kafrck-vicn019:31097 kafrck-vicn020:31098 kafrck-vicn021:31099
2022-09-11 09:22,dparck-vicn183,DP,frontend intdev12 qa12,,,,
2022-09-11 09:22,dparck-vicn184,DP,frontend intdev13 qa13,,,,kafrck-vicn017:31095 kafrck-vicn018:31096 kafrck-vicn019:31097 kafrck-vicn020:31098 kafrck-vicn021:31099
2022-09-11 09:22,dparck-vicn185,DP,frontend intdev14 qa14,,,,kafrck-vicn017:31095 kafrck-vicn018:31096 kafrck-vicn019:31097 kafrck-vicn020:31098 kafrck-vicn021:31099
2022-09-11 09:22,dparck-vicn186,DP,frontend intdev15 qa15,,,,kafrck-vicn017:31095 kafrck-vicn018:31096 kafrck-vicn019:31097 kafrck-vicn020:31098 kafrck-vicn021:31099
2022-09-11 09:22,dparck-vicn187,DP,frontend intdev15 qa16,,,,kafrck-vicn017:31095 kafrck-vicn018:31096 kafrck-vicn019:31097 kafrck-vicn020:31098 kafrck-vicn021:31099
2022-09-11 09:22,dparck-vicn188,DP,frontend rgs1,,,,kafrck-vicn017:31095 kafrck-vicn018:31096 kafrck-vicn019:31097 kafrck-vicn020:31098 kafrck-vicn021:31099
2022-09-11 09:22,dparck-vicn189,DP,frontend uat1,,,,kafrck-vicn017:31095 kafrck-vicn018:31096 kafrck-vicn019:31097 kafrck-vicn020:31098 kafrck-vicn021:31099
2022-09-11 09:22,dparck-vicn190,DP,frontend uat2,,,,kafrck-vicn017:31095 kafrck-vicn018:31096 kafrck-vicn019:31097 kafrck-vicn020:31098 kafrck-vicn021:31099
2022-09-11 09:22,dparck-vicn191,DP,frontend uat3,,,,kafrck-vicn017:31095 kafrck-vicn018:31096 kafrck-vicn019:31097 kafrck-vicn020:31098 kafrck-vicn021:31099
2022-09-11 09:22,dparck-vicn192,DP,frontend uat4,,,,kafrck-vicn017:31095 kafrck-vicn018:31096 kafrck-vicn019:31097 kafrck-vicn020:31098 kafrck-vicn021:31099
2022-09-11 09:22,dparck-vicn193,DP,frontend uat5,,,,
2022-09-11 09:22,dparck-vicn194,DP,frontend int1 integration,,,,kafrck-vicn017:31095 kafrck-vicn018:31096 kafrck-vicn019:31097 kafrck-vicn020:31098 kafrck-vicn021:31099
2022-09-11 09:22,dparck-vicn195,DP,frontend int2 integration,,,,kafrck-vicn017:31090 kafrck-vicn018:31091 kafrck-vicn019:31092 kafrck-vicn020:31093 kafrck-vicn021:31094
2022-09-11 09:22,dparck-vicn196,DP,frontend intdev1 qa1,,,,
2022-09-11 09:22,dparck-vicn197,DP,frontend intdev2 qa2,,,,kafrck-vicn017:31095 kafrck-vicn018:31096 kafrck-vicn019:31097 kafrck-vicn020:31098 kafrck-vicn021:31099
2022-09-11 09:22,dparck-vicn198,DP,frontend intdev3 qa3,,,,
2022-09-11 09:22,dparck-vicn199,DP,frontend intdev4 qa4,,,,kafrck-vicn017:31095 kafrck-vicn018:31096 kafrck-vicn019:31097 kafrck-vicn020:31098 kafrck-vicn021:31099
2022-09-11 09:22,dparck-vicn200,DP,frontend intdev5 qa5,,,,
2022-09-11 09:22,dparck-vicn201,DP,frontend intdev6 qa6,,,,kafrck-vicn017:31095 kafrck-vicn018:31096 kafrck-vicn019:31097 kafrck-vicn020:31098 kafrck-vicn021:31099
2022-09-11 09:22,dparck-vicn202,DP,frontend intdev7 qa7,,,,
2022-09-11 09:22,dparck-vicn203,DP,cauat7 cauat7- frontend,,,,kafrck-vicn017:31095 kafrck-vicn018:31096 kafrck-vicn019:31097 kafrck-vicn020:31098 kafrck-vicn021:31099
2022-09-11 09:22,dparck-vicn204,DP,cauat7 cauat7- frontend,,,,kafrck-vicn017:31095 kafrck-vicn018:31096 kafrck-vicn019:31097 kafrck-vicn020:31098 kafrck-vicn021:31099
2022-09-11 09:22,dparck-vicn205,DP,frontend intdev54 qa54,,,,kafrck-vicn017:31095 kafrck-vicn018:31096 kafrck-vicn019:31097 kafrck-vicn020:31098 kafrck-vicn021:31099
2022-09-11 09:22,dparck-vicn206,DP,cargs1 cargs1- frontend,,,,kafrck-vicn017:31095 kafrck-vicn018:31096 kafrck-vicn019:31097 kafrck-vicn020:31098 kafrck-vicn021:31099
2022-09-11 09:22,dparck-vicn207,DP,caqa10 caqa10- frontend,,,,kafrck-vicn017:31095 kafrck-vicn018:31096 kafrck-vicn019:31097 kafrck-vicn020:31098 kafrck-vicn021:31099
2022-09-11 09:22,dparck-vicn208,DP,caqa11 caqa11- frontend,,,,kafrck-vicn017:31095 kafrck-vicn018:31096 kafrck-vicn019:31097 kafrck-vicn020:31098 kafrck-vicn021:31099
2022-09-11 09:22,dparck-vicn209,DP,caqa31 caqa31- frontend,,,,kafrck-vicn017:31095 kafrck-vicn018:31096 kafrck-vicn019:31097 kafrck-vicn020:31098 kafrck-vicn021:31099
2022-09-11 09:22,dparck-vicn210,DP,cauat1 cauat1- frontend,,,,kafrck-vicn017:31095 kafrck-vicn018:31096 kafrck-vicn019:31097 kafrck-vicn020:31098 kafrck-vicn021:31099
2022-09-11 09:22,dparck-vicn211,DP,cauat2 cauat2- frontend,,,,kafrck-vicn017:31095 kafrck-vicn018:31096 kafrck-vicn019:31097 kafrck-vicn020:31098 kafrck-vicn021:31099
2022-09-11 09:22,dparck-vicn212,DP,cauat3 cauat3- frontend,,,,kafrck-vicn017:31095 kafrck-vicn018:31096 kafrck-vicn019:31097 kafrck-vicn020:31098 kafrck-vicn021:31099
2022-09-11 09:22,dparck-vicn213,DP,cauat4 cauat4- frontend,,,,kafrck-vicn017:31090 kafrck-vicn018:31091 kafrck-vicn019:31092 kafrck-vicn020:31093 kafrck-vicn021:31094
2022-09-11 09:22,dparck-vicn214,DP,cauat6 cauat6- frontend,,,,kafrck-vicn017:31095 kafrck-vicn018:31096 kafrck-vicn019:31097 kafrck-vicn020:31098 kafrck-vicn021:31099
2022-09-11 09:22,dparck-vicn215,DP,cabpv cabpv- frontend,,,,kafrck-vicn017:31095 kafrck-vicn018:31096 kafrck-vicn019:31097 kafrck-vicn020:31098 kafrck-vicn021:31099
2022-09-11 09:22,dparck-vicn216,DP,caperf caperf- frontend,,,,kafrck-vicn017:31090 kafrck-vicn018:31091 kafrck-vicn019:31092 kafrck-vicn020:31093 kafrck-vicn021:31094
2022-09-11 09:22,dparck-vicn229,DP,frontend intdev8 qa8,,,,kafrck-vicn017:31095 kafrck-vicn018:31096 kafrck-vicn019:31097 kafrck-vicn020:31098 kafrck-vicn021:31099
2022-09-11 09:22,dparck-vicn230,DP,frontend intdev9 qa9,,,,kafrck-vicn017:31095 kafrck-vicn018:31096 kafrck-vicn019:31097 kafrck-vicn020:31098 kafrck-vicn021:31099
2022-09-11 09:22,dparck-vicn231,DP,frontend intdev10 qa10,,,,kafrck-vicn017:31095 kafrck-vicn018:31096 kafrck-vicn019:31097 kafrck-vicn020:31098 kafrck-vicn021:31099
2022-09-11 09:22,dparck-vicn232,DP,frontend intdev11 qa11,,,,kafrck-vicn017:31095 kafrck-vicn018:31096 kafrck-vicn019:31097 kafrck-vicn020:31098 kafrck-vicn021:31099
2022-09-11 09:22,dparck-vicn233,DP,frontend intdev12 qa12,,,,
2022-09-11 09:22,dparck-vicn234,DP,frontend intdev13 qa13,,,,kafrck-vicn017:31095 kafrck-vicn018:31096 kafrck-vicn019:31097 kafrck-vicn020:31098 kafrck-vicn021:31099
2022-09-11 09:22,dparck-vicn235,DP,frontend intdev14 qa14,,,,kafrck-vicn017:31095 kafrck-vicn018:31096 kafrck-vicn019:31097 kafrck-vicn020:31098 kafrck-vicn021:31099
2022-09-11 09:22,dparck-vicn236,DP,frontend qa15,,,,
2022-09-11 09:22,dparck-vicn237,DP,frontend qa16,,,,kafrck-vicn017:31095 kafrck-vicn018:31096 kafrck-vicn019:31097 kafrck-vicn020:31098 kafrck-vicn021:31099
2022-09-11 09:22,dparck-vicn238,DP,frontend rgs1,,,,kafrck-vicn017:31095 kafrck-vicn018:31096 kafrck-vicn019:31097 kafrck-vicn020:31098 kafrck-vicn021:31099
2022-09-11 09:22,dparck-vicn239,DP,frontend uat1,,,,kafrck-vicn017:31095 kafrck-vicn018:31096 kafrck-vicn019:31097 kafrck-vicn020:31098 kafrck-vicn021:31099
2022-09-11 09:22,dparck-vicn240,DP,frontend uat2,,,,kafrck-vicn017:31095 kafrck-vicn018:31096 kafrck-vicn019:31097 kafrck-vicn020:31098 kafrck-vicn021:31099
2022-09-11 09:22,dparck-vicn241,DP,frontend uat3,,,,kafrck-vicn017:31095 kafrck-vicn018:31096 kafrck-vicn019:31097 kafrck-vicn020:31098 kafrck-vicn021:31099
2022-09-11 09:22,dparck-vicn242,DP,frontend uat4,,,,kafrck-vicn017:31095 kafrck-vicn018:31096 kafrck-vicn019:31097 kafrck-vicn020:31098 kafrck-vicn021:31099
2022-09-11 09:22,dparck-vicn243,DP,frontend uat5,,filebeat_frontend.yml filebeat.yml,kafrck-vicn017:31095 kafrck-vicn018:31096 kafrck-vicn019:31097 kafrck-vicn020:31098 kafrck-vicn021:31099,kafrck-vicn017:31095 kafrck-vicn018:31096 kafrck-vicn019:31097 kafrck-vicn020:31098 kafrck-vicn021:31099
2022-09-11 09:22,dparck-vicn244,DP,frontend uat5,,,,kafrck-vicn017:31090 kafrck-vicn018:31091 kafrck-vicn019:31092 kafrck-vicn020:31093 kafrck-vicn021:31094
2022-09-11 09:22,dparck-vicn245,DP,frontend uat4,,,,kafrck-vicn017:31095 kafrck-vicn018:31096 kafrck-vicn019:31097 kafrck-vicn020:31098 kafrck-vicn021:31099
2022-09-11 09:22,dparck-vicn246,DP,frontend intdev15 qa15,,,,
2022-09-11 09:22,dparck-vicn247,DP,frontend intdev16 qa16,,,,kafrck-vicn017:31095 kafrck-vicn018:31096 kafrck-vicn019:31097 kafrck-vicn020:31098 kafrck-vicn021:31099
2022-09-11 09:22,dparck-vicn248,DP,frontend intdev1 qa1,,,,kafrck-vicn017:31090 kafrck-vicn018:31091 kafrck-vicn019:31092 kafrck-vicn020:31093 kafrck-vicn021:31094
2022-09-11 09:22,dparck-vicn249,DP,frontend intdev8 qa8,,,,kafrck-vicn017:31095 kafrck-vicn018:31096 kafrck-vicn019:31097 kafrck-vicn020:31098 kafrck-vicn021:31099
2022-09-11 09:22,dparck-vicn250,DP,frontend intdev2 qa2,,,,kafrck-vicn017:31095 kafrck-vicn018:31096 kafrck-vicn019:31097 kafrck-vicn020:31098 kafrck-vicn021:31099
2022-09-11 09:22,dparck-vicn251,DP,frontend intdev6 qa6,,,,kafrck-vicn017:31095 kafrck-vicn018:31096 kafrck-vicn019:31097 kafrck-vicn020:31098 kafrck-vicn021:31099
2022-09-11 09:22,dparck-vicn252,DP,frontend intdev7 qa7,,,,kafrck-vicn017:31095 kafrck-vicn018:31096 kafrck-vicn019:31097 kafrck-vicn020:31098 kafrck-vicn021:31099
2022-09-11 09:22,dparck-vicn253,DP,frontend intdev9 qa9,,,,kafrck-vicn017:31095 kafrck-vicn018:31096 kafrck-vicn019:31097 kafrck-vicn020:31098 kafrck-vicn021:31099
2022-09-11 09:22,dparck-vicn254,DP,frontend rgs1,,,,kafrck-vicn017:31095 kafrck-vicn018:31096 kafrck-vicn019:31097 kafrck-vicn020:31098 kafrck-vicn021:31099
2022-09-11 09:22,dparck-vicn255,DP,frontend intdev3 qa3,,,,
2022-09-11 09:22,dparck-vicn256,DP,frontend intdev4 qa4,,,,
2022-09-11 09:22,dparck-vicn257,DP,frontend intdev5 qa5 qa5-,,,,
2022-09-11 09:22,dparck-vicn258,DP,frontend intdev11 qa11,,,,kafrck-vicn017:31095 kafrck-vicn018:31096 kafrck-vicn019:31097 kafrck-vicn020:31098 kafrck-vicn021:31099
2022-09-11 09:22,dparck-vicn259,DP,frontend intdev10 qa10,,,,kafrck-vicn017:31095 kafrck-vicn018:31096 kafrck-vicn019:31097 kafrck-vicn020:31098 kafrck-vicn021:31099
2022-09-11 09:22,dparck-vicn260,DP,frontend int1 integration,,,,kafrck-vicn017:31095 kafrck-vicn018:31096 kafrck-vicn019:31097 kafrck-vicn020:31098 kafrck-vicn021:31099
2022-09-11 09:22,dparck-vicn261,DP,frontend int2 integration,,,,kafrck-vicn017:31090 kafrck-vicn018:31091 kafrck-vicn019:31092 kafrck-vicn020:31093 kafrck-vicn021:31094
2022-09-11 09:22,dparck-vicn262,DP,frontend intdev12 qa12,,,,
2022-09-11 09:22,dparck-vicn263,DP,frontend intdev13 qa13,,,,kafrck-vicn017:31095 kafrck-vicn018:31096 kafrck-vicn019:31097 kafrck-vicn020:31098 kafrck-vicn021:31099
2022-09-11 09:22,dparck-vicn264,DP,frontend intdev14 qa14,,,,kafrck-vicn017:31095 kafrck-vicn018:31096 kafrck-vicn019:31097 kafrck-vicn020:31098 kafrck-vicn021:31099
2022-09-11 09:22,dparck-vicn265,DP,frontend uat8,,,,kafrck-vicn017:31090 kafrck-vicn018:31091 kafrck-vicn019:31092 kafrck-vicn020:31093 kafrck-vicn021:31094
2022-09-11 09:22,dparck-vicn266,DP,frontend uat8,,,,
2022-09-11 09:22,dparck-vicn267,DP,frontend uat8,,,,kafrck-vicn017:31090 kafrck-vicn018:31091 kafrck-vicn019:31092 kafrck-vicn020:31093 kafrck-vicn021:31094
2022-09-11 09:22,dparck-vicn268,DP,frontend uat8,,,,kafrck-vicn017:31090 kafrck-vicn018:31091 kafrck-vicn019:31092 kafrck-vicn020:31093 kafrck-vicn021:31094
2022-09-11 09:22,dparck-vicn269,DP,frontend uat8,,,,kafrck-vicn017:31090 kafrck-vicn018:31091 kafrck-vicn019:31092 kafrck-vicn020:31093 kafrck-vicn021:31094
2022-09-11 09:22,dparck-vicn270,DP,frontend uat8,,,,
2022-09-11 09:22,dparck-vicn271,DP,frontend uat8,,,,kafrck-vicn017:31090 kafrck-vicn018:31091 kafrck-vicn019:31092 kafrck-vicn020:31093 kafrck-vicn021:31094
2022-09-11 09:22,dparck-vicn272,DP,frontend uat8,,,,kafrck-vicn017:31090 kafrck-vicn018:31091 kafrck-vicn019:31092 kafrck-vicn020:31093 kafrck-vicn021:31094
2022-09-11 09:22,dparck-vicn273,DP,cauat7 cauat7- frontend,,,,kafrck-vicn017:31095 kafrck-vicn018:31096 kafrck-vicn019:31097 kafrck-vicn020:31098 kafrck-vicn021:31099
2022-09-11 09:22,dparck-vicn274,DP,cauat7 cauat7- frontend,,,,kafrck-vicn017:31095 kafrck-vicn018:31096 kafrck-vicn019:31097 kafrck-vicn020:31098 kafrck-vicn021:31099
2022-09-11 09:22,dparck-vicn275,DP,cauat7 cauat7- frontend,,,,kafrck-vicn017:31095 kafrck-vicn018:31096 kafrck-vicn019:31097 kafrck-vicn020:31098 kafrck-vicn021:31099
2022-09-11 09:22,dparck-vicn276,DP,frontend int1 integration,,,,kafrck-vicn017:31095 kafrck-vicn018:31096 kafrck-vicn019:31097 kafrck-vicn020:31098 kafrck-vicn021:31099
2022-09-11 09:22,dparck-vicn277,DP,frontend int2 integration,,,,kafrck-vicn017:31095 kafrck-vicn018:31096 kafrck-vicn019:31097 kafrck-vicn020:31098 kafrck-vicn021:31099
2022-09-11 09:22,dparck-vicn278,DP,frontend intdev1 qa1,,,,kafrck-vicn017:31095 kafrck-vicn018:31096 kafrck-vicn019:31097 kafrck-vicn020:31098 kafrck-vicn021:31099
2022-09-11 09:22,dparck-vicn279,DP,frontend intdev2 qa2,,,,kafrck-vicn017:31095 kafrck-vicn018:31096 kafrck-vicn019:31097 kafrck-vicn020:31098 kafrck-vicn021:31099
2022-09-11 09:22,dparck-vicn280,DP,frontend intdev4 qa4,,,,
2022-09-11 09:22,dparck-vicn281,DP,frontend intdev5 qa5 qa5-,,,,
2022-09-11 09:22,dparck-vicn282,DP,frontend intdev6 qa6,,,,kafrck-vicn017:31095 kafrck-vicn018:31096 kafrck-vicn019:31097 kafrck-vicn020:31098 kafrck-vicn021:31099
2022-09-11 09:22,dparck-vicn283,DP,frontend intdev7 qa7,,,,
2022-09-11 09:22,dparck-vicn284,DP,frontend intdev8 qa8,,,,kafrck-vicn017:31095 kafrck-vicn018:31096 kafrck-vicn019:31097 kafrck-vicn020:31098 kafrck-vicn021:31099
2022-09-11 09:22,dparck-vicn285,DP,frontend intdev9 qa9,,,,kafrck-vicn017:31095 kafrck-vicn018:31096 kafrck-vicn019:31097 kafrck-vicn020:31098 kafrck-vicn021:31099
2022-09-11 09:22,dparck-vicn286,DP,frontend intdev10 qa10,,,,kafrck-vicn017:31095 kafrck-vicn018:31096 kafrck-vicn019:31097 kafrck-vicn020:31098 kafrck-vicn021:31099
2022-09-11 09:22,dparck-vicn287,DP,frontend intdev11 qa11,,,,kafrck-vicn017:31095 kafrck-vicn018:31096 kafrck-vicn019:31097 kafrck-vicn020:31098 kafrck-vicn021:31099
2022-09-11 09:22,dparck-vicn288,DP,frontend intdev13 qa13,,,,kafrck-vicn017:31095 kafrck-vicn018:31096 kafrck-vicn019:31097 kafrck-vicn020:31098 kafrck-vicn021:31099
2022-09-11 09:22,dparck-vicn289,DP,frontend intdev14 qa14,,,,kafrck-vicn017:31095 kafrck-vicn018:31096 kafrck-vicn019:31097 kafrck-vicn020:31098 kafrck-vicn021:31099
2022-09-11 09:22,dparck-vicn290,DP,frontend intdev15 qa15,,,,kafrck-vicn017:31095 kafrck-vicn018:31096 kafrck-vicn019:31097 kafrck-vicn020:31098 kafrck-vicn021:31099
2022-09-11 09:22,dparck-vicn291,DP,frontend intdev12 qa12,,,,
2022-09-11 09:22,dparck-vicn292,DP,frontend intdev3 qa3,,,,
2022-09-11 09:22,dparck-vicn293,DP,frontend intdev16 qa16,,,,kafrck-vicn017:31095 kafrck-vicn018:31096 kafrck-vicn019:31097 kafrck-vicn020:31098 kafrck-vicn021:31099
2022-09-11 09:22,dparck-vicn294,DP,frontend rgs1,,,,kafrck-vicn017:31095 kafrck-vicn018:31096 kafrck-vicn019:31097 kafrck-vicn020:31098 kafrck-vicn021:31099
2022-09-11 09:22,dparck-vicn295,DP,frontend uat1,,,,kafrck-vicn017:31095 kafrck-vicn018:31096 kafrck-vicn019:31097 kafrck-vicn020:31098 kafrck-vicn021:31099
2022-09-11 09:22,dparck-vicn296,DP,frontend uat2,,,,kafrck-vicn017:31095 kafrck-vicn018:31096 kafrck-vicn019:31097 kafrck-vicn020:31098 kafrck-vicn021:31099
2022-09-11 09:22,dparck-vicn297,DP,frontend uat3,,,,kafrck-vicn017:31095 kafrck-vicn018:31096 kafrck-vicn019:31097 kafrck-vicn020:31098 kafrck-vicn021:31099
2022-09-11 09:22,dparck-vicn298,DP,frontend uat4,,,,kafrck-vicn017:31095 kafrck-vicn018:31096 kafrck-vicn019:31097 kafrck-vicn020:31098 kafrck-vicn021:31099
2022-09-11 09:22,dparck-vicn299,DP,frontend uat5,,,,kafrck-vicn017:31090 kafrck-vicn018:31091 kafrck-vicn019:31092 kafrck-vicn020:31093 kafrck-vicn021:31094
2022-09-11 09:22,dpasac-vicn001,DP,frontend uat1,,,,kafrck-vicn017:31095 kafrck-vicn018:31096 kafrck-vicn019:31097 kafrck-vicn020:31098 kafrck-vicn021:31099
2022-09-11 09:22,dpasac-vicn002,DP,frontend uat2,,,,
2022-09-11 09:22,dpasac-vicn003,DP,frontend uat3,,,,kafrck-vicn017:31095 kafrck-vicn018:31096 kafrck-vicn019:31097 kafrck-vicn020:31098 kafrck-vicn021:31099
2022-09-11 09:22,dpasac-vicn004,DP,frontend qa10,,,,
2022-09-11 09:22,dpasac-vicn005,DP,frontend qa11,,,,kafrck-vicn017:31095 kafrck-vicn018:31096 kafrck-vicn019:31097 kafrck-vicn020:31098 kafrck-vicn021:31099
2022-09-11 09:22,dpasac-vicn006,DP,frontend qa31,,,,kafrck-vicn017:31095 kafrck-vicn018:31096 kafrck-vicn019:31097 kafrck-vicn020:31098 kafrck-vicn021:31099
2022-09-11 09:22,dpasac-vicn007,DP,frontend rgs1,,,,kafrck-vicn017:31095 kafrck-vicn018:31096 kafrck-vicn019:31097 kafrck-vicn020:31098 kafrck-vicn021:31099
2022-09-11 09:22,dpasac-vicn008,DP,frontend uat4,,,,
2022-09-11 09:22,dpasac-vicn009,DP,frontend uat6,,,,kafrck-vicn017:31095 kafrck-vicn018:31096 kafrck-vicn019:31097 kafrck-vicn020:31098 kafrck-vicn021:31099
2022-09-11 09:22,dpasac-vicn010,DP,frontend uat7 uat7-,,,,kafrck-vicn017:31095 kafrck-vicn018:31096 kafrck-vicn019:31097 kafrck-vicn020:31098 kafrck-vicn021:31099
2022-09-11 09:22,dpasac-vicn011,DP,frontend qa99,,filebeat_frontend.yml filebeat.yml,kafrck-vicn017:31095 kafrck-vicn018:31096 kafrck-vicn019:31097 kafrck-vicn020:31098 kafrck-vicn021:31099,kafrck-vicn017:31095 kafrck-vicn018:31096 kafrck-vicn019:31097 kafrck-vicn020:31098 kafrck-vicn021:31099
2022-09-11 09:22,dpasac-vicn012,DP,frontend uat3,,,,
2022-09-11 09:22,dpasac-vicn013,DP,frontend qa99,,,,kafrck-vicn017:31090 kafrck-vicn018:31091 kafrck-vicn019:31092 kafrck-vicn020:31093 kafrck-vicn021:31094
2022-09-11 09:22,dpasac-vicn014,DP,frontend qa11,,,,kafrck-vicn017:31090 kafrck-vicn018:31091 kafrck-vicn019:31092 kafrck-vicn020:31093 kafrck-vicn021:31094
2022-09-11 09:22,ecmrck-vicn005,DP,frontend uat7 uat7-,,,,kafrck-vicn017:31095 kafrck-vicn018:31096 kafrck-vicn019:31097 kafrck-vicn020:31098 kafrck-vicn021:31099
2022-09-11 09:22,ecmrck-vicn007,DP,frontend uat7 uat7-,,,,kafrck-vicn017:31095 kafrck-vicn018:31096 kafrck-vicn019:31097 kafrck-vicn020:31098 kafrck-vicn021:31099
2022-09-11 09:22,ecmrck-vicn008,DP,frontend uat7 uat7-,,,,kafrck-vicn017:31095 kafrck-vicn018:31096 kafrck-vicn019:31097 kafrck-vicn020:31098 kafrck-vicn021:31099
2022-09-11 09:22,ecmrck-vicn010,DP,frontend uat7 uat7-,,,,kafrck-vicn017:31095 kafrck-vicn018:31096 kafrck-vicn019:31097 kafrck-vicn020:31098 kafrck-vicn021:31099
2022-09-06 13:56,ecmrck-vicn011,ECM,ca1 ecm ecm-publish ecmpub publish,,,,
2022-09-06 13:56,ecmrck-vicn014,ECM,ca1 ecm ecm-publish ecmpub publish,,,,
2022-09-06 13:56,ecmrck-vicn015,ECM,ca1 ecm ecm-publish ecmpub publish,,,,
2022-09-06 13:56,ecmrck-vicn024,ECM,ecm ecm-publish ecmpub publish uat uat1,,,,
2022-09-06 13:56,ecmrck-vicn030,ECM,ecm ecm-publish ecmpub publish uat uat1,,,,
2022-09-06 13:56,ecmrck-vicn032,ECM,ecm ecm-publish ecmpub publish uat uat1,,,,
2022-09-06 13:56,ecmrck-vicn043,ECM,ecm ecm-publish ecmpub publish rgs,,,,
2022-09-06 13:56,ecmrck-vicn046,ECM,ecm ecm-publish ecmpub publish rgs,,,,
2022-09-06 13:56,ecmrck-vicn047,ECM,ecm ecm-publish ecmpub publish rgs,,,,
2022-09-06 13:56,ecmrck-vicn055,ECM,ecm ecm-publish ecmpub perf publish,,,,
2022-09-06 13:56,ecmrck-vicn058,ECM,ecm ecm-publish ecmpub perf publish,,,,
2022-09-06 13:56,ecmrck-vicn059,ECM,ecm ecm-publish ecmpub perf publish,,,,
2022-09-06 13:56,ecmsac-vicn004,ECM,ecm ecm-publish ecmpub publish qa qa1,,,,
2022-09-06 13:56,ecmsac-vicn010,ECM,ecm ecm-publish ecmpub publish qa qa1,,,,
2022-09-06 13:56,ecmsac-vicn012,ECM,ecm ecm-publish ecmpub publish qa qa1,,,,
2022-09-11 09:22,eferck-vdcn001,DP,frontend intdev20 qa20,,,,kafrck-vicn017:31095 kafrck-vicn018:31096 kafrck-vicn019:31097 kafrck-vicn020:31098 kafrck-vicn021:31099
2022-09-11 09:22,eferck-vdcn002,DP,frontend intdev20 qa20,,,,kafrck-vicn017:31095 kafrck-vicn018:31096 kafrck-vicn019:31097 kafrck-vicn020:31098 kafrck-vicn021:31099
2022-09-11 09:22,eferck-vdcn003,DP,frontend intdev20 qa20,,,,kafrck-vicn017:31095 kafrck-vicn018:31096 kafrck-vicn019:31097 kafrck-vicn020:31098 kafrck-vicn021:31099
2022-09-11 09:22,eferck-vdcn004,DP,frontend intdev20 qa20,,,,kafrck-vicn017:31095 kafrck-vicn018:31096 kafrck-vicn019:31097 kafrck-vicn020:31098 kafrck-vicn021:31099
2022-09-11 09:22,eferck-vdcn005,DP,frontend intdev20 qa20,,,,kafrck-vicn017:31095 kafrck-vicn018:31096 kafrck-vicn019:31097 kafrck-vicn020:31098 kafrck-vicn021:31099
2022-09-11 09:22,eferck-vdcn006,DP,frontend intdev20 qa20,,,,kafrck-vicn017:31095 kafrck-vicn018:31096 kafrck-vicn019:31097 kafrck-vicn020:31098 kafrck-vicn021:31099
2022-09-11 09:22,eferck-vdcn007,DP,frontend intdev21 qa21,,,,
2022-09-11 09:22,eferck-vdcn008,DP,frontend intdev21 qa21,,,,
2022-09-11 09:22,eferck-vdcn009,DP,frontend intdev21 qa21,,,,
2022-09-11 09:22,eferck-vdcn010,DP,frontend intdev21 qa21,,,,
2022-09-11 09:22,eferck-vdcn011,DP,frontend intdev21 qa21,,,,
2022-09-11 09:22,eferck-vdcn012,DP,frontend intdev21 qa21,,,,
2022-09-11 09:22,eferck-vdcn013,DP,frontend intdev22 qa22,,,,
2022-09-11 09:22,eferck-vdcn014,DP,frontend intdev22 qa22,,,,
2022-09-11 09:22,eferck-vdcn015,DP,frontend intdev22 qa22,,,,kafrck-vicn017:31095 kafrck-vicn018:31096 kafrck-vicn019:31097 kafrck-vicn020:31098 kafrck-vicn021:31099
2022-09-11 09:22,eferck-vdcn016,DP,frontend intdev22 qa22,,,,
2022-09-11 09:22,eferck-vdcn017,DP,frontend intdev22 qa22,,,,kafrck-vicn017:31095 kafrck-vicn018:31096 kafrck-vicn019:31097 kafrck-vicn020:31098 kafrck-vicn021:31099
2022-09-11 09:22,eferck-vdcn018,DP,frontend intdev22 qa22,,,,kafrck-vicn017:31095 kafrck-vicn018:31096 kafrck-vicn019:31097 kafrck-vicn020:31098 kafrck-vicn021:31099
2022-09-11 09:22,eferck-vdcn019,DP,frontend intdev23 qa23,,,,
2022-09-11 09:22,eferck-vdcn020,DP,frontend intdev23 qa23,,,,kafrck-vicn017:31095 kafrck-vicn018:31096 kafrck-vicn019:31097 kafrck-vicn020:31098 kafrck-vicn021:31099
2022-09-11 09:22,eferck-vdcn021,DP,frontend intdev23 qa23,,,,kafrck-vicn017:31095 kafrck-vicn018:31096 kafrck-vicn019:31097 kafrck-vicn020:31098 kafrck-vicn021:31099
2022-09-11 09:22,eferck-vdcn022,DP,frontend intdev23 qa23,,,,
2022-09-11 09:22,eferck-vdcn023,DP,frontend intdev23 qa23,,,,kafrck-vicn017:31095 kafrck-vicn018:31096 kafrck-vicn019:31097 kafrck-vicn020:31098 kafrck-vicn021:31099
2022-09-11 09:22,eferck-vdcn024,DP,frontend intdev23 qa23,,,,kafrck-vicn017:31095 kafrck-vicn018:31096 kafrck-vicn019:31097 kafrck-vicn020:31098 kafrck-vicn021:31099
2022-09-11 09:22,eferck-vdcn025,DP,frontend intdev24 qa24,,,,kafrck-vicn017:31095 kafrck-vicn018:31096 kafrck-vicn019:31097 kafrck-vicn020:31098 kafrck-vicn021:31099
2022-09-11 09:22,eferck-vdcn026,DP,frontend intdev24 qa24,,,,kafrck-vicn017:31095 kafrck-vicn018:31096 kafrck-vicn019:31097 kafrck-vicn020:31098 kafrck-vicn021:31099
2022-09-11 09:22,eferck-vdcn027,DP,frontend intdev24 qa24,,,,
2022-09-11 09:22,eferck-vdcn028,DP,frontend intdev24 qa24,,,,
2022-09-11 09:22,eferck-vdcn029,DP,frontend intdev24 qa24,,,,
2022-09-11 09:22,eferck-vdcn030,DP,frontend intdev24 qa24,,,,
2022-09-11 09:22,eferck-vdcn031,DP,frontend intdev25 qa25,,,,
2022-09-11 09:22,eferck-vdcn032,DP,frontend intdev25 qa25,,,,
2022-09-11 09:22,eferck-vdcn033,DP,frontend intdev25 qa25,,,,
2022-09-11 09:22,eferck-vdcn034,DP,frontend intdev25 qa25,,,,
2022-09-11 09:22,eferck-vdcn035,DP,frontend intdev26 qa26,,,,
2022-09-11 09:22,eferck-vdcn036,DP,frontend intdev26 qa26,,,,
2022-09-11 09:22,eferck-vdcn037,DP,frontend intdev26 qa26,,,,
2022-09-11 09:22,eferck-vdcn038,DP,frontend intdev26 qa26,,,,
2022-09-11 09:22,eferck-vdcn039,DP,frontend intdev26 qa26,,,,
2022-09-11 09:22,eferck-vdcn040,DP,frontend intdev26 qa26,,,,
2022-09-11 09:22,eferck-vdcn041,DP,frontend intdev25 qa25,,,,
2022-09-11 09:22,eferck-vdcn042,DP,frontend intdev25 qa25,,,,
2022-09-11 09:22,eferck-vdcn043,DP,frontend intdev27 qa27,,,,
2022-09-11 09:22,eferck-vdcn044,DP,frontend intdev27 qa27,,,,
2022-09-11 09:22,eferck-vdcn045,DP,frontend intdev27 qa27,,,,
2022-09-11 09:22,eferck-vdcn046,DP,frontend intdev27 qa27,,,,
2022-09-11 09:22,eferck-vdcn047,DP,frontend intdev27 qa27,,,,
2022-09-11 09:22,eferck-vdcn048,DP,frontend intdev27 qa27,,,,
2022-09-11 09:22,eferck-vdcn049,DP,frontend intdev28 qa28,,,,kafrck-vicn017:31095 kafrck-vicn018:31096 kafrck-vicn019:31097 kafrck-vicn020:31098 kafrck-vicn021:31099
2022-09-11 09:22,eferck-vdcn050,DP,frontend intdev28 qa28,,,,kafrck-vicn017:31095 kafrck-vicn018:31096 kafrck-vicn019:31097 kafrck-vicn020:31098 kafrck-vicn021:31099
2022-09-11 09:22,eferck-vdcn051,DP,frontend intdev28 qa28,,,,kafrck-vicn017:31095 kafrck-vicn018:31096 kafrck-vicn019:31097 kafrck-vicn020:31098 kafrck-vicn021:31099
2022-09-11 09:22,eferck-vdcn052,DP,frontend intdev28 qa28,,,,kafrck-vicn017:31095 kafrck-vicn018:31096 kafrck-vicn019:31097 kafrck-vicn020:31098 kafrck-vicn021:31099
2022-09-11 09:22,eferck-vdcn053,DP,frontend intdev28 qa28,,,,kafrck-vicn017:31095 kafrck-vicn018:31096 kafrck-vicn019:31097 kafrck-vicn020:31098 kafrck-vicn021:31099
2022-09-11 09:22,eferck-vdcn054,DP,frontend intdev28 qa28,,,,kafrck-vicn017:31095 kafrck-vicn018:31096 kafrck-vicn019:31097 kafrck-vicn020:31098 kafrck-vicn021:31099
2022-09-11 09:22,eferck-vdcn055,DP,frontend intdev29 qa29,,,,
2022-09-11 09:22,eferck-vdcn056,DP,frontend intdev29 qa29,,,,
2022-09-11 09:22,eferck-vdcn057,DP,frontend intdev29 qa29,,,,
2022-09-11 09:22,eferck-vdcn058,DP,frontend intdev29 qa29,,,,
2022-09-11 09:22,eferck-vdcn059,DP,frontend intdev29 qa29,,,,
2022-09-11 09:22,eferck-vdcn060,DP,frontend intdev29 qa29,,,,
2022-09-11 09:22,eferck-vicn001,DP,frontend intdev17 qa17,,,,kafrck-vicn017:31095 kafrck-vicn018:31096 kafrck-vicn019:31097 kafrck-vicn020:31098 kafrck-vicn021:31099
2022-09-11 09:22,eferck-vicn002,DP,frontend intdev17 qa17,,,,kafrck-vicn017:31095 kafrck-vicn018:31096 kafrck-vicn019:31097 kafrck-vicn020:31098 kafrck-vicn021:31099
2022-09-11 09:22,eferck-vicn003,DP,frontend intdev17 qa17,,,,kafrck-vicn017:31095 kafrck-vicn018:31096 kafrck-vicn019:31097 kafrck-vicn020:31098 kafrck-vicn021:31099
2022-09-11 09:22,eferck-vicn004,DP,frontend intdev17 qa17,,,,kafrck-vicn017:31095 kafrck-vicn018:31096 kafrck-vicn019:31097 kafrck-vicn020:31098 kafrck-vicn021:31099
2022-09-11 09:22,eferck-vicn005,DP,frontend intdev17 qa17,,,,kafrck-vicn017:31095 kafrck-vicn018:31096 kafrck-vicn019:31097 kafrck-vicn020:31098 kafrck-vicn021:31099
2022-09-11 09:22,eferck-vicn006,DP,frontend intdev17 qa17,,,,kafrck-vicn017:31095 kafrck-vicn018:31096 kafrck-vicn019:31097 kafrck-vicn020:31098 kafrck-vicn021:31099
2022-09-11 09:22,eferck-vicn007,DP,frontend intdev18 qa18,,,,kafrck-vicn017:31095 kafrck-vicn018:31096 kafrck-vicn019:31097 kafrck-vicn020:31098 kafrck-vicn021:31099
2022-09-11 09:22,eferck-vicn008,DP,frontend intdev18 qa18,,,,kafrck-vicn017:31095 kafrck-vicn018:31096 kafrck-vicn019:31097 kafrck-vicn020:31098 kafrck-vicn021:31099
2022-09-11 09:22,eferck-vicn009,DP,frontend intdev18 qa18,,,,kafrck-vicn017:31095 kafrck-vicn018:31096 kafrck-vicn019:31097 kafrck-vicn020:31098 kafrck-vicn021:31099
2022-09-11 09:22,eferck-vicn010,DP,frontend intdev18 qa18,,,,kafrck-vicn017:31095 kafrck-vicn018:31096 kafrck-vicn019:31097 kafrck-vicn020:31098 kafrck-vicn021:31099
2022-09-11 09:22,eferck-vicn011,DP,frontend intdev18 qa18,,,,kafrck-vicn017:31095 kafrck-vicn018:31096 kafrck-vicn019:31097 kafrck-vicn020:31098 kafrck-vicn021:31099
2022-09-11 09:22,eferck-vicn012,DP,frontend intdev18 qa18,,,,kafrck-vicn017:31095 kafrck-vicn018:31096 kafrck-vicn019:31097 kafrck-vicn020:31098 kafrck-vicn021:31099
2022-09-11 09:22,eferck-vicn013,DP,frontend intdev19 qa19,,,,kafrck-vicn017:31095 kafrck-vicn018:31096 kafrck-vicn019:31097 kafrck-vicn020:31098 kafrck-vicn021:31099
2022-09-11 09:22,eferck-vicn014,DP,frontend intdev19 qa19,,,,
2022-09-11 09:22,eferck-vicn015,DP,frontend intdev19 qa19,,,,
2022-09-11 09:22,eferck-vicn016,DP,frontend intdev19 qa19,,,,
2022-09-11 09:22,eferck-vicn017,DP,frontend intdev19 qa19,,,,
2022-09-11 09:22,eferck-vicn018,DP,frontend intdev19 qa19,,,,kafrck-vicn017:31095 kafrck-vicn018:31096 kafrck-vicn019:31097 kafrck-vicn020:31098 kafrck-vicn021:31099
2022-09-11 09:22,eferck-vicn019,DP,frontend intdev30 qa30,,,,kafrck-vicn017:31095 kafrck-vicn018:31096 kafrck-vicn019:31097 kafrck-vicn020:31098 kafrck-vicn021:31099
2022-09-11 09:22,eferck-vicn020,DP,frontend intdev30 qa30,,,,kafrck-vicn017:31095 kafrck-vicn018:31096 kafrck-vicn019:31097 kafrck-vicn020:31098 kafrck-vicn021:31099
2022-09-11 09:22,eferck-vicn021,DP,frontend intdev30 qa30,,,,kafrck-vicn017:31095 kafrck-vicn018:31096 kafrck-vicn019:31097 kafrck-vicn020:31098 kafrck-vicn021:31099
2022-09-11 09:22,eferck-vicn022,DP,frontend intdev30 qa30,,,,kafrck-vicn017:31095 kafrck-vicn018:31096 kafrck-vicn019:31097 kafrck-vicn020:31098 kafrck-vicn021:31099
2022-09-11 09:22,eferck-vicn023,DP,frontend intdev30 qa30,,,,kafrck-vicn017:31095 kafrck-vicn018:31096 kafrck-vicn019:31097 kafrck-vicn020:31098 kafrck-vicn021:31099
2022-09-11 09:22,eferck-vicn024,DP,frontend intdev30 qa30,,,,kafrck-vicn017:31095 kafrck-vicn018:31096 kafrck-vicn019:31097 kafrck-vicn020:31098 kafrck-vicn021:31099
2022-09-11 09:22,eferck-vicn025,DP,frontend intdev31 qa31,,,,kafrck-vicn017:31095 kafrck-vicn018:31096 kafrck-vicn019:31097 kafrck-vicn020:31098 kafrck-vicn021:31099
2022-09-11 09:22,eferck-vicn026,DP,frontend intdev31 qa31,,,,kafrck-vicn017:31095 kafrck-vicn018:31096 kafrck-vicn019:31097 kafrck-vicn020:31098 kafrck-vicn021:31099
2022-09-11 09:22,eferck-vicn027,DP,frontend intdev31 qa31,,,,kafrck-vicn017:31095 kafrck-vicn018:31096 kafrck-vicn019:31097 kafrck-vicn020:31098 kafrck-vicn021:31099
2022-09-11 09:22,eferck-vicn028,DP,frontend intdev31 qa31,,,,kafrck-vicn017:31095 kafrck-vicn018:31096 kafrck-vicn019:31097 kafrck-vicn020:31098 kafrck-vicn021:31099
2022-09-11 09:22,eferck-vicn029,DP,frontend intdev31 qa31,,,,kafrck-vicn017:31095 kafrck-vicn018:31096 kafrck-vicn019:31097 kafrck-vicn020:31098 kafrck-vicn021:31099
2022-09-11 09:22,eferck-vicn030,DP,frontend intdev31 qa31,,,,kafrck-vicn017:31095 kafrck-vicn018:31096 kafrck-vicn019:31097 kafrck-vicn020:31098 kafrck-vicn021:31099
2022-09-11 09:22,eferck-vicn031,DP,frontend intdev32 qa32,,filebeat_frontend.yml filebeat.yml,kafrck-vicn017:31095 kafrck-vicn018:31096 kafrck-vicn019:31097 kafrck-vicn020:31098 kafrck-vicn021:31099,kafrck-vicn017:31095 kafrck-vicn018:31096 kafrck-vicn019:31097 kafrck-vicn020:31098 kafrck-vicn021:31099
2022-09-11 09:22,eferck-vicn032,DP,frontend intdev32 qa32,,filebeat_frontend.yml filebeat.yml,kafrck-vicn017:31095 kafrck-vicn018:31096 kafrck-vicn019:31097 kafrck-vicn020:31098 kafrck-vicn021:31099,kafrck-vicn017:31095 kafrck-vicn018:31096 kafrck-vicn019:31097 kafrck-vicn020:31098 kafrck-vicn021:31099
2022-09-11 09:22,eferck-vicn033,DP,frontend intdev32 qa32,,filebeat_frontend.yml filebeat.yml,kafrck-vicn017:31095 kafrck-vicn018:31096 kafrck-vicn019:31097 kafrck-vicn020:31098 kafrck-vicn021:31099,kafrck-vicn017:31095 kafrck-vicn018:31096 kafrck-vicn019:31097 kafrck-vicn020:31098 kafrck-vicn021:31099
2022-09-11 09:22,eferck-vicn034,DP,frontend intdev32 qa32,,filebeat_frontend.yml filebeat.yml,kafrck-vicn017:31095 kafrck-vicn018:31096 kafrck-vicn019:31097 kafrck-vicn020:31098 kafrck-vicn021:31099,kafrck-vicn017:31095 kafrck-vicn018:31096 kafrck-vicn019:31097 kafrck-vicn020:31098 kafrck-vicn021:31099
2022-09-11 09:22,eferck-vicn035,DP,frontend intdev32 qa32,,filebeat_frontend.yml filebeat.yml,kafrck-vicn017:31095 kafrck-vicn018:31096 kafrck-vicn019:31097 kafrck-vicn020:31098 kafrck-vicn021:31099,kafrck-vicn017:31095 kafrck-vicn018:31096 kafrck-vicn019:31097 kafrck-vicn020:31098 kafrck-vicn021:31099
2022-09-11 09:22,eferck-vicn036,DP,frontend intdev32 qa32,,filebeat_frontend.yml filebeat.yml,kafrck-vicn017:31095 kafrck-vicn018:31096 kafrck-vicn019:31097 kafrck-vicn020:31098 kafrck-vicn021:31099,kafrck-vicn017:31095 kafrck-vicn018:31096 kafrck-vicn019:31097 kafrck-vicn020:31098 kafrck-vicn021:31099
2022-09-11 09:22,eferck-vicn037,DP,frontend intdev33 qa33,,,,kafrck-vicn017:31095 kafrck-vicn018:31096 kafrck-vicn019:31097 kafrck-vicn020:31098 kafrck-vicn021:31099
2022-09-11 09:22,eferck-vicn038,DP,frontend intdev33 qa33,,,,kafrck-vicn017:31095 kafrck-vicn018:31096 kafrck-vicn019:31097 kafrck-vicn020:31098 kafrck-vicn021:31099
2022-09-11 09:22,eferck-vicn039,DP,frontend intdev33 qa33,,,,kafrck-vicn017:31095 kafrck-vicn018:31096 kafrck-vicn019:31097 kafrck-vicn020:31098 kafrck-vicn021:31099
2022-09-11 09:22,eferck-vicn040,DP,frontend intdev33 qa33,,,,kafrck-vicn017:31095 kafrck-vicn018:31096 kafrck-vicn019:31097 kafrck-vicn020:31098 kafrck-vicn021:31099
2022-09-11 09:22,eferck-vicn041,DP,frontend intdev33 qa33,,,,kafrck-vicn017:31095 kafrck-vicn018:31096 kafrck-vicn019:31097 kafrck-vicn020:31098 kafrck-vicn021:31099
2022-09-11 09:22,eferck-vicn042,DP,frontend intdev33 qa33,,,,kafrck-vicn017:31095 kafrck-vicn018:31096 kafrck-vicn019:31097 kafrck-vicn020:31098 kafrck-vicn021:31099
2022-09-11 09:22,eferck-vicn043,DP,frontend intdev34 qa34,,,,
2022-09-11 09:22,eferck-vicn044,DP,frontend intdev34 qa34,,,,
2022-09-11 09:22,eferck-vicn045,DP,frontend intdev34 qa34,,,,
2022-09-11 09:22,eferck-vicn046,DP,frontend intdev34 qa34,,,,
2022-09-11 09:22,eferck-vicn047,DP,frontend intdev34 qa34,,,,
2022-09-11 09:22,eferck-vicn048,DP,frontend intdev34 qa34,,,,
2022-09-11 09:22,eferck-vicn049,DP,frontend intdev35 qa35,,,,kafrck-vicn017:31095 kafrck-vicn018:31096 kafrck-vicn019:31097 kafrck-vicn020:31098 kafrck-vicn021:31099
2022-09-11 09:22,eferck-vicn050,DP,frontend intdev35 qa35,,,,kafrck-vicn017:31095 kafrck-vicn018:31096 kafrck-vicn019:31097 kafrck-vicn020:31098 kafrck-vicn021:31099
2022-09-11 09:22,eferck-vicn051,DP,frontend intdev35 qa35,,,,kafrck-vicn017:31095 kafrck-vicn018:31096 kafrck-vicn019:31097 kafrck-vicn020:31098 kafrck-vicn021:31099
2022-09-11 09:22,eferck-vicn052,DP,frontend intdev35 qa35,,,,kafrck-vicn017:31095 kafrck-vicn018:31096 kafrck-vicn019:31097 kafrck-vicn020:31098 kafrck-vicn021:31099
2022-09-11 09:22,eferck-vicn053,DP,frontend intdev35 qa35,,,,kafrck-vicn017:31095 kafrck-vicn018:31096 kafrck-vicn019:31097 kafrck-vicn020:31098 kafrck-vicn021:31099
2022-09-11 09:22,eferck-vicn054,DP,frontend intdev35 qa35,,,,kafrck-vicn017:31095 kafrck-vicn018:31096 kafrck-vicn019:31097 kafrck-vicn020:31098 kafrck-vicn021:31099
2022-09-11 09:22,eferck-vicn055,DP,frontend intdev36 qa36,,,,
2022-09-11 09:22,eferck-vicn056,DP,frontend intdev36 qa36,,,,
2022-09-11 09:22,eferck-vicn057,DP,frontend intdev36 qa36,,,,
2022-09-11 09:22,eferck-vicn058,DP,frontend intdev36 qa36,,,,
2022-09-11 09:22,eferck-vicn059,DP,frontend intdev36 qa36,,,,kafrck-vicn017:31095 kafrck-vicn018:31096 kafrck-vicn019:31097 kafrck-vicn020:31098 kafrck-vicn021:31099
2022-09-11 09:22,eferck-vicn060,DP,frontend intdev36 qa36,,,,
2022-09-11 09:22,eferck-vicn061,DP,frontend intdev37 qa37,,,,
2022-09-11 09:22,eferck-vicn062,DP,frontend intdev37 qa37,,,,
2022-09-11 09:22,eferck-vicn063,DP,frontend intdev37 qa37,,,,kafrck-vicn017:31095 kafrck-vicn018:31096 kafrck-vicn019:31097 kafrck-vicn020:31098 kafrck-vicn021:31099
2022-09-11 09:22,eferck-vicn064,DP,frontend intdev37 qa37,,,,
2022-09-11 09:22,eferck-vicn065,DP,frontend intdev37 qa37,,,,kafrck-vicn017:31095 kafrck-vicn018:31096 kafrck-vicn019:31097 kafrck-vicn020:31098 kafrck-vicn021:31099
2022-09-11 09:22,eferck-vicn066,DP,frontend intdev37 qa37,,,,
2022-09-11 09:22,eferck-vicn067,DP,frontend intdev38 qa38,,,,
2022-09-11 09:22,eferck-vicn068,DP,frontend intdev38 qa38,,,,
2022-09-11 09:22,eferck-vicn069,DP,frontend intdev38 qa38,,,,
2022-09-11 09:22,eferck-vicn070,DP,frontend intdev38 qa38,,,,
2022-09-11 09:22,eferck-vicn071,DP,frontend intdev38 qa38,,,,
2022-09-11 09:22,eferck-vicn072,DP,frontend intdev38 qa38,,,,
2022-09-11 09:22,eferck-vicn073,DP,ca2- caweb frontend qa2 uat6,,,,kafrck-vicn017:31095 kafrck-vicn018:31096 kafrck-vicn019:31097 kafrck-vicn020:31098 kafrck-vicn021:31099
2022-09-11 09:22,eferck-vicn074,DP,ca2- caweb frontend qa2 uat6,,,,kafrck-vicn017:31095 kafrck-vicn018:31096 kafrck-vicn019:31097 kafrck-vicn020:31098 kafrck-vicn021:31099
2022-09-11 09:22,eferck-vicn075,DP,ca2- caweb frontend qa2 uat6,,,,kafrck-vicn017:31095 kafrck-vicn018:31096 kafrck-vicn019:31097 kafrck-vicn020:31098 kafrck-vicn021:31099
2022-09-11 09:22,eferck-vicn076,DP,ca2- caweb frontend qa2 uat6,,,,kafrck-vicn017:31095 kafrck-vicn018:31096 kafrck-vicn019:31097 kafrck-vicn020:31098 kafrck-vicn021:31099
2022-09-11 09:22,eferck-vicn077,DP,admin ca2-xc caweb frontend qa2 uat6,,,,kafrck-vicn017:31095 kafrck-vicn018:31096 kafrck-vicn019:31097 kafrck-vicn020:31098 kafrck-vicn021:31099
2022-09-11 09:22,eferck-vicn078,DP,frontend intdev39 qa39,,,,
2022-09-11 09:22,eferck-vicn079,DP,frontend intdev39 qa39,,,,
2022-09-11 09:22,eferck-vicn080,DP,frontend intdev39 qa39,,,,
2022-09-11 09:22,eferck-vicn081,DP,frontend intdev39 qa39,,,,
2022-09-11 09:22,eferck-vicn082,DP,frontend intdev39 qa39,,,,
2022-09-11 09:22,eferck-vicn083,DP,frontend intdev39 qa39,,,,
2022-09-11 09:22,eferck-vicn084,DP,frontend uat6,,,,kafrck-vicn017:31095 kafrck-vicn018:31096 kafrck-vicn019:31097 kafrck-vicn020:31098 kafrck-vicn021:31099
2022-09-11 09:22,eferck-vicn085,DP,frontend intdev56 qa56,,,,kafrck-vicn017:31095 kafrck-vicn018:31096 kafrck-vicn019:31097 kafrck-vicn020:31098 kafrck-vicn021:31099
2022-09-11 09:22,eferck-vicn086,DP,frontend intdev56 qa56,,,,kafrck-vicn017:31095 kafrck-vicn018:31096 kafrck-vicn019:31097 kafrck-vicn020:31098 kafrck-vicn021:31099
2022-09-11 09:22,eferck-vicn087,DP,frontend intdev56 qa56,,,,kafrck-vicn017:31095 kafrck-vicn018:31096 kafrck-vicn019:31097 kafrck-vicn020:31098 kafrck-vicn021:31099
2022-09-11 09:22,eferck-vicn088,DP,frontend intdev56 qa56,,,,kafrck-vicn017:31095 kafrck-vicn018:31096 kafrck-vicn019:31097 kafrck-vicn020:31098 kafrck-vicn021:31099
2022-09-11 09:22,eferck-vicn089,DP,frontend intdev56 qa56,,,,kafrck-vicn017:31095 kafrck-vicn018:31096 kafrck-vicn019:31097 kafrck-vicn020:31098 kafrck-vicn021:31099
2022-09-11 09:22,eferck-vicn090,DP,frontend intdev56 qa56,,,,kafrck-vicn017:31095 kafrck-vicn018:31096 kafrck-vicn019:31097 kafrck-vicn020:31098 kafrck-vicn021:31099
2022-09-11 09:22,eferck-vicn091,DP,frontend rgs2 rgs2- staging staging-,,,,kafrck-vicn017:31090 kafrck-vicn018:31091 kafrck-vicn019:31092 kafrck-vicn020:31093 kafrck-vicn021:31094
2022-09-11 09:22,eferck-vicn092,DP,frontend rgs2 rgs2- staging staging-,,,,
2022-09-11 09:22,eferck-vicn093,DP,frontend rgs2 rgs2- staging staging-,,,,
2022-09-11 09:22,eferck-vicn094,DP,frontend rgs2 rgs2- staging staging-,,,,kafrck-vicn017:31095 kafrck-vicn018:31096 kafrck-vicn019:31097 kafrck-vicn020:31098 kafrck-vicn021:31099
2022-09-11 09:22,eferck-vicn095,DP,frontend rgs2 rgs2- staging staging-,,,,
2022-09-11 09:22,eferck-vicn096,DP,frontend rgs2 rgs2- staging staging-,,,,kafrck-vicn017:31095 kafrck-vicn018:31096 kafrck-vicn019:31097 kafrck-vicn020:31098 kafrck-vicn021:31099
2022-09-11 09:22,efesac-vicn001,DP,frontend intdev40 qa40,,,,
2022-09-11 09:22,efesac-vicn002,DP,frontend intdev40 qa40,,,,
2022-09-11 09:22,efesac-vicn003,DP,frontend intdev40 qa40,,,,
2022-09-11 09:22,efesac-vicn004,DP,frontend intdev40 qa40,,,,
2022-09-11 09:22,efesac-vicn005,DP,frontend intdev40 qa40,,,,
2022-09-11 09:22,efesac-vicn006,DP,frontend intdev40 qa40,,,,
2022-09-11 09:22,efesac-vicn007,DP,frontend intdev41 qa41,,,,kafrck-vicn017:31095 kafrck-vicn018:31096 kafrck-vicn019:31097 kafrck-vicn020:31098 kafrck-vicn021:31099
2022-09-11 09:22,efesac-vicn008,DP,frontend intdev41 qa41,,,,kafrck-vicn017:31095 kafrck-vicn018:31096 kafrck-vicn019:31097 kafrck-vicn020:31098 kafrck-vicn021:31099
2022-09-11 09:22,efesac-vicn009,DP,frontend intdev41 qa41,,,,kafrck-vicn017:31095 kafrck-vicn018:31096 kafrck-vicn019:31097 kafrck-vicn020:31098 kafrck-vicn021:31099
2022-09-11 09:22,efesac-vicn010,DP,frontend intdev41 qa41,,,,kafrck-vicn017:31095 kafrck-vicn018:31096 kafrck-vicn019:31097 kafrck-vicn020:31098 kafrck-vicn021:31099
2022-09-11 09:22,efesac-vicn011,DP,frontend intdev41 qa41,,,,kafrck-vicn017:31095 kafrck-vicn018:31096 kafrck-vicn019:31097 kafrck-vicn020:31098 kafrck-vicn021:31099
2022-09-11 09:22,efesac-vicn012,DP,frontend intdev41 qa41,,,,kafrck-vicn017:31095 kafrck-vicn018:31096 kafrck-vicn019:31097 kafrck-vicn020:31098 kafrck-vicn021:31099
2022-09-11 09:22,efesac-vicn013,DP,frontend intdev42 qa42,,,,kafrck-vicn017:31095 kafrck-vicn018:31096 kafrck-vicn019:31097 kafrck-vicn020:31098 kafrck-vicn021:31099
2022-09-11 09:22,efesac-vicn014,DP,frontend intdev42 qa42,,,,kafrck-vicn017:31095 kafrck-vicn018:31096 kafrck-vicn019:31097 kafrck-vicn020:31098 kafrck-vicn021:31099
2022-09-11 09:22,efesac-vicn015,DP,frontend intdev42 qa42,,,,kafrck-vicn017:31095 kafrck-vicn018:31096 kafrck-vicn019:31097 kafrck-vicn020:31098 kafrck-vicn021:31099
2022-09-11 09:22,efesac-vicn016,DP,frontend intdev42 qa42,,,,kafrck-vicn017:31095 kafrck-vicn018:31096 kafrck-vicn019:31097 kafrck-vicn020:31098 kafrck-vicn021:31099
2022-09-11 09:22,efesac-vicn017,DP,frontend intdev42 qa42,,,,kafrck-vicn017:31095 kafrck-vicn018:31096 kafrck-vicn019:31097 kafrck-vicn020:31098 kafrck-vicn021:31099
2022-09-11 09:22,efesac-vicn018,DP,frontend intdev42 qa42,,,,kafrck-vicn017:31095 kafrck-vicn018:31096 kafrck-vicn019:31097 kafrck-vicn020:31098 kafrck-vicn021:31099
2022-09-11 09:22,efesac-vicn019,DP,frontend intdev43 qa43,,,,
2022-09-11 09:22,efesac-vicn020,DP,frontend intdev43 qa43,,,,kafrck-vicn017:31095 kafrck-vicn018:31096 kafrck-vicn019:31097 kafrck-vicn020:31098 kafrck-vicn021:31099
2022-09-11 09:22,efesac-vicn021,DP,frontend intdev43 qa43,,,,kafrck-vicn017:31095 kafrck-vicn018:31096 kafrck-vicn019:31097 kafrck-vicn020:31098 kafrck-vicn021:31099
2022-09-11 09:22,efesac-vicn022,DP,frontend intdev43 qa43,,,,
2022-09-11 09:22,efesac-vicn023,DP,frontend intdev43 qa43,,,,
2022-09-11 09:22,efesac-vicn024,DP,frontend intdev43 qa43,,,,kafrck-vicn017:31095 kafrck-vicn018:31096 kafrck-vicn019:31097 kafrck-vicn020:31098 kafrck-vicn021:31099
2022-09-11 09:22,efesac-vicn025,DP,frontend intdev44 qa44,,,,kafrck-vicn017:31095 kafrck-vicn018:31096 kafrck-vicn019:31097 kafrck-vicn020:31098 kafrck-vicn021:31099
2022-09-11 09:22,efesac-vicn026,DP,frontend intdev44 qa44,,,,kafrck-vicn017:31095 kafrck-vicn018:31096 kafrck-vicn019:31097 kafrck-vicn020:31098 kafrck-vicn021:31099
2022-09-11 09:22,efesac-vicn027,DP,frontend intdev44 qa44,,,,kafrck-vicn017:31095 kafrck-vicn018:31096 kafrck-vicn019:31097 kafrck-vicn020:31098 kafrck-vicn021:31099
2022-09-11 09:22,efesac-vicn028,DP,frontend intdev44 qa44,,,,kafrck-vicn017:31095 kafrck-vicn018:31096 kafrck-vicn019:31097 kafrck-vicn020:31098 kafrck-vicn021:31099
2022-09-11 09:22,efesac-vicn029,DP,frontend intdev44 qa44,,,,kafrck-vicn017:31095 kafrck-vicn018:31096 kafrck-vicn019:31097 kafrck-vicn020:31098 kafrck-vicn021:31099
2022-09-11 09:22,efesac-vicn030,DP,frontend intdev44 qa44,,,,kafrck-vicn017:31095 kafrck-vicn018:31096 kafrck-vicn019:31097 kafrck-vicn020:31098 kafrck-vicn021:31099
2022-09-11 09:22,efesac-vicn031,DP,frontend intdev45 qa45,,,,kafrck-vicn017:31095 kafrck-vicn018:31096 kafrck-vicn019:31097 kafrck-vicn020:31098 kafrck-vicn021:31099
2022-09-11 09:22,efesac-vicn032,DP,frontend intdev45 qa45,,,,kafrck-vicn017:31095 kafrck-vicn018:31096 kafrck-vicn019:31097 kafrck-vicn020:31098 kafrck-vicn021:31099
2022-09-11 09:22,efesac-vicn033,DP,frontend intdev45 qa45,,,,kafrck-vicn017:31095 kafrck-vicn018:31096 kafrck-vicn019:31097 kafrck-vicn020:31098 kafrck-vicn021:31099
2022-09-11 09:22,efesac-vicn034,DP,frontend intdev45 qa45,,,,kafrck-vicn017:31095 kafrck-vicn018:31096 kafrck-vicn019:31097 kafrck-vicn020:31098 kafrck-vicn021:31099
2022-09-11 09:22,efesac-vicn035,DP,frontend intdev45 qa45,,,,kafrck-vicn017:31095 kafrck-vicn018:31096 kafrck-vicn019:31097 kafrck-vicn020:31098 kafrck-vicn021:31099
2022-09-11 09:22,efesac-vicn036,DP,frontend intdev45 qa45,,,,kafrck-vicn017:31095 kafrck-vicn018:31096 kafrck-vicn019:31097 kafrck-vicn020:31098 kafrck-vicn021:31099
2022-09-11 09:22,efesac-vicn037,DP,frontend intdev46 qa46,,,,
2022-09-11 09:22,efesac-vicn038,DP,frontend intdev46 qa46,,,,kafrck-vicn017:31095 kafrck-vicn018:31096 kafrck-vicn019:31097 kafrck-vicn020:31098 kafrck-vicn021:31099
2022-09-11 09:22,efesac-vicn039,DP,frontend intdev46 qa46,,,,
2022-09-11 09:22,efesac-vicn040,DP,frontend intdev46 qa46,,,,
2022-09-11 09:22,efesac-vicn041,DP,frontend intdev46 qa46,,,,kafrck-vicn017:31095 kafrck-vicn018:31096 kafrck-vicn019:31097 kafrck-vicn020:31098 kafrck-vicn021:31099
2022-09-11 09:22,efesac-vicn042,DP,frontend intdev46 qa46,,,,kafrck-vicn017:31095 kafrck-vicn018:31096 kafrck-vicn019:31097 kafrck-vicn020:31098 kafrck-vicn021:31099
2022-09-11 09:22,efesac-vicn043,DP,frontend intdev47 qa47,,,,kafrck-vicn017:31095 kafrck-vicn018:31096 kafrck-vicn019:31097 kafrck-vicn020:31098 kafrck-vicn021:31099
2022-09-11 09:22,efesac-vicn044,DP,frontend intdev47 qa47,,,,kafrck-vicn017:31095 kafrck-vicn018:31096 kafrck-vicn019:31097 kafrck-vicn020:31098 kafrck-vicn021:31099
2022-09-11 09:22,efesac-vicn045,DP,frontend intdev47 qa47,,,,
2022-09-11 09:22,efesac-vicn046,DP,frontend intdev47 qa47,,,,kafrck-vicn017:31095 kafrck-vicn018:31096 kafrck-vicn019:31097 kafrck-vicn020:31098 kafrck-vicn021:31099
2022-09-11 09:22,efesac-vicn047,DP,frontend intdev47 qa47,,,,
2022-09-11 09:22,efesac-vicn048,DP,frontend intdev47 qa47,,,,kafrck-vicn017:31095 kafrck-vicn018:31096 kafrck-vicn019:31097 kafrck-vicn020:31098 kafrck-vicn021:31099
2022-09-11 09:22,efesac-vicn049,DP,frontend intdev48 qa48,,,,kafrck-vicn017:31095 kafrck-vicn018:31096 kafrck-vicn019:31097 kafrck-vicn020:31098 kafrck-vicn021:31099
2022-09-11 09:22,efesac-vicn050,DP,frontend intdev48 qa48,,,,
2022-09-11 09:22,efesac-vicn051,DP,frontend intdev48 qa48,,,,kafrck-vicn017:31095 kafrck-vicn018:31096 kafrck-vicn019:31097 kafrck-vicn020:31098 kafrck-vicn021:31099
2022-09-11 09:22,efesac-vicn052,DP,frontend intdev48 qa48,,,,kafrck-vicn017:31095 kafrck-vicn018:31096 kafrck-vicn019:31097 kafrck-vicn020:31098 kafrck-vicn021:31099
2022-09-11 09:22,efesac-vicn053,DP,frontend intdev48 qa48,,,,
2022-09-11 09:22,efesac-vicn054,DP,frontend intdev48 qa48,,,,kafrck-vicn017:31095 kafrck-vicn018:31096 kafrck-vicn019:31097 kafrck-vicn020:31098 kafrck-vicn021:31099
2022-09-11 09:22,efesac-vicn055,DP,frontend intdev49 qa49,,,,kafrck-vicn017:31095 kafrck-vicn018:31096 kafrck-vicn019:31097 kafrck-vicn020:31098 kafrck-vicn021:31099
2022-09-11 09:22,efesac-vicn056,DP,frontend intdev49 qa49,,,,kafrck-vicn017:31095 kafrck-vicn018:31096 kafrck-vicn019:31097 kafrck-vicn020:31098 kafrck-vicn021:31099
2022-09-11 09:22,efesac-vicn057,DP,frontend intdev49 qa49,,,,
2022-09-11 09:22,efesac-vicn058,DP,frontend intdev49 qa49,,,,kafrck-vicn017:31095 kafrck-vicn018:31096 kafrck-vicn019:31097 kafrck-vicn020:31098 kafrck-vicn021:31099
2022-09-11 09:22,efesac-vicn059,DP,frontend intdev49 qa49,,,,
2022-09-11 09:22,efesac-vicn060,DP,frontend intdev49 qa49,,,,kafrck-vicn017:31095 kafrck-vicn018:31096 kafrck-vicn019:31097 kafrck-vicn020:31098 kafrck-vicn021:31099
2022-09-11 09:22,efesac-vicn061,DP,bpv frontend,,,,kafrck-vicn017:31095 kafrck-vicn018:31096 kafrck-vicn019:31097 kafrck-vicn020:31098 kafrck-vicn021:31099
2022-09-11 09:22,efesac-vicn062,DP,bpv frontend,,,,kafrck-vicn017:31095 kafrck-vicn018:31096 kafrck-vicn019:31097 kafrck-vicn020:31098 kafrck-vicn021:31099
2022-09-11 09:22,efesac-vicn063,DP,bpv frontend,,,,kafrck-vicn017:31095 kafrck-vicn018:31096 kafrck-vicn019:31097 kafrck-vicn020:31098 kafrck-vicn021:31099
2022-09-11 09:22,efesac-vicn064,DP,bpv frontend,,,,kafrck-vicn017:31095 kafrck-vicn018:31096 kafrck-vicn019:31097 kafrck-vicn020:31098 kafrck-vicn021:31099
2022-09-11 09:22,efesac-vicn065,DP,bpv frontend,,,,kafrck-vicn017:31095 kafrck-vicn018:31096 kafrck-vicn019:31097 kafrck-vicn020:31098 kafrck-vicn021:31099
2022-09-11 09:22,efesac-vicn066,DP,bpv frontend,,,,kafrck-vicn017:31095 kafrck-vicn018:31096 kafrck-vicn019:31097 kafrck-vicn020:31098 kafrck-vicn021:31099
2022-09-11 09:22,efesac-vicn073,DP,frontend intdev50 qa50,,,,
2022-09-11 09:22,efesac-vicn074,DP,frontend intdev50 qa50,,,,
2022-09-11 09:22,efesac-vicn075,DP,frontend intdev50 qa50,,,,
2022-09-11 09:22,efesac-vicn076,DP,frontend intdev50 qa50,,,,kafrck-vicn017:31095 kafrck-vicn018:31096 kafrck-vicn019:31097 kafrck-vicn020:31098 kafrck-vicn021:31099
2022-09-11 09:22,efesac-vicn077,DP,frontend intdev50 qa50,,,,
2022-09-11 09:22,efesac-vicn078,DP,frontend intdev50 qa50,,,,kafrck-vicn017:31095 kafrck-vicn018:31096 kafrck-vicn019:31097 kafrck-vicn020:31098 kafrck-vicn021:31099
2022-09-11 09:22,efesac-vicn079,DP,frontend intdev51 qa51,,,,kafrck-vicn017:31095 kafrck-vicn018:31096 kafrck-vicn019:31097 kafrck-vicn020:31098 kafrck-vicn021:31099
2022-09-11 09:22,efesac-vicn080,DP,frontend intdev51 qa51,,,,kafrck-vicn017:31095 kafrck-vicn018:31096 kafrck-vicn019:31097 kafrck-vicn020:31098 kafrck-vicn021:31099
2022-09-11 09:22,efesac-vicn081,DP,frontend intdev51 qa51,,,,kafrck-vicn017:31095 kafrck-vicn018:31096 kafrck-vicn019:31097 kafrck-vicn020:31098 kafrck-vicn021:31099
2022-09-11 09:22,efesac-vicn082,DP,frontend intdev51 qa51,,,,kafrck-vicn017:31095 kafrck-vicn018:31096 kafrck-vicn019:31097 kafrck-vicn020:31098 kafrck-vicn021:31099
2022-09-11 09:22,efesac-vicn083,DP,frontend intdev51 qa51,,,,kafrck-vicn017:31095 kafrck-vicn018:31096 kafrck-vicn019:31097 kafrck-vicn020:31098 kafrck-vicn021:31099
2022-09-11 09:22,efesac-vicn084,DP,frontend intdev51 qa51,,,,kafrck-vicn017:31095 kafrck-vicn018:31096 kafrck-vicn019:31097 kafrck-vicn020:31098 kafrck-vicn021:31099
2022-09-11 09:22,efesac-vicn086,DP,frontend intdev52 qa52,,,,kafrck-vicn017:31095 kafrck-vicn018:31096 kafrck-vicn019:31097 kafrck-vicn020:31098 kafrck-vicn021:31099
2022-09-11 09:22,efesac-vicn087,DP,frontend intdev53 qa53,,,,kafrck-vicn017:31095 kafrck-vicn018:31096 kafrck-vicn019:31097 kafrck-vicn020:31098 kafrck-vicn021:31099
2022-09-11 09:22,efesac-vicn089,DP,frontend intdev55 qa55,,,,kafrck-vicn017:31095 kafrck-vicn018:31096 kafrck-vicn019:31097 kafrck-vicn020:31098 kafrck-vicn021:31099
2022-09-11 09:22,efesac-vicn090,DP,frontend intdev52 qa52,,,,
2022-09-11 09:22,efesac-vicn091,DP,frontend intdev53 qa53,,,,kafrck-vicn017:31095 kafrck-vicn018:31096 kafrck-vicn019:31097 kafrck-vicn020:31098 kafrck-vicn021:31099
2022-09-11 09:22,efesac-vicn092,DP,frontend intdev54 qa54,,,,kafrck-vicn017:31095 kafrck-vicn018:31096 kafrck-vicn019:31097 kafrck-vicn020:31098 kafrck-vicn021:31099
2022-09-11 09:22,efesac-vicn093,DP,frontend intdev55 qa55,,,,kafrck-vicn017:31095 kafrck-vicn018:31096 kafrck-vicn019:31097 kafrck-vicn020:31098 kafrck-vicn021:31099
2022-09-11 09:22,efesac-vicn094,DP,frontend intdev52 qa52,,,,kafrck-vicn017:31095 kafrck-vicn018:31096 kafrck-vicn019:31097 kafrck-vicn020:31098 kafrck-vicn021:31099
2022-09-11 09:22,efesac-vicn095,DP,frontend intdev53 qa53,,,,kafrck-vicn017:31095 kafrck-vicn018:31096 kafrck-vicn019:31097 kafrck-vicn020:31098 kafrck-vicn021:31099
2022-09-11 09:22,efesac-vicn097,DP,frontend intdev55 qa55,,,,kafrck-vicn017:31095 kafrck-vicn018:31096 kafrck-vicn019:31097 kafrck-vicn020:31098 kafrck-vicn021:31099
2022-09-11 09:22,efesac-vicn098,DP,frontend intdev52 qa52,,,,kafrck-vicn017:31095 kafrck-vicn018:31096 kafrck-vicn019:31097 kafrck-vicn020:31098 kafrck-vicn021:31099
2022-09-11 09:22,efesac-vicn099,DP,frontend intdev53 qa53,,,,kafrck-vicn017:31095 kafrck-vicn018:31096 kafrck-vicn019:31097 kafrck-vicn020:31098 kafrck-vicn021:31099
2022-09-11 09:22,efesac-vicn100,DP,frontend intdev54 qa54,,,,kafrck-vicn017:31095 kafrck-vicn018:31096 kafrck-vicn019:31097 kafrck-vicn020:31098 kafrck-vicn021:31099
2022-09-11 09:22,efesac-vicn101,DP,frontend intdev55 qa55,,,,kafrck-vicn017:31095 kafrck-vicn018:31096 kafrck-vicn019:31097 kafrck-vicn020:31098 kafrck-vicn021:31099
2022-09-11 09:22,efesac-vicn102,DP,frontend intdev52 qa52,,,,kafrck-vicn017:31095 kafrck-vicn018:31096 kafrck-vicn019:31097 kafrck-vicn020:31098 kafrck-vicn021:31099
2022-09-11 09:22,efesac-vicn103,DP,frontend intdev53 qa53,,,,kafrck-vicn017:31095 kafrck-vicn018:31096 kafrck-vicn019:31097 kafrck-vicn020:31098 kafrck-vicn021:31099
2022-09-11 09:22,efesac-vicn104,DP,frontend intdev54 qa54,,,,kafrck-vicn017:31095 kafrck-vicn018:31096 kafrck-vicn019:31097 kafrck-vicn020:31098 kafrck-vicn021:31099
2022-09-11 09:22,efesac-vicn105,DP,frontend intdev55 qa55,,,,kafrck-vicn017:31095 kafrck-vicn018:31096 kafrck-vicn019:31097 kafrck-vicn020:31098 kafrck-vicn021:31099
2022-09-11 09:22,efesac-vicn106,DP,frontend intdev52 qa52,,,,kafrck-vicn017:31095 kafrck-vicn018:31096 kafrck-vicn019:31097 kafrck-vicn020:31098 kafrck-vicn021:31099
2022-09-11 09:22,efesac-vicn107,DP,frontend intdev53 qa53,,,,
2022-09-11 09:22,efesac-vicn108,DP,frontend intdev54 qa54,,,,kafrck-vicn017:31095 kafrck-vicn018:31096 kafrck-vicn019:31097 kafrck-vicn020:31098 kafrck-vicn021:31099
2022-09-11 09:22,efesac-vicn109,DP,frontend intdev55 qa55,,,,
2022-09-11 09:22,feedgen-dev-rk1v,OSS,dev dev1 oss-feedgen rk1,,,,kafrck-vccn010:31095 kafrck-vccn011:31096 kafrck-vccn012:31097 kafrck-vccn013:31098 kafrck-vccn014:31099
2022-09-11 09:22,feedgen-qa-rk1v,OSS,oss-feedgen qa qa1 rk1,,,,kafrck-vccn010:31095 kafrck-vccn011:31096 kafrck-vccn012:31097 kafrck-vccn013:31098 kafrck-vccn014:31099
2022-09-11 09:22,feedgen-uat-rk1v,OSS,oss-feedgen rk1 uat uat1,,,,kafrck-vccn010:31095 kafrck-vccn011:31096 kafrck-vccn012:31097 kafrck-vccn013:31098 kafrck-vccn014:31099
2022-09-11 09:22,fetrck-vicn001,,fetch int qa rk,,,,
2022-09-11 09:22,img-dev-rk1v,,dev image rk,,,,
2022-09-11 09:22,img-qa-rk1v,,image qa1 rk1,,,,
2022-09-11 09:22,img-qa1-rk2v,,image qa1 rk2,,,,
2022-09-11 09:22,imgqark1v,,image qa rk,,,,
2022-09-11 09:22,imgrck-vicn002,ContentProcessor,contentprocessor perf,,,,
2022-09-11 09:22,imgrck-vicn003,ContentProcessor,contentprocessor uat1,,,,
2022-09-11 09:22,imgrck-vicn004,ContentProcessor,contentprocessor qa2,,,,
2022-09-11 09:22,imgrck-vicn005,ContentProcessor,ca1 contentprocessor,,,,
2022-09-11 09:22,imgrck-vicn006,ContentProcessor,contentprocessor qa4,,,,
2022-09-11 09:22,imgrck-vicn007,ContentProcessor,contentprocessor qa5,,,,
2022-09-11 09:22,imgrck-vicn008,ContentProcessor,contentprocessor rgs2,,,,
2022-09-11 09:22,imgrck-vicn009,ContentProcessor,contentprocessor rgs3,,,,
2022-09-11 09:22,imgsac-vicn002,ContentProcessor,contentprocessor rgs,,,,
2022-09-11 09:22,imgsac-vicn003,ContentProcessor,contentprocessor qa7,,,,
2022-09-11 09:22,imgsac-vicn004,ContentProcessor,contentprocessor dev qa qa1,,,,
2022-09-11 09:22,intl-dev1-rk1v,,dev international intl q1,,,,
2022-09-11 09:22,intl-qa1-rk1v,,catalog int qa,,,,
2022-09-11 09:22,intrck-vdcn001,,dev dev1 poloader,,,,
2022-09-11 09:22,intrck-vicn001,,poloader qa qa1,,,,kafrck-vicn017:31090 kafrck-vicn018:31091 kafrck-vicn019:31092 kafrck-vicn020:31093 kafrck-vicn021:31094
2022-09-11 09:22,invadj-dev-rk1v,Invent-Adjustment,dev invent-adjustment,,,,kafrck-vicn017:31090 kafrck-vicn018:31091 kafrck-vicn019:31092 kafrck-vicn020:31093 kafrck-vicn021:31094
2022-09-11 09:22,invadj-qa1-rk1v,Invent-Adjustment,app invent-adjustment qa1,,,,kafrck-vicn017:31090 kafrck-vicn018:31091 kafrck-vicn019:31092 kafrck-vicn020:31093 kafrck-vicn021:31094
2022-09-11 09:22,invadj-qa2-rk1v,Invent-Adjustment,app invent-adjustment qa2,,,,kafrck-vicn017:31090 kafrck-vicn018:31091 kafrck-vicn019:31092 kafrck-vicn020:31093 kafrck-vicn021:31094
2022-09-11 09:22,invadj-uat-rk1v,Invent-Adjustment,app invent-adjustment uat,,,,kafrck-vicn017:31090 kafrck-vicn018:31091 kafrck-vicn019:31092 kafrck-vicn020:31093 kafrck-vicn021:31094
2022-09-11 09:22,locker-dev-rk2v-3,,admin qa security,,,,
2022-09-11 09:22,loyrck-vdcn001,Loyalty,dev dev1 loyalty rk1,,,,kafrck-vccn010:31095 kafrck-vccn011:31096 kafrck-vccn012:31097 kafrck-vccn013:31098 kafrck-vccn014:31099
2022-09-11 09:22,loyrck-vicn001,Loyalty,loyalty qa qa1 rk1,,,,kafrck-vccn010:31095 kafrck-vccn011:31096 kafrck-vccn012:31097 kafrck-vccn013:31098 kafrck-vccn014:31099
2022-09-11 09:22,loyrck-vicn002,Loyalty,loyalty qa qa1 rk2,,,,kafrck-vccn010:31095 kafrck-vccn011:31096 kafrck-vccn012:31097 kafrck-vccn013:31098 kafrck-vccn014:31099
2022-09-11 09:22,loyrck-vicn003,Loyalty,loyalty rk1 uat uat1,,,,kafrck-vicn017:31095 kafrck-vicn018:31096 kafrck-vicn019:31097 kafrck-vicn020:31098 kafrck-vicn021:31099
2022-09-11 09:22,loyrck-vicn004,Loyalty,loyalty rk2 uat uat1,,,,kafrck-vicn017:31095 kafrck-vicn018:31096 kafrck-vicn019:31097 kafrck-vicn020:31098 kafrck-vicn021:31099
2022-09-11 09:22,loyrck-vicn005,Loyalty,loyalty rk1 uat uat1,,,,kafrck-vicn017:31090 kafrck-vicn018:31091 kafrck-vicn019:31092 kafrck-vicn020:31093 kafrck-vicn021:31094
2022-09-11 09:22,loyrck-vicn006,Loyalty,loyalty qa qa1 rk1,,,,kafrck-vicn017:31090 kafrck-vicn018:31091 kafrck-vicn019:31092 kafrck-vicn020:31093 kafrck-vicn021:31094
2022-09-11 09:22,loyrck-vicn007,Loyalty,dev dev1 loyalty rk1,,,,kafrck-vicn017:31090 kafrck-vicn018:31091 kafrck-vicn019:31092 kafrck-vicn020:31093 kafrck-vicn021:31094
2022-09-11 09:22,loyrck-vicn008,Loyalty,loyalty rk2 uat uat1,,,,kafrck-vicn017:31090 kafrck-vicn018:31091 kafrck-vicn019:31092 kafrck-vicn020:31093 kafrck-vicn021:31094
2022-09-11 09:22,loyrck-vicn009,Loyalty,loyalty qa qa1 rk2,,,,kafrck-vicn017:31090 kafrck-vicn018:31091 kafrck-vicn019:31092 kafrck-vicn020:31093 kafrck-vicn021:31094
2022-09-11 09:22,ossrck-vdcn003,OSS,dev dev1 oss-search-orchestrator rk1,,,,kafrck-vccn010:31095 kafrck-vccn011:31096 kafrck-vccn012:31097 kafrck-vccn013:31098 kafrck-vccn014:31099
2022-09-11 09:22,ossrck-vicn007,OSS,ca-qa oss-feedgen rk1,,,,kafrck-vccn010:31095 kafrck-vccn011:31096 kafrck-vccn012:31097 kafrck-vccn013:31098 kafrck-vccn014:31099
2022-09-11 09:22,ossrck-vicn008,OSS,ca-qa oss-publisher oss-search-publisher rk1,,,,
2022-09-11 09:22,ossrck-vicn009,OSS,ca-qa oss-orchestrator oss-search-orchestrator rk1,,,,
2022-09-11 09:22,pradm-qa1-rk1v,PromoAdmin,el6 omsd2 pradm qa1,,,,kafrck-vccn010:31095 kafrck-vccn011:31096 kafrck-vccn012:31097 kafrck-vccn013:31098 kafrck-vccn014:31099
2022-09-11 09:22,pradm-qa2-rk1v,PromoAdmin,el6 omsd2 pradm qa2,,,,kafrck-vccn010:31095 kafrck-vccn011:31096 kafrck-vccn012:31097 kafrck-vccn013:31098 kafrck-vccn014:31099
2022-09-11 09:22,pradm-qa3-rk1v,PromoAdmin,el6 omsd2 pradm qa3,,,,kafrck-vccn010:31095 kafrck-vccn011:31096 kafrck-vccn012:31097 kafrck-vccn013:31098 kafrck-vccn014:31099
2022-09-11 09:22,pradm-qa4-rk1v,PromoAdmin,el6 omsd2 pradm qa4,,,,kafrck-vccn010:31095 kafrck-vccn011:31096 kafrck-vccn012:31097 kafrck-vccn013:31098 kafrck-vccn014:31099
2022-09-11 09:22,pradm-qa5-rk1v,PromoAdmin,el6 omsd2 pradm qa5,,,,kafrck-vccn010:31095 kafrck-vccn011:31096 kafrck-vccn012:31097 kafrck-vccn013:31098 kafrck-vccn014:31099
2022-09-11 09:22,pradm-qa6-rk1v,PromoAdmin,el6 omsd2 pradm qa6,,,,kafrck-vccn010:31095 kafrck-vccn011:31096 kafrck-vccn012:31097 kafrck-vccn013:31098 kafrck-vccn014:31099
2022-09-11 09:22,prarck-vicn006,PromoAdmin,el6 omsd2 pradm qa7,,,,kafrck-vicn017:31090 kafrck-vicn018:31091 kafrck-vicn019:31092 kafrck-vicn020:31093 kafrck-vicn021:31094
2022-09-11 09:22,prcrck-vicn004,Singleuse,d1 pricingsvc qa1 singleusesvc,,,,
2022-09-11 09:22,prcrck-vicn005,Singleuse,pricingsvc q1 qa2 singleusesvc,,,,
2022-09-11 09:22,prcrck-vicn006,Singleuse,m1.qa4 pricingsvc singleusesvc,,,,
2022-09-11 09:22,prcrck-vicn007,Singleuse,pricingsvc qa5 singleusesvc t1,,,,
2022-09-11 09:22,prcrck-vicn008,Pricing,el6 omsd2 pricing qa7,,filebeat.yml,kafrck-vicn017:31095 kafrck-vicn018:31096 kafrck-vicn019:31097 kafrck-vicn020:31098 kafrck-vicn021:31099,kafrck-vicn017:31095 kafrck-vicn018:31096 kafrck-vicn019:31097 kafrck-vicn020:31098 kafrck-vicn021:31099
2022-09-11 09:22,prcrck-vicn009,Pricing,el6 omsd2 pricing qa7,,filebeat.yml,kafrck-vicn017:31095 kafrck-vicn018:31096 kafrck-vicn019:31097 kafrck-vicn020:31098 kafrck-vicn021:31099,kafrck-vicn017:31095 kafrck-vicn018:31096 kafrck-vicn019:31097 kafrck-vicn020:31098 kafrck-vicn021:31099
2022-09-11 09:22,prcrck-vicn010,,,,,,
2022-09-11 09:22,prcrck-vicn011,Pricing,el6 omsd2 pricing qa1,,filebeat.yml,kafrck-vicn017:31090 kafrck-vicn018:31091 kafrck-vicn019:31092 kafrck-vicn020:31093 kafrck-vicn021:31094,kafrck-vicn017:31095 kafrck-vicn018:31096 kafrck-vicn019:31097 kafrck-vicn020:31098 kafrck-vicn021:31099
2022-09-11 09:22,prcrck-vicn012,Pricing,el6 omsd2 pricing qa2,,filebeat.yml,kafrck-vicn017:31090 kafrck-vicn018:31091 kafrck-vicn019:31092 kafrck-vicn020:31093 kafrck-vicn021:31094,kafrck-vicn017:31095 kafrck-vicn018:31096 kafrck-vicn019:31097 kafrck-vicn020:31098 kafrck-vicn021:31099
2022-09-11 09:22,prcrck-vicn013,Pricing,el6 omsd2 pricing qa3,,filebeat.yml,kafrck-vicn017:31090 kafrck-vicn018:31091 kafrck-vicn019:31092 kafrck-vicn020:31093 kafrck-vicn021:31094,kafrck-vicn017:31095 kafrck-vicn018:31096 kafrck-vicn019:31097 kafrck-vicn020:31098 kafrck-vicn021:31099
2022-09-11 09:22,prcrck-vicn014,Pricing,el6 omsd2 pricing qa4,,filebeat.yml,kafrck-vicn017:31090 kafrck-vicn018:31091 kafrck-vicn019:31092 kafrck-vicn020:31093 kafrck-vicn021:31094,kafrck-vicn017:31095 kafrck-vicn018:31096 kafrck-vicn019:31097 kafrck-vicn020:31098 kafrck-vicn021:31099
2022-09-11 09:22,prcrck-vicn015,Pricing,el6 omsd2 pricing qa5,,filebeat.yml,kafrck-vicn017:31090 kafrck-vicn018:31091 kafrck-vicn019:31092 kafrck-vicn020:31093 kafrck-vicn021:31094,kafrck-vicn017:31095 kafrck-vicn018:31096 kafrck-vicn019:31097 kafrck-vicn020:31098 kafrck-vicn021:31099
2022-09-11 09:22,prcrck-vicn016,Pricing,el6 omsd2 pricing qa6,,filebeat.yml,kafrck-vicn017:31095 kafrck-vicn018:31096 kafrck-vicn019:31097 kafrck-vicn020:31098 kafrck-vicn021:31099,kafrck-vicn017:31095 kafrck-vicn018:31096 kafrck-vicn019:31097 kafrck-vicn020:31098 kafrck-vicn021:31099
2022-09-11 09:22,prorck-vdcn001,Profile,dev dev1 profile rk1,,,,kafrck-vicn017:31090 kafrck-vicn018:31091 kafrck-vicn019:31092 kafrck-vicn020:31093 kafrck-vicn021:31094
2022-09-11 09:22,prorck-vicn001,Profile,profile rk1v uat uat1,,,,kafrck-vicn017:31095 kafrck-vicn018:31096 kafrck-vicn019:31097 kafrck-vicn020:31098 kafrck-vicn021:31099
2022-09-11 09:22,prorck-vicn002,Profile,profile rk1v uat uat1,,,,kafrck-vicn017:31095 kafrck-vicn018:31096 kafrck-vicn019:31097 kafrck-vicn020:31098 kafrck-vicn021:31099
2022-09-11 09:22,prorck-vicn003,Profile,profile qa qa1 rk1,,,,kafrck-vicn017:31095 kafrck-vicn018:31096 kafrck-vicn019:31097 kafrck-vicn020:31098 kafrck-vicn021:31099
2022-09-11 09:22,prorck-vicn004,Profile,profile rk1v uat uat1,,,,kafrck-vicn017:31095 kafrck-vicn018:31096 kafrck-vicn019:31097 kafrck-vicn020:31098 kafrck-vicn021:31099
2022-09-11 09:22,pubrck-vicn001,,el6 omsd2 publisher qa7,,,,kafrck-vicn017:31090 kafrck-vicn018:31091 kafrck-vicn019:31092 kafrck-vicn020:31093 kafrck-vicn021:31094
2022-09-11 09:22,pubrck-vicn002,,el6 omsd2 publisher qa1,,,,
2022-09-11 09:22,pubrck-vicn003,,el6 omsd2 publisher qa2,,,,kafrck-vccn010:31095 kafrck-vccn011:31096 kafrck-vccn012:31097 kafrck-vccn013:31098 kafrck-vccn014:31099
2022-09-11 09:22,pubrck-vicn004,,el6 omsd2 publisher qa3,,,,
2022-09-11 09:22,pubrck-vicn005,,el6 omsd2 publisher qa4,,,,kafrck-vccn010:31095 kafrck-vccn011:31096 kafrck-vccn012:31097 kafrck-vccn013:31098 kafrck-vccn014:31099
2022-09-11 09:22,pubrck-vicn006,,el6 omsd2 publisher qa5,,,,kafrck-vccn010:31095 kafrck-vccn011:31096 kafrck-vccn012:31097 kafrck-vccn013:31098 kafrck-vccn014:31099
2022-09-11 09:22,pubrck-vicn007,,el6 omsd2 publisher qa6,,,,kafrck-vccn010:31095 kafrck-vccn011:31096 kafrck-vccn012:31097 kafrck-vccn013:31098 kafrck-vccn014:31099
2022-09-11 09:22,regrck-vdcn003,Registry,dev1 fdn registry xbr,,,,
2022-09-11 09:22,regrck-vicn003,Registry,fdn qa1 registry xbr,,,,
2022-09-11 09:22,regrck-vicn004,Registry,fdn qa2 registry xbr,,,,
2022-09-11 09:22,regrck-vicn010,Registry,fdn registry uat1 xbr,,,,kafrck-vicn017:31095 kafrck-vicn018:31096 kafrck-vicn019:31097 kafrck-vicn020:31098 kafrck-vicn021:31099
2022-09-11 09:22,regrck-vicn011,Registry,fdn registry uat2 xbr,,,,kafrck-vicn017:31095 kafrck-vicn018:31096 kafrck-vicn019:31097 kafrck-vicn020:31098 kafrck-vicn021:31099
2022-09-11 09:22,regrck-vicn012,Registry,fdn registry uat1 xbr,,,,kafrck-vicn017:31095 kafrck-vicn018:31096 kafrck-vicn019:31097 kafrck-vicn020:31098 kafrck-vicn021:31099
2022-09-11 09:22,regrck-vicn013,Registry,fdn registry uat1 xbr,,,,kafrck-vicn017:31095 kafrck-vicn018:31096 kafrck-vicn019:31097 kafrck-vicn020:31098 kafrck-vicn021:31099
2022-09-11 09:22,rndrck-vdcn001,,rundeck,,,,
2022-09-11 09:22,sccext-dev-rk1v,SCC,dev sccext,,,,
2022-09-11 09:22,sccext-qa1-rk1v,SCC,qa1 sccext,,,,
2022-09-11 09:22,sccext-qa2-rk1v,SCC,qa2 sccext,,,,
2022-09-11 09:22,sccext-qa3-rk1v,SCC,qa3 sccext,,,,
2022-09-11 09:22,sccext-qa5-rk1v,SCC,qa5 sccext,,,,
2022-09-11 09:22,sccint-dev-rk1v,SCC,dev sccint,,,,
2022-09-11 09:22,sccint-qa2-rk1v,SCC,qa2 sccint,,,,
2022-09-11 09:22,sccint-qa3-rk1v,SCC,qa3 sccint,,,,
2022-09-11 09:22,sccint-qa5-rk1v,SCC,qa5 sccint,,,,
2022-09-11 09:22,sccrck-vicn001,SCC,qa1 sccext,,,,
2022-09-11 09:22,sccrck-vicn002,SCC,qa2 sccext,,,,
2022-09-11 09:22,sccrck-vicn003,SCC,qa3 sccext,,,,
2022-09-11 09:22,sccrck-vicn004,SCC,qa5 sccext,,,,
2022-09-11 09:22,sccrck-vicn005,SCC,dev sccext,,,,
2022-09-11 09:22,sccrck-vicn009,SCC,qa1 sccint,,,,
2022-09-11 09:22,sccrck-vicn010,SCC,qa2 sccint,,,,
2022-09-11 09:22,sccrck-vicn011,SCC,qa3 sccint,,,,
2022-09-11 09:22,sccrck-vicn012,SCC,dev qa5 sccint,,,,
2022-08-25 11:27,scm-prd-rk1v,,,,filebeat.yml,kafash-vccn010:31095 kafash-vccn011:31096 kafash-vccn012:31097 kafash-vccn013:31098 kafash-vccn014:31099,
2022-09-11 09:22,search-orchestrator-qa-rk1v,OSS,oss-orchestrator oss-search-orchestrator qa qa1 rk1,,,,
2022-09-11 09:22,search-orchestrator-uat-rk1v,OSS,oss-search-orchestrator rk1 uat uat1,,,,
2022-09-11 09:22,search-publisher-dev-rk1v,OSS,dev dev1 oss-search-publisher rk1,,,,kafrck-vccn010:31095 kafrck-vccn011:31096 kafrck-vccn012:31097 kafrck-vccn013:31098 kafrck-vccn014:31099
2022-09-11 09:22,search-publisher-qa-rk1v,OSS,oss-publisher oss-search-publisher qa qa1 rk1,,,,
2022-09-11 09:22,search-publisher-uat-rk1v,OSS,oss-publisher rk1 uat uat1,,,,
2022-09-11 09:22,sndrck-vdcn002,,sandbox2,,,,
2022-09-11 09:22,sndrck-vdcn003,,sandbox3,,,,
2022-09-11 09:22,sndrck-vdcn004,,dse jukebox sandbox4,,,,
2022-09-11 09:22,tlsrck-vdcn005,CRE,create-release-artifact toolchain,,,,
2022-09-11 09:22,tsrrck-vicn001,,qa testrail,,,,
2022-09-11 09:22,venrck-vicn001,,app d1 gizmotron-qa1 invent none qa,,,,
2022-09-11 09:22,verrck-vdcn001,Vertex,dev dev1 o-series vertex,,filebeat.yml,kafrck-vicn017:31090 kafrck-vicn018:31091 kafrck-vicn019:31092 kafrck-vicn020:31093 kafrck-vicn021:31094,
2022-09-11 09:22,verrck-vdcn006,Vertex,dev dev1 o-series9 vertex,,,,
2022-09-11 09:22,verrck-vdcn007,Vertex,dev dev2 o-series9 vertex,,,,
2022-09-11 09:22,verrck-vicn001,Vertex,qa1 taxlink test1 vertex,,filebeat.yml,kafrck-vicn017:31090 kafrck-vicn018:31091 kafrck-vicn019:31092 kafrck-vicn020:31093 kafrck-vicn021:31094,
2022-09-11 09:22,verrck-vicn002,Vertex,qa2 taxlink test2 vertex,,filebeat.yml,kafrck-vicn017:31090 kafrck-vicn018:31091 kafrck-vicn019:31092 kafrck-vicn020:31093 kafrck-vicn021:31094,
2022-09-11 09:22,verrck-vicn003,Vertex,o-series qa1 test1 vertex,,filebeat.yml,kafrck-vicn017:31090 kafrck-vicn018:31091 kafrck-vicn019:31092 kafrck-vicn020:31093 kafrck-vicn021:31094,
2022-09-11 09:22,verrck-vicn004,Vertex,o-series qa2 test2 vertex,,filebeat.yml,kafrck-vicn017:31090 kafrck-vicn018:31091 kafrck-vicn019:31092 kafrck-vicn020:31093 kafrck-vicn021:31094,
2022-09-11 09:22,verrck-vicn007,Vertex,o-series9 qa1 test test1 vertex,,,,
2022-09-11 09:22,verrck-vicn008,Vertex,o-series9 qa2 test test2 vertex,,,,
2022-09-11 09:22,wahrck-vdcn001,Oauth,dev oauth rk1v webauth,,,,kafrck-vicn017:31090 kafrck-vicn018:31091 kafrck-vicn019:31092 kafrck-vicn020:31093 kafrck-vicn021:31094
2022-09-11 09:22,wahrck-vicn001,Oauth,oauth rk2v uat webauth,,,,kafrck-vicn017:31095 kafrck-vicn018:31096 kafrck-vicn019:31097 kafrck-vicn020:31098 kafrck-vicn021:31099
2022-09-11 09:22,wahrck-vicn002,Oauth,oauth rk3v uat webauth,,,,kafrck-vicn017:31095 kafrck-vicn018:31096 kafrck-vicn019:31097 kafrck-vicn020:31098 kafrck-vicn021:31099
2022-09-11 09:22,wahrck-vicn003,Oauth,oauth qa rk1v webauth,,,,kafrck-vicn017:31090 kafrck-vicn018:31091 kafrck-vicn019:31092 kafrck-vicn020:31093 kafrck-vicn021:31094
2022-09-11 09:22,wahrck-vicn004,Oauth,oauth rk1v uat webauth,,,,kafrck-vicn017:31090 kafrck-vicn018:31091 kafrck-vicn019:31092 kafrck-vicn020:31093 kafrck-vicn021:31094
2022-09-11 09:22,wahrck-vicn005,Oauth,oauth qa rk2v webauth,,,,kafrck-vicn017:31095 kafrck-vicn018:31096 kafrck-vicn019:31097 kafrck-vicn020:31098 kafrck-vicn021:31099
2022-09-11 09:22,wahrck-vicn006,Oauth,oauth qa rk2v webauth,,,,kafrck-vicn017:31095 kafrck-vicn018:31096 kafrck-vicn019:31097 kafrck-vicn020:31098 kafrck-vicn021:31099
2022-09-11 09:22,wcmrck-vicn007,DP,frontend uat7 uat7-,,,,kafrck-vicn017:31095 kafrck-vicn018:31096 kafrck-vicn019:31097 kafrck-vicn020:31098 kafrck-vicn021:31099
2022-09-11 09:22,wcmrck-vicn008,DP,frontend uat7 uat7-,,,,kafrck-vicn017:31095 kafrck-vicn018:31096 kafrck-vicn019:31097 kafrck-vicn020:31098 kafrck-vicn021:31099
2022-09-11 09:22,wcmsac-vdcn001,ContentProcessor,contentprocessor rgs2,,,,
2022-09-11 09:22,webgmtp1,,can dbrefresh,,filebeat.yml,null,
2022-09-11 09:22,webqark1p,,dbrefresh,,,,
2022-09-11 09:22,webqark2p,,dbrefresh,,,,
2022-09-11 09:22,webrck-vicn001,ContentProcessor,contentprocessor uat2,,,,
2022-09-11 09:22,xcadm-qa1-rk1v,AdminTool,qa qa1 xcadm,,,,
2022-09-11 09:22,xcarck-vdcn001,ESRE Portal,esre portal qa1 rk,,filebeat.yml,elkrck-vccn009:5044 elkrck-vccn010:5044 elkrck-vccn011:5044,
2022-09-11 09:22,xcarck-vdcn002,ESRE Portal,esre portal qa1 rk,,filebeat.yml,elkrck-vccn009:5044 elkrck-vccn010:5044 elkrck-vccn011:5044,
2022-09-11 09:22,xcarck-vdcn003,ESRE Portal,esre portal qa1 rk,,filebeat.yml,elkrck-vccn009:5044 elkrck-vccn010:5044 elkrck-vccn011:5044,
