Date, Host,App,RunDeck Tags,WSI Package,Config File,Filebeat Kafka Hosts,Log4j Kafka Hosts
2022-09-11 09:22,aemash-vccn001,AEM,aem prdash,wsgc-devops-edam-prd-we-primary-config-2.0.22,edam.yml filebeat1.yml edam.yml,kafrck-vccn010:31090 kafrck-vccn011:31091 kafrck-vccn012:31092 kafrck-vccn013:31093 kafrck-vccn014:31094 kafash-vccn010:31090 kafash-vccn011:31091 kafash-vccn012:31092 kafash-vccn013:31093 kafash-vccn014:31094,kafrck-vccn010:31090 kafrck-vccn011:31091 kafrck-vccn012:31092 kafrck-vccn013:31093 kafrck-vccn014:31094 kafash-vccn010:31090 kafash-vccn011:31091 kafash-vccn012:31092 kafash-vccn013:31093 kafash-vccn014:31094
2022-09-11 09:22,aemash-vccn002,AEM,aem prdash,wsgc-devops-edam-prd-we-primary-config-2.0.12,edam.yml edam.yml,kafrck-vccn010:31090 kafrck-vccn011:31091 kafrck-vccn012:31092 kafrck-vccn013:31093 kafrck-vccn014:31094 kafash-vccn010:31090 kafash-vccn011:31091 kafash-vccn012:31092 kafash-vccn013:31093 kafash-vccn014:31094,kafrck-vccn010:31090 kafrck-vccn011:31091 kafrck-vccn012:31092 kafrck-vccn013:31093 kafrck-vccn014:31094 kafash-vccn010:31090 kafash-vccn011:31091 kafash-vccn012:31092 kafash-vccn013:31093 kafash-vccn014:31094
2022-09-11 09:22,aemash-vicn001,AEM,aem ash east edam edam-uat-ab1v nonprd primary- uat uat1,wsgc-devops-edam-uat-we-primary-config-2.0,edam.yml edam.yml,kafrck-vicn017:31090 kafrck-vicn018:31091 kafrck-vicn019:31092 kafrck-vicn020:31093 kafrck-vicn021:31094,kafrck-vicn017:31090 kafrck-vicn018:31091 kafrck-vicn019:31092 kafrck-vicn020:31093 kafrck-vicn021:31094
2022-09-11 09:22,aemash-vicn006,AEM,aem ash east edam edam-perf-ab1v nonprd perf perf1 performance primary-,wsgc-devops-edam-perf-we-primary-config-2.0,edam.yml edam.yml,kafrck-vicn017:31090 kafrck-vicn018:31091 kafrck-vicn019:31092 kafrck-vicn020:31093 kafrck-vicn021:31094,kafrck-vicn017:31090 kafrck-vicn018:31091 kafrck-vicn019:31092 kafrck-vicn020:31093 kafrck-vicn021:31094
2022-09-11 09:22,aemrck-vdcn001,AEM,aem dev dev1 east edam edam-dev-rk1v nonprd primary- rck,wsgc-devops-edam-dev-we-primary-config-2.0,edam.yml edam.yml,kafrck-vicn017:31090 kafrck-vicn018:31091 kafrck-vicn019:31092 kafrck-vicn020:31093 kafrck-vicn021:31094,kafrck-vicn017:31090 kafrck-vicn018:31091 kafrck-vicn019:31092 kafrck-vicn020:31093 kafrck-vicn021:31094
2022-09-11 09:22,aemrck-vdcn002,AEM,aem dev dev2 edam edam-dev-rk2v nonprd primary- rck west,wsgc-devops-edam-dev-west-primary-config-2.0,edam.yml edam.yml,kafrck-vicn017:31090 kafrck-vicn018:31091 kafrck-vicn019:31092 kafrck-vicn020:31093 kafrck-vicn021:31094,kafrck-vicn017:31090 kafrck-vicn018:31091 kafrck-vicn019:31092 kafrck-vicn020:31093 kafrck-vicn021:31094
2022-09-11 09:22,aemrck-vdcn003,CMA,-recipe aem author cma dev,wsgc-devops-cma-dev-ws-author-config-2.0,cma.yml cma.yml,null,kafrck-vicn017:31090 kafrck-vicn018:31091 kafrck-vicn019:31092 kafrck-vicn020:31093 kafrck-vicn021:31094
2022-09-11 09:22,aemrck-vdcn004,CMA,-recipe aem cma dev publish,wsgc-devops-cma-dev-ws-publish-config-2.0,cma.yml cma.yml,null,kafrck-vicn017:31090 kafrck-vicn018:31091 kafrck-vicn019:31092 kafrck-vicn020:31093 kafrck-vicn021:31094
2022-09-11 09:22,aemrck-vdcn005,CMA,aem author cma cma-service qa2,wsgc-devops-cma-dev-ws-publish-config-2.0,,,
2022-09-11 09:22,aemrck-vdcn006,CMA,aem cma cma-service publisher qa2,wsgc-devops-cma-dev-ws-publish-config-2.0,,,
2022-09-11 09:22,aemrck-vdcn007,CMA,aem author cma cma-service uat2,wsgc-devops-cma-dev-ws-publish-config-2.0,,,
2022-09-07 06:12,aemrck-vdcn008,CMA,aem cma cma-service publisher uat2,wsgc-devops-cma-dev-ws-publish-config-2.0,,,
2022-09-11 09:22,aemrck-vdcn009,,edam-dev-rk1v-osm,wsgc-devops-edam-dev-we-primary-config-osm-ci,edam.yml edam.yml,kafrck-vicn017:31090 kafrck-vicn018:31091 kafrck-vicn019:31092 kafrck-vicn020:31093 kafrck-vicn021:31094,kafrck-vicn017:31090 kafrck-vicn018:31091 kafrck-vicn019:31092 kafrck-vicn020:31093 kafrck-vicn021:31094
2022-09-11 09:22,aemrck-vicn001,AEM,aem east edam edam-qa-rk1v nonprd primary- qa qa1 rck,wsgc-devops-edam-qa-we-primary-config-2.0,edam.yml edam.yml,kafrck-vicn017:31090 kafrck-vicn018:31091 kafrck-vicn019:31092 kafrck-vicn020:31093 kafrck-vicn021:31094,kafrck-vicn017:31090 kafrck-vicn018:31091 kafrck-vicn019:31092 kafrck-vicn020:31093 kafrck-vicn021:31094
2022-09-11 09:22,aemrck-vicn002,AEM,aem edam edam-qa-rk2v nonprd primary- qa qa2 rck west,wsgc-devops-edam-qa-west-primary-config-2.0,edam.yml edam.yml,kafrck-vicn017:31090 kafrck-vicn018:31091 kafrck-vicn019:31092 kafrck-vicn020:31093 kafrck-vicn021:31094,kafrck-vicn017:31090 kafrck-vicn018:31091 kafrck-vicn019:31092 kafrck-vicn020:31093 kafrck-vicn021:31094
2022-09-11 09:22,aemrck-vicn003,AEM,aem east edam edam-rgs-rk1v nonprd primary- rck regression rgs rgs1,wsgc-devops-edam-rgs-we-primary-config-2.0,edam.yml edam.yml,kafrck-vicn017:31090 kafrck-vicn018:31091 kafrck-vicn019:31092 kafrck-vicn020:31093 kafrck-vicn021:31094,kafrck-vicn017:31090 kafrck-vicn018:31091 kafrck-vicn019:31092 kafrck-vicn020:31093 kafrck-vicn021:31094
2022-09-11 09:22,aemrck-vicn004,AEM,aem edam edam-rgs-rk2v nonprd primary- rck regression rgs rgs2 west,wsgc-devops-edam-rgs-west-primary-config-2.0,edam.yml edam.yml,kafrck-vicn017:31090 kafrck-vicn018:31091 kafrck-vicn019:31092 kafrck-vicn020:31093 kafrck-vicn021:31094,kafrck-vicn017:31090 kafrck-vicn018:31091 kafrck-vicn019:31092 kafrck-vicn020:31093 kafrck-vicn021:31094
2022-09-11 09:22,aemrck-vicn005,AEM,-recipe aem author qa,wsgc-devops-cma-qa-ws-author-config-2.0,cma.yml cma.yml,null,kafrck-vicn017:31090 kafrck-vicn018:31091 kafrck-vicn019:31092 kafrck-vicn020:31093 kafrck-vicn021:31094
2022-09-11 09:22,aemrck-vicn006,AEM,-recipe aem publish qa,wsgc-devops-cma-qa-ws-publisher-config-2.0,cma.yml cma.yml,null,kafrck-vicn017:31090 kafrck-vicn018:31091 kafrck-vicn019:31092 kafrck-vicn020:31093 kafrck-vicn021:31094
2022-09-11 09:22,aemrck-vicn007,CMA,-recipe aem author cma uat,wsgc-devops-cma-uat-ws-author-config-2.0,cma.yml cma.yml,null,kafrck-vicn017:31090 kafrck-vicn018:31091 kafrck-vicn019:31092 kafrck-vicn020:31093 kafrck-vicn021:31094
2022-09-11 09:22,aemrck-vicn008,CMA,-recipe aem cma publish uat,wsgc-devops-cma-uat-ws-publisher-config-2.0,cma.yml cma.yml,null,kafrck-vicn017:31090 kafrck-vicn018:31091 kafrck-vicn019:31092 kafrck-vicn020:31093 kafrck-vicn021:31094
2022-09-11 09:22,aemrck-vicn009,WCM,qa5 wcm,wsgc-devops-cma-uat-ws-publisher-config-2.0,,,
2022-09-11 09:22,aemrck-vicn011,WCM,qa7 wcm,wsgc-devops-cma-uat-ws-publisher-config-2.0,,,
2022-09-11 09:22,aemrck-vicn012,WCM,rgs1 wcm,wsgc-devops-cma-uat-ws-publisher-config-2.0,,,
2022-09-11 09:22,aemrck-vicn013,WCM,rgs2 wcm,wsgc-devops-cma-uat-ws-publisher-config-2.0,,,
2022-09-11 09:22,aemsac-vicn001,AEM,aem edam edam-uat-sac1v nonprd primary- sac uat uat2 west,wsgc-devops-edam-uat-west-primary-config-2.0,edam.yml edam.yml,kafrck-vicn017:31090 kafrck-vicn018:31091 kafrck-vicn019:31092 kafrck-vicn020:31093 kafrck-vicn021:31094,kafrck-vicn017:31090 kafrck-vicn018:31091 kafrck-vicn019:31092 kafrck-vicn020:31093 kafrck-vicn021:31094
2022-09-11 09:22,aemsac-vicn002,AEM,aem edam edam-perf-sac1v nonprd perf perf2 performance primary- sac west,wsgc-devops-edam-perf-west-primary-config-2.0,edam.yml edam.yml,kafrck-vicn017:31095 kafrck-vicn018:31096 kafrck-vicn019:31097 kafrck-vicn020:31098 kafrck-vicn021:31099,kafrck-vicn017:31090 kafrck-vicn018:31091 kafrck-vicn019:31092 kafrck-vicn020:31093 kafrck-vicn021:31094
2022-09-11 09:22,aesrck-vicn001,,aes dev,wsgc-devops-aes-perf-pb-config-1.0,aes.yml aes.yml,- kafrck-vicn017:31095kafrck-vicn018:31096kafrck-vicn019:31097kafrck-vicn020:31098kafrck-vicn021:31099,kafrck-vicn017:31095 kafrck-vicn018:31096 kafrck-vicn019:31097 kafrck-vicn020:31098 kafrck-vicn021:31099
2022-09-11 09:22,aesrck-vicn002,,aes perf,wsgc-devops-aes-perf-pb-config-1.0,aes.yml aes.yml,- kafrck-vicn017:31095kafrck-vicn018:31096kafrck-vicn019:31097kafrck-vicn020:31098kafrck-vicn021:31099,kafrck-vicn017:31095 kafrck-vicn018:31096 kafrck-vicn019:31097 kafrck-vicn020:31098 kafrck-vicn021:31099
2022-09-11 09:22,aesrck-vicn009,,aes ca-perf,wsgc-devops-aes-ca-perf-pb-config-1.0,aes.yml aes.yml,- kafrck-vicn017:31090kafrck-vicn018:31091kafrck-vicn019:31092kafrck-vicn020:31093kafrck-vicn021:31094,kafrck-vicn017:31090 kafrck-vicn018:31091 kafrck-vicn019:31092 kafrck-vicn020:31093 kafrck-vicn021:31094
2022-09-11 09:22,aesrck-vicn010,,aes rgs2,wsgc-devops-aes-rgs2-pb-config-1.0,aes.yml aes.yml,- kafrck-vicn017:31090kafrck-vicn018:31091kafrck-vicn019:31092kafrck-vicn020:31093kafrck-vicn021:31094,kafrck-vicn017:31090 kafrck-vicn018:31091 kafrck-vicn019:31092 kafrck-vicn020:31093 kafrck-vicn021:31094
2022-09-11 09:22,aesrck-vicn011,,aes ca-rgs2,wsgc-devops-aes-ca-rgs2-pb-config-1.0,aes.yml aes.yml,- kafrck-vicn017:31090kafrck-vicn018:31091kafrck-vicn019:31092kafrck-vicn020:31093kafrck-vicn021:31094,kafrck-vicn017:31090 kafrck-vicn018:31091 kafrck-vicn019:31092 kafrck-vicn020:31093 kafrck-vicn021:31094
2022-09-11 09:22,aesrck-vicn012,,aes uat,wsgc-devops-aes-uat-pb-config-1.0,aes.yml aes.yml,- kafrck-vicn017:31095kafrck-vicn018:31096kafrck-vicn019:31097kafrck-vicn020:31098kafrck-vicn021:31099,kafrck-vicn017:31095 kafrck-vicn018:31096 kafrck-vicn019:31097 kafrck-vicn020:31098 kafrck-vicn021:31099
2022-09-11 09:22,aesrck-vicn013,,aes ca-uat,wsgc-devops-aes-ca-uat-pb-config-1.0,aes.yml aes.yml,- kafrck-vicn017:31095kafrck-vicn018:31096kafrck-vicn019:31097kafrck-vicn020:31098kafrck-vicn021:31099,kafrck-vicn017:31095 kafrck-vicn018:31096 kafrck-vicn019:31097 kafrck-vicn020:31098 kafrck-vicn021:31099
2022-09-11 09:22,artrck-vdcn002,WCM,dev dev2 locker qa wcm-scripts,,,,
2022-09-11 09:22,bgb-uat1-rk1v,ECM Agent,bgb-service buildsystem ecmagent ecmagent-bgb toolchain uat1,,,,
2022-09-11 09:22,bgbrck-vicn005,ECM Agent,ecmagent ecmagent-bgb ecmagent-imgproc ecmagent-svc rgs1,,,,
2022-09-11 09:22,bgbrck-vicn006,ECM Agent,ca-rgs1 ecmagent ecmagent-bgb ecmagent-imgproc ecmagent-svc,,,,
2022-09-11 09:22,bgbrck-vicn007,ECM Agent,ecmagent ecmagent-bgb ecmagent-svc perf1,,,,
2022-09-11 09:22,bgbrck-vicn008,ECM Agent,ca-perf1 ecmagent ecmagent-bgb ecmagent-svc,,,,
2022-09-11 09:22,bgbsac-vicn002,ECM Agent,ca-uat1 ecmagent ecmagent-bgb ecmagent-imgproc ecmagent-svc,,,,
2022-09-11 09:22,ecmagentintrk1v,ECM Agent,ecmagent ecmagent-bgb ecmagent-svc int,,filebeat.yml,null,
2022-09-11 09:22,ecmrck-vicn001,ECM Agent,ecmagent ecmagent-bgb ecmagent-imgproc ecmagent-svc uat1,,,,
2022-09-11 09:22,ecmrck-vicn011,ECM,ca1 ecm ecm-publish ecmpub publish,,,,
2022-09-11 09:22,ecmrck-vicn014,ECM,ca1 ecm ecm-publish ecmpub publish,,,,
2022-09-11 09:22,ecmrck-vicn015,ECM,ca1 ecm ecm-publish ecmpub publish,,,,
2022-09-11 09:22,ecmrck-vicn016,CMA,author ca1 ecm ecm-author ecmauth,,,,
2022-09-11 09:22,ecmrck-vicn017,ECM Agent,ecm1 ecmagent ecmagent-bgb ecmagent-imgproc ecmagent-svc qa1,,,,
2022-09-11 09:22,ecmrck-vicn019,CMA,author ca1 ecm ecm-author ecmauth,,,,
2022-09-11 09:22,ecmrck-vicn020,CMA,author ca1 ecm ecm-author ecmauth,,,,
2022-09-11 09:22,ecmrck-vicn023,CMA,author ecm ecm-author ecmauth uat uat1,,,,
2022-09-11 09:22,ecmrck-vicn024,ECM,ecm ecm-publish ecmpub publish uat uat1,,,,
2022-09-11 09:22,ecmrck-vicn029,CMA,author ecm ecm-author ecmauth uat uat1,,,,
2022-09-11 09:22,ecmrck-vicn030,ECM,ecm ecm-publish ecmpub publish uat uat1,,,,
2022-09-11 09:22,ecmrck-vicn031,CMA,author ecm ecm-author ecmauth uat uat1,,,,
2022-09-11 09:22,ecmrck-vicn032,ECM,ecm ecm-publish ecmpub publish uat uat1,,,,
2022-09-11 09:22,ecmrck-vicn033,ECM Agent,ecmagent ecmagent-bgb ecmagent-imgproc ecmagent-svc qa2,,,,
2022-09-11 09:22,ecmrck-vicn034,ECM Agent,ca-qa1 ecmagent ecmagent-bgb ecmagent-imgproc ecmagent-svc,,,,
2022-09-11 09:22,ecmrck-vicn035,ECM Agent,ca-qa2 ecmagent ecmagent-bgb ecmagent-imgproc ecmagent-svc,,,,
2022-09-11 09:22,ecmrck-vicn037,CMA,author ecm ecm-author ecmauth rgs,,,,
2022-09-11 09:22,ecmrck-vicn040,CMA,author ecm ecm-author ecmauth rgs,,,,
2022-09-11 09:22,ecmrck-vicn041,CMA,author ecm ecm-author ecmauth rgs,,,,
2022-09-11 09:22,ecmrck-vicn043,ECM,ecm ecm-publish ecmpub publish rgs,,,,
2022-09-11 09:22,ecmrck-vicn046,ECM,ecm ecm-publish ecmpub publish rgs,,,,
2022-09-11 09:22,ecmrck-vicn047,ECM,ecm ecm-publish ecmpub publish rgs,,,,
2022-09-11 09:22,ecmrck-vicn049,CMA,author ecm ecm-author ecmauth perf,,,,
2022-09-11 09:22,ecmrck-vicn052,CMA,author ecm ecm-author ecmauth perf,,,,
2022-09-11 09:22,ecmrck-vicn053,CMA,author ecm ecm-author ecmauth perf,,,,
2022-09-11 09:22,ecmrck-vicn055,ECM,ecm ecm-publish ecmpub perf publish,,,,
2022-09-11 09:22,ecmrck-vicn058,ECM,ecm ecm-publish ecmpub perf publish,,,,
2022-09-11 09:22,ecmrck-vicn059,ECM,ecm ecm-publish ecmpub perf publish,,,,
2022-09-11 09:22,ecmrck-vicn060,ECM Agent,dev ecmagent ecmagent-bgb ecmagent-imgproc ecmagent-svc none qa3,,filebeat.yml,null,
2022-09-11 09:22,ecmrck-vicn061,ECM Agent,ca-qa3 ecmagent ecmagent-bgb ecmagent-imgproc ecmagent-svc,,,,kafrck-vccn010:31095 kafrck-vccn011:31096 kafrck-vccn012:31097 kafrck-vccn013:31098 kafrck-vccn014:31099
2022-09-11 09:22,ecmrck-vicn062,ECM Agent,ecmagent ecmagent-bgb ecmagent-svc staging,,,,
2022-09-11 09:22,ecmrck-vicn063,ECM Agent,ca-staging ecmagent ecmagent-bgb ecmagent-svc,,,,
2022-09-11 09:22,ecmsac-vicn003,CMA,author ecm ecm-author ecmauth qa qa1,,,,
2022-09-11 09:22,ecmsac-vicn004,ECM,ecm ecm-publish ecmpub publish qa qa1,,,,
2022-09-11 09:22,ecmsac-vicn009,CMA,author ecm ecm-author ecmauth qa qa1,,,,
2022-09-11 09:22,ecmsac-vicn010,ECM,ecm ecm-publish ecmpub publish qa qa1,,,,
2022-09-11 09:22,ecmsac-vicn011,CMA,author ecm ecm-author ecmauth qa qa1,,,,
2022-09-11 09:22,ecmsac-vicn012,ECM,ecm ecm-publish ecmpub publish qa qa1,,,,
2022-09-11 09:22,wcmrck-vicn001,WCM,perf wcm,,,,
2022-09-11 09:22,wcmrck-vicn002,WCM,uat2 wcm,,,,
2022-09-11 09:22,wcmrck-vicn003,WCM,uat1 wcm,,,,
2022-09-11 09:22,wcmrck-vicn004,WCM,perf wcm,,,,
2022-09-11 09:22,wcmrck-vicn005,WCM,perf wcm,,,,
2022-09-11 09:22,wcmrck-vicn006,WCM,qa1 wcm,,,,
2022-09-11 09:22,wcmrck-vicn010,WCM,qa2 wcm,,,,
2022-09-11 09:22,wcmrck-vicn011,WCM,qa2 wcm,,,,
2022-09-11 09:22,wcmrck-vicn012,WCM,qa2 wcm,,,,
2022-09-11 09:22,wcmrck-vicn013,WCM,qa2 wcm,,,,
2022-09-11 09:22,wcmrck-vicn014,WCM,qa2 wcm,,,,
2022-09-11 09:22,wcmrck-vicn015,WCM,qa2 wcm,,,,
2022-09-11 09:22,wcmrck-vicn016,WCM,rgs1 wcm,,,,
2022-09-11 09:22,wcmrck-vicn017,WCM,rgs1 wcm,,,,
2022-09-11 09:22,wcmrck-vicn018,WCM,rgs1 wcm,,,,
2022-09-11 09:22,wcmrck-vicn019,WCM,rgs1 wcm,,,,
2022-09-11 09:22,wcmrck-vicn020,WCM,perf wcm,,filebeat.yml,null,
2022-09-11 09:22,wcmrck-vicn021,WCM,perf wcm,,filebeat.yml,kafrck-vicn017:31090 kafrck-vicn018:31091 kafrck-vicn019:31092 kafrck-vicn020:31093 kafrck-vicn021:31094,
2022-09-11 09:22,wcmrck-vicn022,WCM,perf wcm,,filebeat.yml,kafrck-vicn017:31090 kafrck-vicn018:31091 kafrck-vicn019:31092 kafrck-vicn020:31093 kafrck-vicn021:31094,
2022-09-11 09:22,wcmrck-vicn023,WCM,rgs1 wcm,,,,
2022-09-11 09:22,wcmrck-vicn024,WCM,rgs1 wcm,,,,
2022-09-11 09:22,wcmrck-vicn025,WCM,qa4 wcm,,,,
2022-09-11 09:22,wcmrck-vicn026,WCM,qa4 wcm,,,,
2022-09-11 09:22,wcmrck-vicn027,WCM,qa4 wcm,,,,
2022-09-11 09:22,wcmrck-vicn028,WCM,qa4 wcm,,,,
2022-09-11 09:22,wcmrck-vicn029,WCM,qa4 wcm,,,,
2022-09-11 09:22,wcmrck-vicn030,WCM,qa4 wcm,,,,
2022-09-11 09:22,wcmrck-vicn031,WCM,ca1 wcm,,filebeat.yml,kafrck-vicn017:31090 kafrck-vicn018:31091 kafrck-vicn019:31092 kafrck-vicn020:31093 kafrck-vicn021:31094,
2022-09-11 09:22,wcmrck-vicn032,WCM,ca1 wcm,,filebeat.yml,kafrck-vicn017:31090 kafrck-vicn018:31091 kafrck-vicn019:31092 kafrck-vicn020:31093 kafrck-vicn021:31094,
2022-09-11 09:22,wcmrck-vicn033,WCM,ca1 wcm,,filebeat.yml,kafrck-vicn017:31090 kafrck-vicn018:31091 kafrck-vicn019:31092 kafrck-vicn020:31093 kafrck-vicn021:31094,
2022-09-11 09:22,wcmrck-vicn034,WCM,perf wcm,,filebeat.yml,kafrck-vicn017:31090 kafrck-vicn018:31091 kafrck-vicn019:31092 kafrck-vicn020:31093 kafrck-vicn021:31094,
2022-09-11 09:22,wcmrck-vicn035,WCM,qa1 wcm,,,,
2022-09-11 09:22,wcmrck-vicn036,WCM,ca1 wcm,,filebeat.yml,kafrck-vicn017:31090 kafrck-vicn018:31091 kafrck-vicn019:31092 kafrck-vicn020:31093 kafrck-vicn021:31094,
2022-09-11 09:22,wcmrck-vicn037,WCM,qa5 wcm,,,,
2022-09-11 09:22,wcmrck-vicn038,WCM,qa5 wcm,,,,
2022-09-11 09:22,wcmrck-vicn039,WCM,qa5 wcm,,,,
2022-09-11 09:22,wcmrck-vicn040,WCM,qa5 wcm,,,,
2022-09-11 09:22,wcmrck-vicn041,WCM,qa5 wcm,,,,
2022-09-11 09:22,wcmrck-vicn042,WCM,qa5 wcm,,,,
2022-09-11 09:22,wcmrck-vicn043,WCM,qa1 wcm,,,,
2022-09-11 09:22,wcmrck-vicn044,WCM,qa1 wcm,,,,
2022-09-11 09:22,wcmrck-vicn045,WCM,qa1 wcm,,,,
2022-09-11 09:22,wcmrck-vicn046,WCM,qa1 wcm,,,,
2022-09-11 09:22,wcmrck-vicn056,WCM,uat uat1 wcm,,,,
2022-09-11 09:22,wcmrck-vicn059,WCM,uat uat1 wcm,,,,
2022-09-11 09:22,wcmrck-vicn060,WCM,uat uat1 wcm,,,,
2022-09-11 09:22,wcmrck-vicn061,WCM,uat2 wcm,,,,
2022-09-11 09:22,wcmrck-vicn062,WCM,uat uat1 wcm,,,,
2022-09-11 09:22,wcmrck-vicn063,WCM,uat uat1 wcm,,,,
2022-09-11 09:22,wcmrck-vicn064,WCM,uat uat1 wcm,,,,
2022-09-11 09:22,wcmrck-vicn065,WCM,uat2 wcm,,,,
2022-09-11 09:22,wcmrck-vicn066,WCM,uat2 wcm,,,,
2022-09-11 09:22,wcmrck-vicn067,WCM,uat2 wcm,,,,
2022-09-11 09:22,wcmrck-vicn068,WCM,uat2 wcm,,,,
2022-09-11 09:22,wcmrck-vicn072,WCM,uat2 wcm,,,,
2022-09-11 09:22,wcmsac-vicn001,WCM,qa7 wcm,,,,
2022-09-11 09:22,wcmsac-vicn002,WCM,qa7 wcm,,,,
2022-09-11 09:22,wcmsac-vicn003,WCM,qa7 wcm,,,,
2022-09-11 09:22,wcmsac-vicn004,WCM,qa7 wcm,,,,
2022-09-11 09:22,wcmsac-vicn005,WCM,qa7 wcm,,,,
2022-09-11 09:22,wcmsac-vicn006,WCM,qa7 wcm,,,,
2022-09-11 09:22,wcmsac-vicn013,WCM,cargs2 rgs2 wcm,,filebeat.yml,kafrck-vicn017:31090 kafrck-vicn018:31091 kafrck-vicn019:31092 kafrck-vicn020:31093 kafrck-vicn021:31094,
2022-09-11 09:22,wcmsac-vicn014,WCM,rgs3 wcm,,,,
2022-09-11 09:22,wcmsac-vicn015,WCM,cargs2 rgs2 wcm,,filebeat.yml,kafrck-vicn017:31090 kafrck-vicn018:31091 kafrck-vicn019:31092 kafrck-vicn020:31093 kafrck-vicn021:31094,
2022-09-11 09:22,wcmsac-vicn016,WCM,rgs3 wcm,,,,
2022-09-11 09:22,wcmsac-vicn017,WCM,rgs2 wcm,,filebeat.yml,kafrck-vicn017:31090 kafrck-vicn018:31091 kafrck-vicn019:31092 kafrck-vicn020:31093 kafrck-vicn021:31094,
2022-09-11 09:22,wcmsac-vicn018,WCM,rgs3 wcm,,,,
2022-09-11 09:22,wcmsac-vicn019,WCM,rgs2 wcm,,filebeat.yml,kafrck-vicn017:31090 kafrck-vicn018:31091 kafrck-vicn019:31092 kafrck-vicn020:31093 kafrck-vicn021:31094,
2022-09-11 09:22,wcmsac-vicn020,WCM,rgs3 wcm,,,,
2022-09-11 09:22,wcmsac-vicn021,WCM,cargs2 rgs2 wcm,,filebeat.yml,kafrck-vicn017:31090 kafrck-vicn018:31091 kafrck-vicn019:31092 kafrck-vicn020:31093 kafrck-vicn021:31094,
2022-09-11 09:22,wcmsac-vicn022,WCM,rgs3 wcm,,,,
2022-09-11 09:22,wcmsac-vicn023,WCM,cargs2 rgs2 wcm,,filebeat.yml,kafrck-vicn017:31090 kafrck-vicn018:31091 kafrck-vicn019:31092 kafrck-vicn020:31093 kafrck-vicn021:31094,
2022-09-11 09:22,wcmsac-vicn024,WCM,rgs3 wcm,,,,
2022-09-11 09:22,wcmsac-vicn025,WCM,qa1 wcm,,,,
2022-09-11 09:22,wcmsac-vicn026,WCM,qa1 wcm,,,,
