Date, Host,App,RunDeck Tags,WSI Package,Config File,Filebeat Kafka Hosts,Log4j Kafka Hosts
2022-09-11 09:22,aerodbprdab1,CPCR,cpcr nosql prdab,,filebeat.yml,null,
2022-09-11 09:22,aerodbprdab3,CPCR,cpcr nosql prdab,,filebeat.yml,null,
2022-09-11 09:22,aerodbprdab4,CPCR,cpcr nosql prdab,,filebeat.yml,null,
2022-09-11 09:22,aerodbprdab5,CPCR,cpcr nosql prdab,,filebeat.yml,null,
2022-09-11 09:22,aerodbprdrk1,CPCR,cpcr nosql prdrk,,filebeat.yml,null,
2022-09-11 09:22,aerodbprdrk2,CPCR,cpcr nosql prdrk,,filebeat.yml,null,
2022-09-11 09:22,aerodbprdrk3,CPCR,cpcr nosql prdrk,,filebeat.yml,null,
2022-09-11 09:22,aerodbprdrk4,CPCR,cpcr nosql prdrk,,filebeat.yml,null,
2022-09-11 09:22,aerodbprdrk5,CPCR,cpcr nosql prdrk,,filebeat.yml,null,
2022-09-11 09:22,artrck-vccn004,DevOps,pkgtest prd preprd prod verify-config-package,,filebeat.yml,null,
2022-09-11 09:22,bgbrck-vccn002,BGB,bgb-service buildsystem ca-prdrk,,,,
2022-09-11 09:22,bldrck-vccn002,buildsystem,buildsystem buildsystem-prd prdrk toolchain,,,,
2022-09-11 09:22,buildsystem-prd-rk1v,buildsystem,buildsystem buildsystem-prd prdrk toolchain,,filebeat.yml,elkrck-vccn009:5044 elkrck-vccn010:5044 elkrck-vccn011:5044,
2022-09-11 09:22,casash-vccn001,Cassandra,ab4 cassandra datastax prd prdab,,filebeat.yml,null,
2022-09-11 09:22,casash-vccn002,Cassandra,ab5 cassandra datastax prd prdab,,filebeat.yml,null,
2022-09-11 09:22,casash-vccn003,Cassandra,ab6 cassandra datastax prd prdab,,filebeat.yml,null,
2022-09-11 09:22,casash-vpcn006,Cassandra,sc-ab1 sc-cassandra sc-datastax sc-prd sc-prdab,,filebeat.yml,null,
2022-09-11 09:22,casash-vpcn007,Cassandra,sc-ab1 sc-cassandra sc-datastax sc-prd sc-prdab,,filebeat.yml,null,
2022-09-11 09:22,casash-vpcn008,Cassandra,sc-ab1 sc-cassandra sc-datastax sc-prd sc-prdab,,filebeat.yml,null,
2022-09-11 09:22,casash-vpcn009,Cassandra,sc-ab1 sc-cassandra sc-datastax sc-prd sc-prdab,,filebeat.yml,null,
2022-09-11 09:22,casash-vpcn010,Cassandra,sc-ab1 sc-cassandra sc-datastax sc-prd sc-prdab,,filebeat.yml,null,
2022-09-11 09:22,casrck-vccn001,Cassandra,cassandra datastax prd prdrk rk4,,filebeat.yml,null,
2022-09-11 09:22,casrck-vccn002,Cassandra,cassandra datastax prd prdrk rk5,,filebeat.yml,null,
2022-09-11 09:22,casrck-vccn003,Cassandra,cassandra datastax prd prdrk rk6,,filebeat.yml,null,
2022-09-11 09:22,casrck-vpcn011,Cassandra,sc-cassandra sc-datastax sc-prd sc-prdrk sc-rk1,,filebeat.yml,null,
2022-09-11 09:22,casrck-vpcn012,Cassandra,sc-cassandra sc-datastax sc-prd sc-prdrk sc-rk1,,filebeat.yml,null,
2022-09-11 09:22,casrck-vpcn013,Cassandra,sc-cassandra sc-datastax sc-prd sc-prdrk sc-rk1,,filebeat.yml,null,
2022-09-11 09:22,casrck-vpcn014,Cassandra,sc-cassandra sc-datastax sc-prd sc-prdrk sc-rk1,,filebeat.yml,null,
2022-09-11 09:22,casrck-vpcn015,Cassandra,sc-cassandra sc-datastax sc-prd sc-prdrk sc-rk1,,filebeat.yml,null,
2022-09-11 09:22,cassandra-prd-ab1,Cassandra,ab1 cassandra datastax prd prdab,,filebeat.yml,null,
2022-09-11 09:22,cassandra-prd-ab2,Cassandra,ab2 cassandra datastax prd prdab,,filebeat.yml,null,
2022-09-11 09:22,cassandra-prd-ab3,Cassandra,ab3 cassandra datastax prd prdab,,filebeat.yml,null,
2022-09-11 09:22,cassandra-prd-ab7,Cassandra,ab7 cassandra datastax prd prdab,,filebeat.yml,null,
2022-09-11 09:22,cassandra-prd-ab8,Cassandra,ab8 cassandra datastax prd prdab,,filebeat.yml,null,
2022-09-11 09:22,cassandra-prd-rk1,Cassandra,cassandra datastax prd prdrk rk1,,filebeat.yml,null,
2022-09-11 09:22,cassandra-prd-rk2,Cassandra,cassandra datastax prd prdrk rk2,,filebeat.yml,null,
2022-09-11 09:22,cassandra-prd-rk3,Cassandra,cassandra datastax prd prdrk rk3,,filebeat.yml,null,
2022-09-11 09:22,cassandra-prd-rk7,Cassandra,cassandra datastax prd prdrk rk7,,filebeat.yml,null,
2022-09-11 09:22,cassandra-prd-rk8,Cassandra,cassandra datastax prd prdrk rk8,,filebeat.yml,null,
2022-09-11 09:22,caweb-prd-ab1v,,caweb prdab,,filebeat.yml,null,
2022-09-11 09:22,caweb-prd-ab2v,,caweb prdab,,filebeat.yml,null,
2022-09-11 09:22,caweb-prd-rk1v,,caweb prdrk,,filebeat.yml,null,
2022-09-11 09:22,caweb-prd-rk2v,,caweb prdrk,,filebeat.yml,null,
2022-09-11 09:22,coreid-prd-rk1v,,coreid6 nodejs prdrk,,filebeat.yml,null,
2022-09-11 09:22,coreid-prd-rk2v,,coreid6 nodejs prdrk,,filebeat.yml,null,
2022-09-11 09:22,corp-prd-ab1v,Corp,corp prdab,,filebeat.yml,null,
2022-09-11 09:22,corp-prd-ab2v,Corp,corp prdab,,filebeat.yml,null,
2022-09-11 09:22,corp-prd-rk1v,Corp,corp prdrk,,filebeat.yml,null,
2022-09-11 09:22,corp-prd-rk2v,Corp,corp prdrk,,filebeat.yml,null,
2022-09-11 09:22,cq5rck-vccn001,,bd prd prdrk rk1 web,,filebeat.yml,null,
2022-09-11 09:22,cq5rck-vccn002,,author bd prd prdrk rk1,,filebeat.yml,null,
2022-09-11 09:22,cq5rck-vccn003,,bd prd prdrk publish rk1,,filebeat.yml,null,
2022-09-11 09:22,cre-prd-ab1v,CPCR,app cpcr prdab,,filebeat.yml,null,
2022-09-11 09:22,cre-prd-ab2v,CPCR,app cpcr prdab,,filebeat.yml,null,
2022-09-11 09:22,cre-prd-rk1v,CPCR,app cpcr prdrk,,filebeat.yml,null,
2022-09-11 09:22,cre-prd-rk2v,CPCR,app cpcr prdrk,,filebeat.yml,null,
2022-09-11 09:22,creash-vccn003,CRE,ab1v app cre prdab,,filebeat.yml,null,
2022-09-11 09:22,creash-vccn004,CRE,ab2v app cre prdab,,filebeat.yml,null,
2022-09-11 09:22,crerck-vccn001,CRE,admin cre prdrk rk1v,,filebeat.yml,null,
2022-09-11 09:22,crerck-vccn002,CRE,admin cre prdrk,,filebeat.yml,null,
2022-09-11 09:22,crerck-vccn003,CPCR,cpcr dataloader prd prdrk,,filebeat.yml,null,
2022-09-11 09:22,crerck-vccn006,CRE,app cre prdrk rk rk1v,,filebeat.yml,null,
2022-09-11 09:22,crerck-vccn007,CRE,app cre prdrk rk rk2v,,filebeat.yml,null,
2022-09-11 09:22,dfdrck-vccn001,DataFeeds,dfproc prdrk prdrk1,,filebeat.yml,null,
2022-09-11 09:22,dfdrck-vccn002,DataFeeds,dfproccluster prdrk prdrk2,,filebeat.yml,null,
2022-09-11 09:22,dfdrck-vccn003,DataFeeds,dfproccluster prdrk prdrk3,,filebeat.yml,null,
2022-09-11 09:22,dfdrck-vccn004,DataFeeds,dfproccluster prdrk prdrk4,,filebeat.yml,null,
2022-09-11 09:22,dfdrck-vccn005,DataFeeds,dfproccluster prdrk prdrk5,,filebeat.yml,null,
2022-09-11 09:22,dpaash-vpcn001,DP,caprdab frontend,,,,kafrck-vccn010:31095 kafrck-vccn011:31096 kafrck-vccn012:31097 kafrck-vccn013:31098 kafrck-vccn014:31099
2022-09-11 09:22,dpaash-vpcn002,DP,caprdab frontend,,,,kafrck-vccn010:31095 kafrck-vccn011:31096 kafrck-vccn012:31097 kafrck-vccn013:31098 kafrck-vccn014:31099
2022-09-11 09:22,dpaash-vpcn003,DP,caprdab frontend,,,,kafrck-vccn010:31095 kafrck-vccn011:31096 kafrck-vccn012:31097 kafrck-vccn013:31098 kafrck-vccn014:31099
2022-09-11 09:22,dpaash-vpcn004,DP,caprdab frontend,,filebeat.yml,null,kafash-vccn010:31095 kafash-vccn011:31096 kafash-vccn012:31097 kafash-vccn013:31098 kafash-vccn014:31099
2022-09-11 09:22,dpaash-vpcn005,DP,caprdab frontend,,filebeat.yml,null,kafash-vccn010:31095 kafash-vccn011:31096 kafash-vccn012:31097 kafash-vccn013:31098 kafash-vccn014:31099
2022-09-11 09:22,dpaash-vpcn006,DP,caprdab frontend,,filebeat.yml,null,kafash-vccn010:31095 kafash-vccn011:31096 kafash-vccn012:31097 kafash-vccn013:31098 kafash-vccn014:31099
2022-09-11 09:22,dpaash-vpcn007,DP,caprdab frontend,,filebeat.yml,null,kafrck-vccn010:31095 kafrck-vccn011:31096 kafrck-vccn012:31097 kafrck-vccn013:31098 kafrck-vccn014:31099
2022-09-11 09:22,dpaash-vpcn008,DP,caprdab frontend,,filebeat.yml,null,kafrck-vccn010:31095 kafrck-vccn011:31096 kafrck-vccn012:31097 kafrck-vccn013:31098 kafrck-vccn014:31099
2022-09-11 09:22,dpaash-vpcn009,DP,caprdab frontend,,filebeat.yml,null,kafrck-vccn010:31095 kafrck-vccn011:31096 kafrck-vccn012:31097 kafrck-vccn013:31098 kafrck-vccn014:31099
2022-09-11 09:22,dpaash-vpcn010,DP,caprdab frontend,,filebeat.yml,null,kafrck-vccn010:31095 kafrck-vccn011:31096 kafrck-vccn012:31097 kafrck-vccn013:31098 kafrck-vccn014:31099
2022-09-11 09:22,dpaash-vpcn011,DP,caprdab frontend,,filebeat.yml,null,kafrck-vccn010:31095 kafrck-vccn011:31096 kafrck-vccn012:31097 kafrck-vccn013:31098 kafrck-vccn014:31099
2022-09-11 09:22,dpaash-vpcn012,DP,caprdab frontend,,filebeat.yml,null,kafrck-vccn010:31095 kafrck-vccn011:31096 kafrck-vccn012:31097 kafrck-vccn013:31098 kafrck-vccn014:31099
2022-09-11 09:22,dpaash-vpcn013,DP,capreprd capreprdab frontend,,,,kafash-vccn010:31095 kafash-vccn011:31096 kafash-vccn012:31097 kafash-vccn013:31098 kafash-vccn014:31099
2022-09-11 09:22,dpaash-vpcn014,DP,capreprd capreprdab frontend,,,,kafash-vccn010:31095 kafash-vccn011:31096 kafash-vccn012:31097 kafash-vccn013:31098 kafash-vccn014:31099
2022-09-11 09:22,dpaash-vpcn015,DP,capreprd capreprdab frontend,,,,kafash-vccn010:31095 kafash-vccn011:31096 kafash-vccn012:31097 kafash-vccn013:31098 kafash-vccn014:31099
2022-09-11 09:22,dpaash-vpcn016,DP,capreprd capreprdab frontend,,,,kafash-vccn010:31095 kafash-vccn011:31096 kafash-vccn012:31097 kafash-vccn013:31098 kafash-vccn014:31099
2022-09-11 09:22,dpaash-vpcn017,DP,capreprd capreprdab frontend,,,,kafash-vccn010:31095 kafash-vccn011:31096 kafash-vccn012:31097 kafash-vccn013:31098 kafash-vccn014:31099
2022-09-11 09:22,dpaash-vpcn018,DP,caprdab frontend,,filebeat.yml,null,kafrck-vccn010:31095 kafrck-vccn011:31096 kafrck-vccn012:31097 kafrck-vccn013:31098 kafrck-vccn014:31099
2022-09-11 09:22,dpaash-vpcn019,DP,caprdab frontend,,filebeat.yml,null,kafrck-vccn010:31095 kafrck-vccn011:31096 kafrck-vccn012:31097 kafrck-vccn013:31098 kafrck-vccn014:31099
2022-09-11 09:22,dpaash-vpcn020,DP,caprdab frontend,,filebeat.yml,null,kafrck-vccn010:31095 kafrck-vccn011:31096 kafrck-vccn012:31097 kafrck-vccn013:31098 kafrck-vccn014:31099
2022-09-11 09:22,dpaash-vpcn021,DP,frontend preprd preprdab,,,,
2022-09-11 09:22,dpaash-vpcn022,DP,frontend preprd preprdab,,,,
2022-09-11 09:22,dpaash-vpcn023,DP,frontend prdab,,,,kafash-vccn010:31090 kafash-vccn011:31091 kafash-vccn012:31092 kafash-vccn013:31093 kafash-vccn014:31094
2022-09-11 09:22,dpaash-vpcn024,DP,frontend prdab,,,,
2022-09-11 09:22,dparck-vpcn001,DP,frontend preprd preprdrk,,,,
2022-09-11 09:22,dparck-vpcn002,DP,frontend preprd preprdrk,,,,
2022-09-11 09:22,dparck-vpcn003,DP,frontend prdrk,,,,
2022-09-11 09:22,dparck-vpcn004,DP,frontend prdrk,,,,
2022-09-11 09:22,dpasac-vpcn001,DP,caprdsac frontend,,filebeat.yml,null,kafrck-vccn010:31095 kafrck-vccn011:31096 kafrck-vccn012:31097 kafrck-vccn013:31098 kafrck-vccn014:31099
2022-09-11 09:22,dpasac-vpcn002,DP,caprdsac frontend,,,,kafrck-vccn010:31095 kafrck-vccn011:31096 kafrck-vccn012:31097 kafrck-vccn013:31098 kafrck-vccn014:31099
2022-09-11 09:22,dpasac-vpcn003,DP,caprdsac frontend,,,,kafrck-vccn010:31095 kafrck-vccn011:31096 kafrck-vccn012:31097 kafrck-vccn013:31098 kafrck-vccn014:31099
2022-09-11 09:22,dpasac-vpcn004,DP,caprdsac frontend,,filebeat.yml,null,kafrck-vccn010:31095 kafrck-vccn011:31096 kafrck-vccn012:31097 kafrck-vccn013:31098 kafrck-vccn014:31099
2022-09-11 09:22,dpasac-vpcn005,DP,caprdsac frontend,,filebeat.yml,null,kafrck-vccn010:31095 kafrck-vccn011:31096 kafrck-vccn012:31097 kafrck-vccn013:31098 kafrck-vccn014:31099
2022-09-11 09:22,dpasac-vpcn006,DP,caprdsac frontend,,filebeat.yml,null,kafrck-vccn010:31095 kafrck-vccn011:31096 kafrck-vccn012:31097 kafrck-vccn013:31098 kafrck-vccn014:31099
2022-09-11 09:22,dpasac-vpcn007,DP,caprdsac frontend,,filebeat.yml,null,kafrck-vccn010:31095 kafrck-vccn011:31096 kafrck-vccn012:31097 kafrck-vccn013:31098 kafrck-vccn014:31099
2022-09-11 09:22,dpasac-vpcn008,DP,caprdsac frontend,,filebeat.yml,null,kafrck-vccn010:31095 kafrck-vccn011:31096 kafrck-vccn012:31097 kafrck-vccn013:31098 kafrck-vccn014:31099
2022-09-11 09:22,dpasac-vpcn009,DP,caprdsac frontend,,filebeat.yml,null,kafrck-vccn010:31095 kafrck-vccn011:31096 kafrck-vccn012:31097 kafrck-vccn013:31098 kafrck-vccn014:31099
2022-09-11 09:22,dpasac-vpcn010,DP,caprdsac frontend,,filebeat.yml,null,kafrck-vccn010:31095 kafrck-vccn011:31096 kafrck-vccn012:31097 kafrck-vccn013:31098 kafrck-vccn014:31099
2022-09-11 09:22,dpasac-vpcn011,DP,caprdsac frontend,,filebeat.yml,null,kafrck-vccn010:31095 kafrck-vccn011:31096 kafrck-vccn012:31097 kafrck-vccn013:31098 kafrck-vccn014:31099
2022-09-11 09:22,dpasac-vpcn012,DP,caprdsac frontend,,filebeat.yml,null,kafrck-vccn010:31095 kafrck-vccn011:31096 kafrck-vccn012:31097 kafrck-vccn013:31098 kafrck-vccn014:31099
2022-09-11 09:22,dpasac-vpcn013,DP,capreprd capreprdsac frontend,,,,kafrck-vccn010:31095 kafrck-vccn011:31096 kafrck-vccn012:31097 kafrck-vccn013:31098 kafrck-vccn014:31099
2022-09-11 09:22,dpasac-vpcn014,DP,capreprd capreprdsac frontend,,,,kafrck-vccn010:31095 kafrck-vccn011:31096 kafrck-vccn012:31097 kafrck-vccn013:31098 kafrck-vccn014:31099
2022-09-11 09:22,dpasac-vpcn015,DP,capreprd capreprdsac frontend,,,,kafrck-vccn010:31095 kafrck-vccn011:31096 kafrck-vccn012:31097 kafrck-vccn013:31098 kafrck-vccn014:31099
2022-09-11 09:22,dpasac-vpcn016,DP,capreprd capreprdsac frontend,,,,kafrck-vccn010:31095 kafrck-vccn011:31096 kafrck-vccn012:31097 kafrck-vccn013:31098 kafrck-vccn014:31099
2022-09-11 09:22,dpasac-vpcn017,DP,capreprd capreprdsac frontend,,,,kafrck-vccn010:31095 kafrck-vccn011:31096 kafrck-vccn012:31097 kafrck-vccn013:31098 kafrck-vccn014:31099
2022-09-11 09:22,dpasac-vpcn018,DP,caprdsac frontend,,filebeat.yml,null,kafrck-vccn010:31095 kafrck-vccn011:31096 kafrck-vccn012:31097 kafrck-vccn013:31098 kafrck-vccn014:31099
2022-09-11 09:22,dpasac-vpcn019,DP,caprdsac frontend,,filebeat.yml,null,kafrck-vccn010:31095 kafrck-vccn011:31096 kafrck-vccn012:31097 kafrck-vccn013:31098 kafrck-vccn014:31099
2022-09-11 09:22,dpasac-vpcn020,DP,caprdsac frontend,,filebeat.yml,null,kafrck-vccn010:31095 kafrck-vccn011:31096 kafrck-vccn012:31097 kafrck-vccn013:31098 kafrck-vccn014:31099
2022-09-11 09:22,ecmrck-vccn002,ECM,ecmprd1 ecmprd1- frontend,,filebeat.yml,null,
2022-09-11 09:22,ecmrck-vccn003,ECM,ecmprd1 ecmprd1- frontend,,filebeat.yml,null,
2022-09-11 09:22,efeash-vpcn001,DP,frontend prdab,,filebeat.yml,elkrck-vccn009:5044 elkrck-vccn010:5044 elkrck-vccn011:5044,kafash-vccn010:31095 kafash-vccn011:31096 kafash-vccn012:31097 kafash-vccn013:31098 kafash-vccn014:31099
2022-09-11 09:22,efeash-vpcn002,DP,frontend preprd preprdab,,,,kafash-vccn010:31095 kafash-vccn011:31096 kafash-vccn012:31097 kafash-vccn013:31098 kafash-vccn014:31099
2022-09-11 09:22,efeash-vpcn003,DP,frontend prdab,,filebeat.yml,elkrck-vccn009:5044 elkrck-vccn010:5044 elkrck-vccn011:5044,kafash-vccn010:31095 kafash-vccn011:31096 kafash-vccn012:31097 kafash-vccn013:31098 kafash-vccn014:31099
2022-09-11 09:22,efeash-vpcn004,DP,frontend prdab,,filebeat.yml,elkrck-vccn009:5044 elkrck-vccn010:5044 elkrck-vccn011:5044,kafash-vccn010:31095 kafash-vccn011:31096 kafash-vccn012:31097 kafash-vccn013:31098 kafash-vccn014:31099
2022-09-11 09:22,efeash-vpcn005,DP,frontend prdab,,filebeat.yml,elkrck-vccn009:5044 elkrck-vccn010:5044 elkrck-vccn011:5044,kafash-vccn010:31095 kafash-vccn011:31096 kafash-vccn012:31097 kafash-vccn013:31098 kafash-vccn014:31099
2022-09-11 09:22,efeash-vpcn006,DP,frontend prdab,,filebeat.yml,elkrck-vccn009:5044 elkrck-vccn010:5044 elkrck-vccn011:5044,kafash-vccn010:31095 kafash-vccn011:31096 kafash-vccn012:31097 kafash-vccn013:31098 kafash-vccn014:31099
2022-09-11 09:22,efeash-vpcn007,DP,frontend prdab,,filebeat.yml,elkrck-vccn009:5044 elkrck-vccn010:5044 elkrck-vccn011:5044,kafash-vccn010:31095 kafash-vccn011:31096 kafash-vccn012:31097 kafash-vccn013:31098 kafash-vccn014:31099
2022-09-11 09:22,efeash-vpcn008,DP,frontend prdab,,filebeat.yml,elkrck-vccn009:5044 elkrck-vccn010:5044 elkrck-vccn011:5044,kafash-vccn010:31095 kafash-vccn011:31096 kafash-vccn012:31097 kafash-vccn013:31098 kafash-vccn014:31099
2022-09-11 09:22,efeash-vpcn009,DP,frontend prdab,,filebeat.yml,elkrck-vccn009:5044 elkrck-vccn010:5044 elkrck-vccn011:5044,kafash-vccn010:31095 kafash-vccn011:31096 kafash-vccn012:31097 kafash-vccn013:31098 kafash-vccn014:31099
2022-09-11 09:22,efeash-vpcn010,DP,frontend prdab,,filebeat.yml,elkrck-vccn009:5044 elkrck-vccn010:5044 elkrck-vccn011:5044,kafash-vccn010:31095 kafash-vccn011:31096 kafash-vccn012:31097 kafash-vccn013:31098 kafash-vccn014:31099
2022-09-11 09:22,efeash-vpcn011,DP,frontend prdab,,filebeat.yml,elkrck-vccn009:5044 elkrck-vccn010:5044 elkrck-vccn011:5044,kafash-vccn010:31095 kafash-vccn011:31096 kafash-vccn012:31097 kafash-vccn013:31098 kafash-vccn014:31099
2022-09-11 09:22,efeash-vpcn013,DP,frontend preprd preprdab,,,,kafash-vccn010:31095 kafash-vccn011:31096 kafash-vccn012:31097 kafash-vccn013:31098 kafash-vccn014:31099
2022-09-11 09:22,efeash-vpcn014,DP,frontend prdab,,filebeat.yml,elkrck-vccn009:5044 elkrck-vccn010:5044 elkrck-vccn011:5044,kafash-vccn010:31095 kafash-vccn011:31096 kafash-vccn012:31097 kafash-vccn013:31098 kafash-vccn014:31099
2022-09-11 09:22,efeash-vpcn015,DP,frontend prdab,,filebeat.yml,elkrck-vccn009:5044 elkrck-vccn010:5044 elkrck-vccn011:5044,kafash-vccn010:31095 kafash-vccn011:31096 kafash-vccn012:31097 kafash-vccn013:31098 kafash-vccn014:31099
2022-09-11 09:22,efeash-vpcn016,DP,frontend prdab,,filebeat.yml,elkrck-vccn009:5044 elkrck-vccn010:5044 elkrck-vccn011:5044,kafash-vccn010:31095 kafash-vccn011:31096 kafash-vccn012:31097 kafash-vccn013:31098 kafash-vccn014:31099
2022-09-11 09:22,efeash-vpcn017,DP,frontend prdab,,filebeat.yml,elkrck-vccn009:5044 elkrck-vccn010:5044 elkrck-vccn011:5044,kafash-vccn010:31095 kafash-vccn011:31096 kafash-vccn012:31097 kafash-vccn013:31098 kafash-vccn014:31099
2022-09-11 09:22,efeash-vpcn018,DP,frontend preprd preprdab,,,,kafash-vccn010:31095 kafash-vccn011:31096 kafash-vccn012:31097 kafash-vccn013:31098 kafash-vccn014:31099
2022-09-11 09:22,efeash-vpcn019,DP,frontend prdab,,filebeat.yml,elkrck-vccn009:5044 elkrck-vccn010:5044 elkrck-vccn011:5044,kafash-vccn010:31095 kafash-vccn011:31096 kafash-vccn012:31097 kafash-vccn013:31098 kafash-vccn014:31099
2022-09-11 09:22,efeash-vpcn020,DP,frontend prdab,,filebeat.yml,elkrck-vccn009:5044 elkrck-vccn010:5044 elkrck-vccn011:5044,kafash-vccn010:31095 kafash-vccn011:31096 kafash-vccn012:31097 kafash-vccn013:31098 kafash-vccn014:31099
2022-09-11 09:22,efeash-vpcn021,DP,frontend prdab,,filebeat.yml,elkrck-vccn009:5044 elkrck-vccn010:5044 elkrck-vccn011:5044,kafash-vccn010:31095 kafash-vccn011:31096 kafash-vccn012:31097 kafash-vccn013:31098 kafash-vccn014:31099
2022-09-11 09:22,efeash-vpcn022,DP,frontend prdab,,filebeat.yml,elkrck-vccn009:5044 elkrck-vccn010:5044 elkrck-vccn011:5044,kafash-vccn010:31095 kafash-vccn011:31096 kafash-vccn012:31097 kafash-vccn013:31098 kafash-vccn014:31099
2022-09-11 09:22,efeash-vpcn023,DP,frontend prdab,,filebeat.yml,elkrck-vccn009:5044 elkrck-vccn010:5044 elkrck-vccn011:5044,kafash-vccn010:31095 kafash-vccn011:31096 kafash-vccn012:31097 kafash-vccn013:31098 kafash-vccn014:31099
2022-09-11 09:22,efeash-vpcn024,DP,frontend prdab,,filebeat.yml,elkrck-vccn009:5044 elkrck-vccn010:5044 elkrck-vccn011:5044,kafash-vccn010:31095 kafash-vccn011:31096 kafash-vccn012:31097 kafash-vccn013:31098 kafash-vccn014:31099
2022-09-11 09:22,efeash-vpcn025,DP,frontend prdab,,filebeat.yml,elkrck-vccn009:5044 elkrck-vccn010:5044 elkrck-vccn011:5044,kafash-vccn010:31095 kafash-vccn011:31096 kafash-vccn012:31097 kafash-vccn013:31098 kafash-vccn014:31099
2022-09-11 09:22,efeash-vpcn026,DP,frontend prdab,,filebeat.yml,elkrck-vccn009:5044 elkrck-vccn010:5044 elkrck-vccn011:5044,kafash-vccn010:31095 kafash-vccn011:31096 kafash-vccn012:31097 kafash-vccn013:31098 kafash-vccn014:31099
2022-09-11 09:22,efeash-vpcn027,DP,frontend prdab,,filebeat.yml,elkrck-vccn009:5044 elkrck-vccn010:5044 elkrck-vccn011:5044,kafash-vccn010:31095 kafash-vccn011:31096 kafash-vccn012:31097 kafash-vccn013:31098 kafash-vccn014:31099
2022-09-11 09:22,efeash-vpcn028,DP,frontend preprd preprdab,,,,kafash-vccn010:31095 kafash-vccn011:31096 kafash-vccn012:31097 kafash-vccn013:31098 kafash-vccn014:31099
2022-09-11 09:22,efeash-vpcn029,DP,frontend prdab,,filebeat.yml,elkrck-vccn009:5044 elkrck-vccn010:5044 elkrck-vccn011:5044,kafash-vccn010:31095 kafash-vccn011:31096 kafash-vccn012:31097 kafash-vccn013:31098 kafash-vccn014:31099
2022-09-11 09:22,efeash-vpcn030,DP,frontend prdab,,filebeat.yml,elkrck-vccn009:5044 elkrck-vccn010:5044 elkrck-vccn011:5044,kafash-vccn010:31095 kafash-vccn011:31096 kafash-vccn012:31097 kafash-vccn013:31098 kafash-vccn014:31099
2022-09-11 09:22,efeash-vpcn031,DP,frontend prdab,,filebeat.yml,elkrck-vccn009:5044 elkrck-vccn010:5044 elkrck-vccn011:5044,kafash-vccn010:31095 kafash-vccn011:31096 kafash-vccn012:31097 kafash-vccn013:31098 kafash-vccn014:31099
2022-09-11 09:22,efeash-vpcn032,DP,frontend prdab,,filebeat.yml,elkrck-vccn009:5044 elkrck-vccn010:5044 elkrck-vccn011:5044,kafash-vccn010:31095 kafash-vccn011:31096 kafash-vccn012:31097 kafash-vccn013:31098 kafash-vccn014:31099
2022-09-11 09:22,efeash-vpcn033,DP,frontend prdab,,filebeat.yml,elkrck-vccn009:5044 elkrck-vccn010:5044 elkrck-vccn011:5044,kafash-vccn010:31095 kafash-vccn011:31096 kafash-vccn012:31097 kafash-vccn013:31098 kafash-vccn014:31099
2022-09-11 09:22,efeash-vpcn034,DP,frontend prdab,,filebeat.yml,elkrck-vccn009:5044 elkrck-vccn010:5044 elkrck-vccn011:5044,kafash-vccn010:31095 kafash-vccn011:31096 kafash-vccn012:31097 kafash-vccn013:31098 kafash-vccn014:31099
2022-09-11 09:22,efeash-vpcn035,DP,frontend prdab,,filebeat.yml,elkrck-vccn009:5044 elkrck-vccn010:5044 elkrck-vccn011:5044,kafash-vccn010:31095 kafash-vccn011:31096 kafash-vccn012:31097 kafash-vccn013:31098 kafash-vccn014:31099
2022-09-11 09:22,efeash-vpcn036,DP,frontend prdab,,filebeat.yml,elkrck-vccn009:5044 elkrck-vccn010:5044 elkrck-vccn011:5044,kafash-vccn010:31095 kafash-vccn011:31096 kafash-vccn012:31097 kafash-vccn013:31098 kafash-vccn014:31099
2022-09-11 09:22,efeash-vpcn037,,,,,,
2022-09-11 09:22,efeash-vpcn038,,,,,,
2022-09-11 09:22,efeash-vpcn039,,,,,,
2022-09-11 09:22,efeash-vpcn040,DP,frontend prdab,,filebeat.yml,elkrck-vccn009:5044 elkrck-vccn010:5044 elkrck-vccn011:5044,kafash-vccn010:31095 kafash-vccn011:31096 kafash-vccn012:31097 kafash-vccn013:31098 kafash-vccn014:31099
2022-09-11 09:22,efeash-vpcn041,DP,frontend prdab,,filebeat.yml,elkrck-vccn009:5044 elkrck-vccn010:5044 elkrck-vccn011:5044,kafash-vccn010:31095 kafash-vccn011:31096 kafash-vccn012:31097 kafash-vccn013:31098 kafash-vccn014:31099
2022-09-11 09:22,efeash-vpcn042,DP,frontend prdab,,filebeat.yml,elkrck-vccn009:5044 elkrck-vccn010:5044 elkrck-vccn011:5044,kafash-vccn010:31095 kafash-vccn011:31096 kafash-vccn012:31097 kafash-vccn013:31098 kafash-vccn014:31099
2022-09-11 09:22,efeash-vpcn045,DP,frontend prdab,,filebeat.yml,elkrck-vccn009:5044 elkrck-vccn010:5044 elkrck-vccn011:5044,kafash-vccn010:31095 kafash-vccn011:31096 kafash-vccn012:31097 kafash-vccn013:31098 kafash-vccn014:31099
2022-09-11 09:22,efeash-vpcn046,DP,frontend prdab,,filebeat.yml,elkrck-vccn009:5044 elkrck-vccn010:5044 elkrck-vccn011:5044,kafash-vccn010:31095 kafash-vccn011:31096 kafash-vccn012:31097 kafash-vccn013:31098 kafash-vccn014:31099
2022-09-11 09:22,efeash-vpcn047,DP,frontend prdab,,filebeat.yml,elkrck-vccn009:5044 elkrck-vccn010:5044 elkrck-vccn011:5044,kafash-vccn010:31095 kafash-vccn011:31096 kafash-vccn012:31097 kafash-vccn013:31098 kafash-vccn014:31099
2022-09-11 09:22,efeash-vpcn048,DP,frontend prdab,,filebeat.yml,elkrck-vccn009:5044 elkrck-vccn010:5044 elkrck-vccn011:5044,kafash-vccn010:31095 kafash-vccn011:31096 kafash-vccn012:31097 kafash-vccn013:31098 kafash-vccn014:31099
2022-09-11 09:22,efeash-vpcn052,DP,frontend prdab,,filebeat.yml,elkrck-vccn009:5044 elkrck-vccn010:5044 elkrck-vccn011:5044,kafash-vccn010:31095 kafash-vccn011:31096 kafash-vccn012:31097 kafash-vccn013:31098 kafash-vccn014:31099
2022-09-11 09:22,efeash-vpcn053,DP,frontend prdab,,filebeat.yml,elkrck-vccn009:5044 elkrck-vccn010:5044 elkrck-vccn011:5044,kafash-vccn010:31095 kafash-vccn011:31096 kafash-vccn012:31097 kafash-vccn013:31098 kafash-vccn014:31099
2022-09-11 09:22,efeash-vpcn054,DP,frontend prdab,,filebeat.yml,elkrck-vccn009:5044 elkrck-vccn010:5044 elkrck-vccn011:5044,kafash-vccn010:31095 kafash-vccn011:31096 kafash-vccn012:31097 kafash-vccn013:31098 kafash-vccn014:31099
2022-09-11 09:22,efeash-vpcn059,DP,frontend prdab,,filebeat.yml,elkrck-vccn009:5044 elkrck-vccn010:5044 elkrck-vccn011:5044,kafash-vccn010:31095 kafash-vccn011:31096 kafash-vccn012:31097 kafash-vccn013:31098 kafash-vccn014:31099
2022-09-11 09:22,efeash-vpcn060,DP,frontend prdab,,filebeat.yml,elkrck-vccn009:5044 elkrck-vccn010:5044 elkrck-vccn011:5044,kafash-vccn010:31095 kafash-vccn011:31096 kafash-vccn012:31097 kafash-vccn013:31098 kafash-vccn014:31099
2022-09-11 09:22,efeash-vpcn061,DP,frontend prdab,,filebeat.yml,elkrck-vccn009:5044 elkrck-vccn010:5044 elkrck-vccn011:5044,kafash-vccn010:31095 kafash-vccn011:31096 kafash-vccn012:31097 kafash-vccn013:31098 kafash-vccn014:31099
2022-09-11 09:22,efeash-vpcn065,DP,frontend prdab,,filebeat.yml,elkrck-vccn009:5044 elkrck-vccn010:5044 elkrck-vccn011:5044,kafash-vccn010:31095 kafash-vccn011:31096 kafash-vccn012:31097 kafash-vccn013:31098 kafash-vccn014:31099
2022-09-11 09:22,efeash-vpcn070,DP,frontend prdab,,filebeat.yml,elkrck-vccn009:5044 elkrck-vccn010:5044 elkrck-vccn011:5044,kafash-vccn010:31095 kafash-vccn011:31096 kafash-vccn012:31097 kafash-vccn013:31098 kafash-vccn014:31099
2022-09-11 09:22,efeash-vpcn073,DP,frontend preprd preprdab,,,,kafash-vccn010:31095 kafash-vccn011:31096 kafash-vccn012:31097 kafash-vccn013:31098 kafash-vccn014:31099
2022-09-11 09:22,efeash-vpcn074,DP,frontend prdab,,filebeat.yml,elkrck-vccn009:5044 elkrck-vccn010:5044 elkrck-vccn011:5044,kafash-vccn010:31095 kafash-vccn011:31096 kafash-vccn012:31097 kafash-vccn013:31098 kafash-vccn014:31099
2022-09-11 09:22,efeash-vpcn075,DP,frontend prdab,,filebeat.yml,elkrck-vccn009:5044 elkrck-vccn010:5044 elkrck-vccn011:5044,kafash-vccn010:31095 kafash-vccn011:31096 kafash-vccn012:31097 kafash-vccn013:31098 kafash-vccn014:31099
2022-09-11 09:22,efeash-vpcn076,DP,frontend prdab,,filebeat.yml,elkrck-vccn009:5044 elkrck-vccn010:5044 elkrck-vccn011:5044,kafash-vccn010:31095 kafash-vccn011:31096 kafash-vccn012:31097 kafash-vccn013:31098 kafash-vccn014:31099
2022-09-11 09:22,efeash-vpcn077,DP,frontend prdab,,filebeat.yml,elkrck-vccn009:5044 elkrck-vccn010:5044 elkrck-vccn011:5044,kafash-vccn010:31095 kafash-vccn011:31096 kafash-vccn012:31097 kafash-vccn013:31098 kafash-vccn014:31099
2022-09-11 09:22,efeash-vpcn078,DP,frontend prdab,,filebeat.yml,elkrck-vccn009:5044 elkrck-vccn010:5044 elkrck-vccn011:5044,kafash-vccn010:31095 kafash-vccn011:31096 kafash-vccn012:31097 kafash-vccn013:31098 kafash-vccn014:31099
2022-09-11 09:22,efeash-vpcn079,DP,frontend prdab,,filebeat.yml,elkrck-vccn009:5044 elkrck-vccn010:5044 elkrck-vccn011:5044,kafash-vccn010:31095 kafash-vccn011:31096 kafash-vccn012:31097 kafash-vccn013:31098 kafash-vccn014:31099
2022-09-11 09:22,efeash-vpcn080,DP,frontend prdab,,filebeat.yml,elkrck-vccn009:5044 elkrck-vccn010:5044 elkrck-vccn011:5044,kafash-vccn010:31095 kafash-vccn011:31096 kafash-vccn012:31097 kafash-vccn013:31098 kafash-vccn014:31099
2022-09-11 09:22,efeash-vpcn081,DP,frontend prdab,,filebeat.yml,elkrck-vccn009:5044 elkrck-vccn010:5044 elkrck-vccn011:5044,kafash-vccn010:31095 kafash-vccn011:31096 kafash-vccn012:31097 kafash-vccn013:31098 kafash-vccn014:31099
2022-09-11 09:22,efeash-vpcn082,DP,frontend prdab,,filebeat.yml,elkrck-vccn009:5044 elkrck-vccn010:5044 elkrck-vccn011:5044,kafash-vccn010:31095 kafash-vccn011:31096 kafash-vccn012:31097 kafash-vccn013:31098 kafash-vccn014:31099
2022-09-11 09:22,efeash-vpcn083,DP,frontend prdab,,filebeat.yml,elkrck-vccn009:5044 elkrck-vccn010:5044 elkrck-vccn011:5044,kafash-vccn010:31095 kafash-vccn011:31096 kafash-vccn012:31097 kafash-vccn013:31098 kafash-vccn014:31099
2022-09-11 09:22,efeash-vpcn084,DP,frontend prdab,,filebeat.yml,elkrck-vccn009:5044 elkrck-vccn010:5044 elkrck-vccn011:5044,kafash-vccn010:31095 kafash-vccn011:31096 kafash-vccn012:31097 kafash-vccn013:31098 kafash-vccn014:31099
2022-09-11 09:22,efeash-vpcn085,DP,frontend prdab,,filebeat.yml,elkrck-vccn009:5044 elkrck-vccn010:5044 elkrck-vccn011:5044,kafash-vccn010:31095 kafash-vccn011:31096 kafash-vccn012:31097 kafash-vccn013:31098 kafash-vccn014:31099
2022-09-11 09:22,efeash-vpcn086,DP,frontend prdab,,filebeat.yml,elkrck-vccn009:5044 elkrck-vccn010:5044 elkrck-vccn011:5044,kafash-vccn010:31095 kafash-vccn011:31096 kafash-vccn012:31097 kafash-vccn013:31098 kafash-vccn014:31099
2022-09-11 09:22,efeash-vpcn087,DP,frontend prdab,,filebeat.yml,elkrck-vccn009:5044 elkrck-vccn010:5044 elkrck-vccn011:5044,kafash-vccn010:31095 kafash-vccn011:31096 kafash-vccn012:31097 kafash-vccn013:31098 kafash-vccn014:31099
2022-09-11 09:22,efeash-vpcn088,DP,frontend prdab,,filebeat.yml,elkrck-vccn009:5044 elkrck-vccn010:5044 elkrck-vccn011:5044,kafash-vccn010:31095 kafash-vccn011:31096 kafash-vccn012:31097 kafash-vccn013:31098 kafash-vccn014:31099
2022-09-11 09:22,efeash-vpcn089,DP,frontend preprd preprdab,,,,kafash-vccn010:31095 kafash-vccn011:31096 kafash-vccn012:31097 kafash-vccn013:31098 kafash-vccn014:31099
2022-09-11 09:22,efeash-vpcn090,DP,frontend prdab,,filebeat.yml,elkrck-vccn009:5044 elkrck-vccn010:5044 elkrck-vccn011:5044,kafash-vccn010:31095 kafash-vccn011:31096 kafash-vccn012:31097 kafash-vccn013:31098 kafash-vccn014:31099
2022-09-11 09:22,efeash-vpcn091,DP,frontend prdab,,filebeat.yml,elkrck-vccn009:5044 elkrck-vccn010:5044 elkrck-vccn011:5044,kafash-vccn010:31095 kafash-vccn011:31096 kafash-vccn012:31097 kafash-vccn013:31098 kafash-vccn014:31099
2022-09-11 09:22,efeash-vpcn092,DP,frontend prdab,,filebeat.yml,elkrck-vccn009:5044 elkrck-vccn010:5044 elkrck-vccn011:5044,kafash-vccn010:31095 kafash-vccn011:31096 kafash-vccn012:31097 kafash-vccn013:31098 kafash-vccn014:31099
2022-09-11 09:22,efeash-vpcn093,DP,frontend prdab,,filebeat.yml,elkrck-vccn009:5044 elkrck-vccn010:5044 elkrck-vccn011:5044,kafash-vccn010:31095 kafash-vccn011:31096 kafash-vccn012:31097 kafash-vccn013:31098 kafash-vccn014:31099
2022-09-11 09:22,efeash-vpcn094,DP,frontend prdab,,filebeat.yml,elkrck-vccn009:5044 elkrck-vccn010:5044 elkrck-vccn011:5044,kafash-vccn010:31095 kafash-vccn011:31096 kafash-vccn012:31097 kafash-vccn013:31098 kafash-vccn014:31099
2022-09-11 09:22,efeash-vpcn095,DP,frontend prdab,,filebeat.yml,elkrck-vccn009:5044 elkrck-vccn010:5044 elkrck-vccn011:5044,kafash-vccn010:31095 kafash-vccn011:31096 kafash-vccn012:31097 kafash-vccn013:31098 kafash-vccn014:31099
2022-09-11 09:22,efeash-vpcn096,DP,frontend prdab,,filebeat.yml,elkrck-vccn009:5044 elkrck-vccn010:5044 elkrck-vccn011:5044,kafash-vccn010:31095 kafash-vccn011:31096 kafash-vccn012:31097 kafash-vccn013:31098 kafash-vccn014:31099
2022-09-11 09:22,efeash-vpcn097,DP,frontend prdab,,filebeat.yml,elkrck-vccn009:5044 elkrck-vccn010:5044 elkrck-vccn011:5044,kafash-vccn010:31095 kafash-vccn011:31096 kafash-vccn012:31097 kafash-vccn013:31098 kafash-vccn014:31099
2022-09-11 09:22,efeash-vpcn098,DP,frontend prdab,,filebeat.yml,elkrck-vccn009:5044 elkrck-vccn010:5044 elkrck-vccn011:5044,kafash-vccn010:31095 kafash-vccn011:31096 kafash-vccn012:31097 kafash-vccn013:31098 kafash-vccn014:31099
2022-09-11 09:22,efeash-vpcn099,DP,frontend prdab,,filebeat.yml,elkrck-vccn009:5044 elkrck-vccn010:5044 elkrck-vccn011:5044,kafash-vccn010:31095 kafash-vccn011:31096 kafash-vccn012:31097 kafash-vccn013:31098 kafash-vccn014:31099
2022-09-11 09:22,eferck-vpcn001,DP,frontend prdrk,,filebeat.yml,elkrck-vccn009:5044 elkrck-vccn010:5044 elkrck-vccn011:5044,kafrck-vccn010:31095 kafrck-vccn011:31096 kafrck-vccn012:31097 kafrck-vccn013:31098 kafrck-vccn014:31099
2022-09-11 09:22,eferck-vpcn002,DP,frontend preprd preprdrk,,,,kafrck-vccn010:31095 kafrck-vccn011:31096 kafrck-vccn012:31097 kafrck-vccn013:31098 kafrck-vccn014:31099
2022-09-11 09:22,eferck-vpcn003,DP,frontend prdrk,,filebeat.yml,elkrck-vccn009:5044 elkrck-vccn010:5044 elkrck-vccn011:5044,kafrck-vccn010:31095 kafrck-vccn011:31096 kafrck-vccn012:31097 kafrck-vccn013:31098 kafrck-vccn014:31099
2022-09-11 09:22,eferck-vpcn004,DP,frontend prdrk,,filebeat.yml,elkrck-vccn009:5044 elkrck-vccn010:5044 elkrck-vccn011:5044,kafrck-vccn010:31095 kafrck-vccn011:31096 kafrck-vccn012:31097 kafrck-vccn013:31098 kafrck-vccn014:31099
2022-09-11 09:22,eferck-vpcn005,DP,frontend prdrk,,filebeat.yml,elkrck-vccn009:5044 elkrck-vccn010:5044 elkrck-vccn011:5044,kafrck-vccn010:31095 kafrck-vccn011:31096 kafrck-vccn012:31097 kafrck-vccn013:31098 kafrck-vccn014:31099
2022-09-11 09:22,eferck-vpcn006,DP,frontend prdrk,,filebeat.yml,elkrck-vccn009:5044 elkrck-vccn010:5044 elkrck-vccn011:5044,kafrck-vccn010:31095 kafrck-vccn011:31096 kafrck-vccn012:31097 kafrck-vccn013:31098 kafrck-vccn014:31099
2022-09-11 09:22,eferck-vpcn007,DP,frontend prdrk,,filebeat.yml,elkrck-vccn009:5044 elkrck-vccn010:5044 elkrck-vccn011:5044,kafrck-vccn010:31095 kafrck-vccn011:31096 kafrck-vccn012:31097 kafrck-vccn013:31098 kafrck-vccn014:31099
2022-09-11 09:22,eferck-vpcn008,DP,frontend prdrk,,filebeat.yml,elkrck-vccn009:5044 elkrck-vccn010:5044 elkrck-vccn011:5044,kafrck-vccn010:31095 kafrck-vccn011:31096 kafrck-vccn012:31097 kafrck-vccn013:31098 kafrck-vccn014:31099
2022-09-11 09:22,eferck-vpcn009,DP,frontend prdrk,,filebeat.yml,elkrck-vccn009:5044 elkrck-vccn010:5044 elkrck-vccn011:5044,kafrck-vccn010:31095 kafrck-vccn011:31096 kafrck-vccn012:31097 kafrck-vccn013:31098 kafrck-vccn014:31099
2022-09-11 09:22,eferck-vpcn010,DP,frontend prdrk,,filebeat.yml,elkrck-vccn009:5044 elkrck-vccn010:5044 elkrck-vccn011:5044,kafrck-vccn010:31095 kafrck-vccn011:31096 kafrck-vccn012:31097 kafrck-vccn013:31098 kafrck-vccn014:31099
2022-09-11 09:22,eferck-vpcn011,DP,frontend prdrk,,filebeat.yml,elkrck-vccn009:5044 elkrck-vccn010:5044 elkrck-vccn011:5044,kafrck-vccn010:31095 kafrck-vccn011:31096 kafrck-vccn012:31097 kafrck-vccn013:31098 kafrck-vccn014:31099
2022-09-11 09:22,eferck-vpcn012,DP,frontend prdrk,,filebeat.yml,elkrck-vccn009:5044 elkrck-vccn010:5044 elkrck-vccn011:5044,kafrck-vccn010:31095 kafrck-vccn011:31096 kafrck-vccn012:31097 kafrck-vccn013:31098 kafrck-vccn014:31099
2022-09-11 09:22,eferck-vpcn013,DP,frontend preprd preprdrk,,,,kafrck-vccn010:31095 kafrck-vccn011:31096 kafrck-vccn012:31097 kafrck-vccn013:31098 kafrck-vccn014:31099
2022-09-11 09:22,eferck-vpcn014,DP,frontend prdrk,,filebeat.yml,elkrck-vccn009:5044 elkrck-vccn010:5044 elkrck-vccn011:5044,kafrck-vccn010:31095 kafrck-vccn011:31096 kafrck-vccn012:31097 kafrck-vccn013:31098 kafrck-vccn014:31099
2022-09-11 09:22,eferck-vpcn015,DP,frontend prdrk,,filebeat.yml,elkrck-vccn009:5044 elkrck-vccn010:5044 elkrck-vccn011:5044,kafrck-vccn010:31095 kafrck-vccn011:31096 kafrck-vccn012:31097 kafrck-vccn013:31098 kafrck-vccn014:31099
2022-09-11 09:22,eferck-vpcn016,DP,frontend prdrk,,filebeat.yml,elkrck-vccn009:5044 elkrck-vccn010:5044 elkrck-vccn011:5044,kafrck-vccn010:31095 kafrck-vccn011:31096 kafrck-vccn012:31097 kafrck-vccn013:31098 kafrck-vccn014:31099
2022-09-11 09:22,eferck-vpcn017,DP,frontend prdrk,,filebeat.yml,elkrck-vccn009:5044 elkrck-vccn010:5044 elkrck-vccn011:5044,kafrck-vccn010:31095 kafrck-vccn011:31096 kafrck-vccn012:31097 kafrck-vccn013:31098 kafrck-vccn014:31099
2022-09-11 09:22,eferck-vpcn018,DP,frontend preprd preprdrk,,,,kafrck-vccn010:31095 kafrck-vccn011:31096 kafrck-vccn012:31097 kafrck-vccn013:31098 kafrck-vccn014:31099
2022-09-11 09:22,eferck-vpcn019,DP,frontend prdrk,,filebeat.yml,elkrck-vccn009:5044 elkrck-vccn010:5044 elkrck-vccn011:5044,kafrck-vccn010:31095 kafrck-vccn011:31096 kafrck-vccn012:31097 kafrck-vccn013:31098 kafrck-vccn014:31099
2022-09-11 09:22,eferck-vpcn020,DP,frontend prdrk,,filebeat.yml,elkrck-vccn009:5044 elkrck-vccn010:5044 elkrck-vccn011:5044,kafrck-vccn010:31095 kafrck-vccn011:31096 kafrck-vccn012:31097 kafrck-vccn013:31098 kafrck-vccn014:31099
2022-09-11 09:22,eferck-vpcn021,DP,frontend prdrk,,filebeat.yml,elkrck-vccn009:5044 elkrck-vccn010:5044 elkrck-vccn011:5044,kafrck-vccn010:31095 kafrck-vccn011:31096 kafrck-vccn012:31097 kafrck-vccn013:31098 kafrck-vccn014:31099
2022-09-11 09:22,eferck-vpcn022,DP,frontend prdrk,,filebeat.yml,elkrck-vccn009:5044 elkrck-vccn010:5044 elkrck-vccn011:5044,kafrck-vccn010:31095 kafrck-vccn011:31096 kafrck-vccn012:31097 kafrck-vccn013:31098 kafrck-vccn014:31099
2022-09-11 09:22,eferck-vpcn023,DP,frontend prdrk,,filebeat.yml,elkrck-vccn009:5044 elkrck-vccn010:5044 elkrck-vccn011:5044,kafrck-vccn010:31095 kafrck-vccn011:31096 kafrck-vccn012:31097 kafrck-vccn013:31098 kafrck-vccn014:31099
2022-09-11 09:22,eferck-vpcn024,DP,frontend prdrk,,filebeat.yml,elkrck-vccn009:5044 elkrck-vccn010:5044 elkrck-vccn011:5044,kafrck-vccn010:31095 kafrck-vccn011:31096 kafrck-vccn012:31097 kafrck-vccn013:31098 kafrck-vccn014:31099
2022-09-11 09:22,eferck-vpcn025,DP,frontend prdrk,,filebeat.yml,elkrck-vccn009:5044 elkrck-vccn010:5044 elkrck-vccn011:5044,kafrck-vccn010:31095 kafrck-vccn011:31096 kafrck-vccn012:31097 kafrck-vccn013:31098 kafrck-vccn014:31099
2022-09-11 09:22,eferck-vpcn026,DP,frontend prdrk,,filebeat.yml,elkrck-vccn009:5044 elkrck-vccn010:5044 elkrck-vccn011:5044,kafrck-vccn010:31095 kafrck-vccn011:31096 kafrck-vccn012:31097 kafrck-vccn013:31098 kafrck-vccn014:31099
2022-09-11 09:22,eferck-vpcn027,DP,frontend prdrk,,filebeat.yml,elkrck-vccn009:5044 elkrck-vccn010:5044 elkrck-vccn011:5044,kafrck-vccn010:31095 kafrck-vccn011:31096 kafrck-vccn012:31097 kafrck-vccn013:31098 kafrck-vccn014:31099
2022-09-11 09:22,eferck-vpcn028,DP,frontend preprd preprdrk,,,,kafrck-vccn010:31095 kafrck-vccn011:31096 kafrck-vccn012:31097 kafrck-vccn013:31098 kafrck-vccn014:31099
2022-09-11 09:22,eferck-vpcn029,DP,frontend prdrk,,filebeat.yml,elkrck-vccn009:5044 elkrck-vccn010:5044 elkrck-vccn011:5044,kafrck-vccn010:31095 kafrck-vccn011:31096 kafrck-vccn012:31097 kafrck-vccn013:31098 kafrck-vccn014:31099
2022-09-11 09:22,eferck-vpcn030,DP,frontend prdrk,,filebeat.yml,elkrck-vccn009:5044 elkrck-vccn010:5044 elkrck-vccn011:5044,kafrck-vccn010:31095 kafrck-vccn011:31096 kafrck-vccn012:31097 kafrck-vccn013:31098 kafrck-vccn014:31099
2022-09-11 09:22,eferck-vpcn031,DP,frontend prdrk,,filebeat.yml,elkrck-vccn009:5044 elkrck-vccn010:5044 elkrck-vccn011:5044,kafrck-vccn010:31095 kafrck-vccn011:31096 kafrck-vccn012:31097 kafrck-vccn013:31098 kafrck-vccn014:31099
2022-09-11 09:22,eferck-vpcn032,DP,frontend prdrk,,filebeat.yml,elkrck-vccn009:5044 elkrck-vccn010:5044 elkrck-vccn011:5044,kafrck-vccn010:31095 kafrck-vccn011:31096 kafrck-vccn012:31097 kafrck-vccn013:31098 kafrck-vccn014:31099
2022-09-11 09:22,eferck-vpcn033,DP,frontend prdrk,,filebeat.yml,elkrck-vccn009:5044 elkrck-vccn010:5044 elkrck-vccn011:5044,kafrck-vccn010:31095 kafrck-vccn011:31096 kafrck-vccn012:31097 kafrck-vccn013:31098 kafrck-vccn014:31099
2022-09-11 09:22,eferck-vpcn034,DP,frontend prdrk,,filebeat.yml,elkrck-vccn009:5044 elkrck-vccn010:5044 elkrck-vccn011:5044,kafrck-vccn010:31095 kafrck-vccn011:31096 kafrck-vccn012:31097 kafrck-vccn013:31098 kafrck-vccn014:31099
2022-09-11 09:22,eferck-vpcn035,DP,frontend prdrk,,filebeat.yml,elkrck-vccn009:5044 elkrck-vccn010:5044 elkrck-vccn011:5044,kafrck-vccn010:31095 kafrck-vccn011:31096 kafrck-vccn012:31097 kafrck-vccn013:31098 kafrck-vccn014:31099
2022-09-11 09:22,eferck-vpcn036,DP,frontend preprd preprdrk,,filebeat.yml,null,kafrck-vccn010:31095 kafrck-vccn011:31096 kafrck-vccn012:31097 kafrck-vccn013:31098 kafrck-vccn014:31099
2022-09-11 09:22,eferck-vpcn037,DP,frontend prdrk,,filebeat.yml,elkrck-vccn009:5044 elkrck-vccn010:5044 elkrck-vccn011:5044,kafrck-vccn010:31095 kafrck-vccn011:31096 kafrck-vccn012:31097 kafrck-vccn013:31098 kafrck-vccn014:31099
2022-09-11 09:22,eferck-vpcn038,DP,frontend prdrk,,filebeat.yml,elkrck-vccn009:5044 elkrck-vccn010:5044 elkrck-vccn011:5044,kafrck-vccn010:31095 kafrck-vccn011:31096 kafrck-vccn012:31097 kafrck-vccn013:31098 kafrck-vccn014:31099
2022-09-11 09:22,eferck-vpcn039,DP,frontend prdrk,,filebeat.yml,elkrck-vccn009:5044 elkrck-vccn010:5044 elkrck-vccn011:5044,kafrck-vccn010:31095 kafrck-vccn011:31096 kafrck-vccn012:31097 kafrck-vccn013:31098 kafrck-vccn014:31099
2022-09-11 09:22,eferck-vpcn040,DP,frontend prdrk,,filebeat.yml,elkrck-vccn009:5044 elkrck-vccn010:5044 elkrck-vccn011:5044,kafrck-vccn010:31095 kafrck-vccn011:31096 kafrck-vccn012:31097 kafrck-vccn013:31098 kafrck-vccn014:31099
2022-09-11 09:22,eferck-vpcn041,DP,frontend prdrk,,filebeat.yml,elkrck-vccn009:5044 elkrck-vccn010:5044 elkrck-vccn011:5044,kafrck-vccn010:31095 kafrck-vccn011:31096 kafrck-vccn012:31097 kafrck-vccn013:31098 kafrck-vccn014:31099
2022-09-11 09:22,eferck-vpcn042,DP,frontend prdrk,,filebeat.yml,elkrck-vccn009:5044 elkrck-vccn010:5044 elkrck-vccn011:5044,kafrck-vccn010:31095 kafrck-vccn011:31096 kafrck-vccn012:31097 kafrck-vccn013:31098 kafrck-vccn014:31099
2022-09-11 09:22,eferck-vpcn043,DP,frontend prdrk,,filebeat.yml,elkrck-vccn009:5044 elkrck-vccn010:5044 elkrck-vccn011:5044,kafrck-vccn010:31095 kafrck-vccn011:31096 kafrck-vccn012:31097 kafrck-vccn013:31098 kafrck-vccn014:31099
2022-09-11 09:22,eferck-vpcn044,DP,frontend preprd preprdrk,,,,kafrck-vccn010:31095 kafrck-vccn011:31096 kafrck-vccn012:31097 kafrck-vccn013:31098 kafrck-vccn014:31099
2022-09-11 09:22,eferck-vpcn045,DP,frontend prdrk,,filebeat.yml,elkrck-vccn009:5044 elkrck-vccn010:5044 elkrck-vccn011:5044,kafrck-vccn010:31095 kafrck-vccn011:31096 kafrck-vccn012:31097 kafrck-vccn013:31098 kafrck-vccn014:31099
2022-09-11 09:22,eferck-vpcn046,DP,frontend prdrk,,filebeat.yml,elkrck-vccn009:5044 elkrck-vccn010:5044 elkrck-vccn011:5044,kafrck-vccn010:31095 kafrck-vccn011:31096 kafrck-vccn012:31097 kafrck-vccn013:31098 kafrck-vccn014:31099
2022-09-11 09:22,eferck-vpcn047,DP,frontend prdrk,,filebeat.yml,elkrck-vccn009:5044 elkrck-vccn010:5044 elkrck-vccn011:5044,kafrck-vccn010:31095 kafrck-vccn011:31096 kafrck-vccn012:31097 kafrck-vccn013:31098 kafrck-vccn014:31099
2022-09-11 09:22,eferck-vpcn048,DP,frontend prdrk,,filebeat.yml,elkrck-vccn009:5044 elkrck-vccn010:5044 elkrck-vccn011:5044,kafrck-vccn010:31095 kafrck-vccn011:31096 kafrck-vccn012:31097 kafrck-vccn013:31098 kafrck-vccn014:31099
2022-09-11 09:22,eferck-vpcn049,DP,frontend prdrk,,filebeat.yml,elkrck-vccn009:5044 elkrck-vccn010:5044 elkrck-vccn011:5044,kafrck-vccn010:31095 kafrck-vccn011:31096 kafrck-vccn012:31097 kafrck-vccn013:31098 kafrck-vccn014:31099
2022-09-11 09:22,eferck-vpcn050,DP,frontend prdrk,,filebeat.yml,elkrck-vccn009:5044 elkrck-vccn010:5044 elkrck-vccn011:5044,kafrck-vccn010:31095 kafrck-vccn011:31096 kafrck-vccn012:31097 kafrck-vccn013:31098 kafrck-vccn014:31099
2022-09-11 09:22,eferck-vpcn051,DP,frontend prdrk,,filebeat.yml,elkrck-vccn009:5044 elkrck-vccn010:5044 elkrck-vccn011:5044,kafrck-vccn010:31095 kafrck-vccn011:31096 kafrck-vccn012:31097 kafrck-vccn013:31098 kafrck-vccn014:31099
2022-09-11 09:22,eferck-vpcn052,DP,frontend prdrk,,filebeat.yml,elkrck-vccn009:5044 elkrck-vccn010:5044 elkrck-vccn011:5044,kafrck-vccn010:31095 kafrck-vccn011:31096 kafrck-vccn012:31097 kafrck-vccn013:31098 kafrck-vccn014:31099
2022-09-11 09:22,eferck-vpcn053,DP,frontend prdrk,,filebeat.yml,elkrck-vccn009:5044 elkrck-vccn010:5044 elkrck-vccn011:5044,kafrck-vccn010:31095 kafrck-vccn011:31096 kafrck-vccn012:31097 kafrck-vccn013:31098 kafrck-vccn014:31099
2022-09-11 09:22,eferck-vpcn054,DP,frontend prdrk,,filebeat.yml,elkrck-vccn009:5044 elkrck-vccn010:5044 elkrck-vccn011:5044,kafrck-vccn010:31095 kafrck-vccn011:31096 kafrck-vccn012:31097 kafrck-vccn013:31098 kafrck-vccn014:31099
2022-09-11 09:22,eferck-vpcn055,DP,frontend prdrk,,filebeat.yml,elkrck-vccn009:5044 elkrck-vccn010:5044 elkrck-vccn011:5044,kafrck-vccn010:31095 kafrck-vccn011:31096 kafrck-vccn012:31097 kafrck-vccn013:31098 kafrck-vccn014:31099
2022-09-11 09:22,eferck-vpcn056,DP,frontend prdrk,,filebeat.yml,elkrck-vccn009:5044 elkrck-vccn010:5044 elkrck-vccn011:5044,kafrck-vccn010:31095 kafrck-vccn011:31096 kafrck-vccn012:31097 kafrck-vccn013:31098 kafrck-vccn014:31099
2022-09-11 09:22,eferck-vpcn057,DP,frontend prdrk,,filebeat.yml,elkrck-vccn009:5044 elkrck-vccn010:5044 elkrck-vccn011:5044,kafrck-vccn010:31095 kafrck-vccn011:31096 kafrck-vccn012:31097 kafrck-vccn013:31098 kafrck-vccn014:31099
2022-09-11 09:22,eferck-vpcn058,DP,frontend prdrk,,filebeat.yml,elkrck-vccn009:5044 elkrck-vccn010:5044 elkrck-vccn011:5044,kafrck-vccn010:31095 kafrck-vccn011:31096 kafrck-vccn012:31097 kafrck-vccn013:31098 kafrck-vccn014:31099
2022-09-11 09:22,eferck-vpcn059,DP,frontend prdrk,,filebeat.yml,elkrck-vccn009:5044 elkrck-vccn010:5044 elkrck-vccn011:5044,kafrck-vccn010:31095 kafrck-vccn011:31096 kafrck-vccn012:31097 kafrck-vccn013:31098 kafrck-vccn014:31099
2022-09-11 09:22,eferck-vpcn060,DP,frontend prdrk,,filebeat.yml,elkrck-vccn009:5044 elkrck-vccn010:5044 elkrck-vccn011:5044,kafrck-vccn010:31095 kafrck-vccn011:31096 kafrck-vccn012:31097 kafrck-vccn013:31098 kafrck-vccn014:31099
2022-09-11 09:22,eferck-vpcn061,DP,frontend prdrk,,filebeat.yml,elkrck-vccn009:5044 elkrck-vccn010:5044 elkrck-vccn011:5044,kafrck-vccn010:31095 kafrck-vccn011:31096 kafrck-vccn012:31097 kafrck-vccn013:31098 kafrck-vccn014:31099
2022-09-11 09:22,eferck-vpcn062,DP,frontend prdrk,,filebeat.yml,elkrck-vccn009:5044 elkrck-vccn010:5044 elkrck-vccn011:5044,kafrck-vccn010:31095 kafrck-vccn011:31096 kafrck-vccn012:31097 kafrck-vccn013:31098 kafrck-vccn014:31099
2022-09-11 09:22,eferck-vpcn063,DP,frontend prdrk,,filebeat.yml,elkrck-vccn009:5044 elkrck-vccn010:5044 elkrck-vccn011:5044,kafrck-vccn010:31095 kafrck-vccn011:31096 kafrck-vccn012:31097 kafrck-vccn013:31098 kafrck-vccn014:31099
2022-09-11 09:22,eferck-vpcn072,DP,frontend prdrk,,filebeat.yml,elkrck-vccn009:5044 elkrck-vccn010:5044 elkrck-vccn011:5044,kafrck-vccn010:31095 kafrck-vccn011:31096 kafrck-vccn012:31097 kafrck-vccn013:31098 kafrck-vccn014:31099
2022-09-11 09:22,eferck-vpcn073,DP,frontend prdrk,,filebeat.yml,elkrck-vccn009:5044 elkrck-vccn010:5044 elkrck-vccn011:5044,kafrck-vccn010:31095 kafrck-vccn011:31096 kafrck-vccn012:31097 kafrck-vccn013:31098 kafrck-vccn014:31099
2022-09-11 09:22,eferck-vpcn074,DP,frontend prdrk,,filebeat.yml,elkrck-vccn009:5044 elkrck-vccn010:5044 elkrck-vccn011:5044,kafrck-vccn010:31095 kafrck-vccn011:31096 kafrck-vccn012:31097 kafrck-vccn013:31098 kafrck-vccn014:31099
2022-09-11 09:22,eferck-vpcn075,DP,frontend prdrk,,filebeat.yml,elkrck-vccn009:5044 elkrck-vccn010:5044 elkrck-vccn011:5044,kafrck-vccn010:31095 kafrck-vccn011:31096 kafrck-vccn012:31097 kafrck-vccn013:31098 kafrck-vccn014:31099
2022-09-11 09:22,eferck-vpcn079,DP,frontend prdrk,,filebeat.yml,elkrck-vccn009:5044 elkrck-vccn010:5044 elkrck-vccn011:5044,kafrck-vccn010:31095 kafrck-vccn011:31096 kafrck-vccn012:31097 kafrck-vccn013:31098 kafrck-vccn014:31099
2022-09-11 09:22,eferck-vpcn080,DP,frontend prdrk,,filebeat.yml,elkrck-vccn009:5044 elkrck-vccn010:5044 elkrck-vccn011:5044,kafrck-vccn010:31095 kafrck-vccn011:31096 kafrck-vccn012:31097 kafrck-vccn013:31098 kafrck-vccn014:31099
2022-09-11 09:22,eferck-vpcn081,DP,frontend prdrk,,filebeat.yml,elkrck-vccn009:5044 elkrck-vccn010:5044 elkrck-vccn011:5044,kafrck-vccn010:31095 kafrck-vccn011:31096 kafrck-vccn012:31097 kafrck-vccn013:31098 kafrck-vccn014:31099
2022-09-11 09:22,eferck-vpcn086,DP,frontend prdrk,,filebeat.yml,elkrck-vccn009:5044 elkrck-vccn010:5044 elkrck-vccn011:5044,kafrck-vccn010:31095 kafrck-vccn011:31096 kafrck-vccn012:31097 kafrck-vccn013:31098 kafrck-vccn014:31099
2022-09-11 09:22,eferck-vpcn087,DP,frontend prdrk,,filebeat.yml,elkrck-vccn009:5044 elkrck-vccn010:5044 elkrck-vccn011:5044,kafrck-vccn010:31095 kafrck-vccn011:31096 kafrck-vccn012:31097 kafrck-vccn013:31098 kafrck-vccn014:31099
2022-09-11 09:22,eferck-vpcn088,DP,frontend prdrk,,filebeat.yml,elkrck-vccn009:5044 elkrck-vccn010:5044 elkrck-vccn011:5044,kafrck-vccn010:31095 kafrck-vccn011:31096 kafrck-vccn012:31097 kafrck-vccn013:31098 kafrck-vccn014:31099
2022-09-11 09:22,eferck-vpcn093,DP,frontend prdrk,,filebeat.yml,elkrck-vccn009:5044 elkrck-vccn010:5044 elkrck-vccn011:5044,kafrck-vccn010:31095 kafrck-vccn011:31096 kafrck-vccn012:31097 kafrck-vccn013:31098 kafrck-vccn014:31099
2022-09-11 09:22,eferck-vpcn098,DP,frontend prdrk,,filebeat.yml,elkrck-vccn009:5044 elkrck-vccn010:5044 elkrck-vccn011:5044,kafrck-vccn010:31095 kafrck-vccn011:31096 kafrck-vccn012:31097 kafrck-vccn013:31098 kafrck-vccn014:31099
2022-09-11 09:22,eferck-vpcn101,DP,frontend prdrk,,filebeat.yml,elkrck-vccn009:5044 elkrck-vccn010:5044 elkrck-vccn011:5044,kafrck-vccn010:31095 kafrck-vccn011:31096 kafrck-vccn012:31097 kafrck-vccn013:31098 kafrck-vccn014:31099
2022-09-11 09:22,eferck-vpcn102,DP,frontend prdrk,,filebeat.yml,elkrck-vccn009:5044 elkrck-vccn010:5044 elkrck-vccn011:5044,kafrck-vccn010:31095 kafrck-vccn011:31096 kafrck-vccn012:31097 kafrck-vccn013:31098 kafrck-vccn014:31099
2022-09-11 09:22,eferck-vpcn103,DP,frontend prdrk,,filebeat.yml,elkrck-vccn009:5044 elkrck-vccn010:5044 elkrck-vccn011:5044,kafrck-vccn010:31095 kafrck-vccn011:31096 kafrck-vccn012:31097 kafrck-vccn013:31098 kafrck-vccn014:31099
2022-09-11 09:22,eferck-vpcn104,DP,frontend prdrk,,filebeat.yml,elkrck-vccn009:5044 elkrck-vccn010:5044 elkrck-vccn011:5044,kafrck-vccn010:31095 kafrck-vccn011:31096 kafrck-vccn012:31097 kafrck-vccn013:31098 kafrck-vccn014:31099
2022-09-11 09:22,eferck-vpcn105,DP,frontend prdrk,,filebeat.yml,elkrck-vccn009:5044 elkrck-vccn010:5044 elkrck-vccn011:5044,kafrck-vccn010:31095 kafrck-vccn011:31096 kafrck-vccn012:31097 kafrck-vccn013:31098 kafrck-vccn014:31099
2022-09-11 09:22,eferck-vpcn106,DP,frontend prdrk,,filebeat.yml,elkrck-vccn009:5044 elkrck-vccn010:5044 elkrck-vccn011:5044,kafrck-vccn010:31095 kafrck-vccn011:31096 kafrck-vccn012:31097 kafrck-vccn013:31098 kafrck-vccn014:31099
2022-09-11 09:22,eferck-vpcn107,DP,frontend prdrk,,filebeat.yml,elkrck-vccn009:5044 elkrck-vccn010:5044 elkrck-vccn011:5044,kafrck-vccn010:31095 kafrck-vccn011:31096 kafrck-vccn012:31097 kafrck-vccn013:31098 kafrck-vccn014:31099
2022-09-11 09:22,eferck-vpcn108,DP,frontend prdrk,,filebeat.yml,elkrck-vccn009:5044 elkrck-vccn010:5044 elkrck-vccn011:5044,kafrck-vccn010:31095 kafrck-vccn011:31096 kafrck-vccn012:31097 kafrck-vccn013:31098 kafrck-vccn014:31099
2022-09-11 09:22,eferck-vpcn109,DP,frontend prdrk,,filebeat.yml,elkrck-vccn009:5044 elkrck-vccn010:5044 elkrck-vccn011:5044,kafrck-vccn010:31095 kafrck-vccn011:31096 kafrck-vccn012:31097 kafrck-vccn013:31098 kafrck-vccn014:31099
2022-09-11 09:22,efesac-vpcn004,DP,frontend prdrk,,filebeat.yml,elkrck-vccn009:5044 elkrck-vccn010:5044 elkrck-vccn011:5044,kafrck-vccn010:31095 kafrck-vccn011:31096 kafrck-vccn012:31097 kafrck-vccn013:31098 kafrck-vccn014:31099
2022-09-11 09:22,efesac-vpcn005,DP,frontend prdrk,,filebeat.yml,elkrck-vccn009:5044 elkrck-vccn010:5044 elkrck-vccn011:5044,kafrck-vccn010:31095 kafrck-vccn011:31096 kafrck-vccn012:31097 kafrck-vccn013:31098 kafrck-vccn014:31099
2022-09-11 09:22,efesac-vpcn006,DP,frontend prdrk,,filebeat.yml,elkrck-vccn009:5044 elkrck-vccn010:5044 elkrck-vccn011:5044,kafrck-vccn010:31095 kafrck-vccn011:31096 kafrck-vccn012:31097 kafrck-vccn013:31098 kafrck-vccn014:31099
2022-09-11 09:22,favash-vccn001,Favorites,ab3v favorites prd,,filebeat.yml,null,kafash-vccn010:31095 kafash-vccn011:31096 kafash-vccn012:31097 kafash-vccn013:31098 kafash-vccn014:31099
2022-09-11 09:22,favash-vccn002,Favorites,ab4v favorites prd,,filebeat.yml,null,kafash-vccn010:31095 kafash-vccn011:31096 kafash-vccn012:31097 kafash-vccn013:31098 kafash-vccn014:31099
2022-09-11 09:22,favorites-prd-ab1v,Favorites,ab1v favorites prd,,filebeat.yml,null,kafash-vccn010:31090 kafash-vccn011:31091 kafash-vccn012:31092 kafash-vccn013:31093 kafash-vccn014:31094
2022-09-11 09:22,favorites-prd-ab2v,Favorites,ab2v favorites prd,,filebeat.yml,null,kafash-vccn010:31090 kafash-vccn011:31091 kafash-vccn012:31092 kafash-vccn013:31093 kafash-vccn014:31094
2022-09-11 09:22,favorites-prd-rk1v,Favorites,favorites prd rk1v,,filebeat.yml,null,kafrck-vccn010:31090 kafrck-vccn011:31091 kafrck-vccn012:31092 kafrck-vccn013:31093 kafrck-vccn014:31094
2022-09-11 09:22,favorites-prd-rk2v,Favorites,favorites prd rk2v,,filebeat.yml,null,kafrck-vccn010:31095 kafrck-vccn011:31096 kafrck-vccn012:31097 kafrck-vccn013:31098 kafrck-vccn014:31099
2022-09-11 09:22,favrck-vccn001,Favorites,favorites prd rk3v,,filebeat.yml,null,kafrck-vccn010:31095 kafrck-vccn011:31096 kafrck-vccn012:31097 kafrck-vccn013:31098 kafrck-vccn014:31099
2022-09-11 09:22,favrck-vccn002,Favorites,favorites prd rk4v,,filebeat.yml,null,kafrck-vccn010:31095 kafrck-vccn011:31096 kafrck-vccn012:31097 kafrck-vccn013:31098 kafrck-vccn014:31099
2022-09-11 09:22,feedgen-ca-prd-ab1v,OSS,oss-feedgen-ca prdab-ca prdab1-ca,,,,
2022-09-11 09:22,feedgen-ca-prd-sac1v,OSS,oss-feedgen-ca prdsac-ca prdsac1-ca,,filebeat.yml,null,
2022-09-11 09:22,feedgen-prd-rk1v,OSS,oss-feedgen prdrk prdrk1,,filebeat.yml,null,
2022-09-11 09:22,feedgen-prd-sac1v,OSS,oss-feedgen prdsac prdsac1,,filebeat.yml,null,
2022-09-11 09:22,hmfrck-vccn001,HomeFront,author homefront prd prdrk1 rk1,,filebeat.yml,null,
2022-09-11 09:22,hmfrck-vccn002,HomeFront,homefront prd prdrk1 publish rk1,,filebeat.yml,null,
2022-09-11 09:22,hmfrck-vccn003,HomeFront,homefront prd prdrk1 rk1 web,,filebeat.yml,null,
2022-09-11 09:22,imgrck-vccn001,ContentProcessor,contentprocessor prd prdrk,,filebeat.yml,null,
2022-09-11 09:22,imgrck-vpcn001,ContentProcessor,contentprocessor prd prdrk,,filebeat.yml,elkrck-vccn009:5044 elkrck-vccn010:5044 elkrck-vccn011:5044,
2022-09-11 09:22,invadj-prdab-rk1v,Invent-Adjustment,invent-adjustment prdab,,filebeat.yml,null,kafash-vccn010:31090 kafash-vccn011:31091 kafash-vccn012:31092 kafash-vccn013:31093 kafash-vccn014:31094
2022-09-11 09:22,invadj-prdrk-rk1v,Invent-Adjustment,invent-adjustment prdrk,,filebeat.yml,null,kafrck-vccn010:31090 kafrck-vccn011:31091 kafrck-vccn012:31092 kafrck-vccn013:31093 kafrck-vccn014:31094
2022-09-11 09:22,invash-vpcn002,Invent-Adjustment,ca-prdab invent-adjustment,,,,
2022-09-11 09:22,invsac-vpcn001,Invent-Adjustment,ca-prdsac invent-adjustment,,,,kafrck-vccn010:31090 kafrck-vccn011:31091 kafrck-vccn012:31092 kafrck-vccn013:31093 kafrck-vccn014:31094
2022-09-11 09:22,loyalty-prd-rk1v,Loyalty,batch loyalty prd prdrk rk1,,filebeat.yml,null,kafrck-vccn010:31090 kafrck-vccn011:31091 kafrck-vccn012:31092 kafrck-vccn013:31093 kafrck-vccn014:31094
2022-09-11 09:22,loyalty-prd-rk2v,Loyalty,loyalty prd prdrk rk2,,filebeat.yml,null,kafrck-vccn010:31090 kafrck-vccn011:31091 kafrck-vccn012:31092 kafrck-vccn013:31093 kafrck-vccn014:31094
2022-09-11 09:22,loyalty-prd-rk3v,Loyalty,loyalty prd prdrk rk3,,filebeat.yml,null,kafrck-vccn010:31090 kafrck-vccn011:31091 kafrck-vccn012:31092 kafrck-vccn013:31093 kafrck-vccn014:31094
2022-09-07 06:12,loyash-vpcn001,Loyalty,ab1 loyalty prd prdab,,filebeat.yml,null,kafash-vccn010:31090 kafash-vccn011:31091 kafash-vccn012:31092 kafash-vccn013:31093 kafash-vccn014:31094
2022-09-07 06:12,loyash-vpcn002,Loyalty,ab2 loyalty prd prdab,,filebeat.yml,null,kafash-vccn010:31090 kafash-vccn011:31091 kafash-vccn012:31092 kafash-vccn013:31093 kafash-vccn014:31094
2022-09-07 06:12,loyash-vpcn003,Loyalty,ab3 loyalty prd prdab,,filebeat.yml,null,kafash-vccn010:31090 kafash-vccn011:31091 kafash-vccn012:31092 kafash-vccn013:31093 kafash-vccn014:31094
2022-09-07 06:12,mg-preprd-ab1v,DP,frontend preprd preprdab,,filebeat.yml,null,kafash-vccn010:31095 kafash-vccn011:31096 kafash-vccn012:31097 kafash-vccn013:31098 kafash-vccn014:31099
2022-09-07 06:12,mg-preprd-rk1v,DP,frontend preprd preprdrk,,filebeat.yml,elkrck-vccn009:5044 elkrck-vccn010:5044 elkrck-vccn011:5044,
2022-09-11 09:22,ossrck-vccn007,OSS,oss-orchestrator prd prd1 prdrk prdrk1 rk1,,filebeat.yml,null,
2022-09-06 13:56,pb-ecmpub-prd-rk1v,ECM,ecm ecm-publish ecmpub prd prdrk publish,,filebeat.yml,elkrck-vccn009:5044 elkrck-vccn010:5044 elkrck-vccn011:5044,
2022-09-07 06:12,pb-preprd-ab1v,DP,frontend preprd preprdab,,filebeat.yml,null,kafash-vccn010:31095 kafash-vccn011:31096 kafash-vccn012:31097 kafash-vccn013:31098 kafash-vccn014:31099
2022-09-07 06:12,pb-preprd-rk1v,DP,frontend preprd preprdrk,,filebeat.yml,null,kafrck-vccn010:31095 kafrck-vccn011:31096 kafrck-vccn012:31097 kafrck-vccn013:31098 kafrck-vccn014:31099
2022-09-07 06:12,pk-preprd-ab1v,DP,frontend preprd preprdab,,filebeat.yml,null,kafash-vccn010:31095 kafash-vccn011:31096 kafash-vccn012:31097 kafash-vccn013:31098 kafash-vccn014:31099
2022-09-07 06:12,pk-preprd-rk1v,DP,frontend preprd preprdrk,,filebeat.yml,null,kafrck-vccn010:31095 kafrck-vccn011:31096 kafrck-vccn012:31097 kafrck-vccn013:31098 kafrck-vccn014:31099
2022-09-11 09:22,pradmprdrk1v,Singleuse,pradm prd prdrk singleuseadm,,filebeat.yml,null,
2022-09-11 09:22,prarck-vpcn002,Singleuse,newbox pradm prd prdrk singleuseadm,,filebeat.yml,null,
2022-09-11 09:22,prcash-vccn001,Pricing,prd prdab pricing promo promo-vis-east,,filebeat.yml,elkrck-vccn009:5044 elkrck-vccn010:5044 elkrck-vccn011:5044,kafrck-vicn017:31090 kafrck-vicn018:31091 kafrck-vicn019:31092 kafrck-vicn020:31093 kafrck-vicn021:31094
2022-09-11 09:22,prcash-vccn002,Pricing,prd prdab pricing promo promo-vis-east,,filebeat.yml,elkrck-vccn009:5044 elkrck-vccn010:5044 elkrck-vccn011:5044,kafrck-vicn017:31090 kafrck-vicn018:31091 kafrck-vicn019:31092 kafrck-vicn020:31093 kafrck-vicn021:31094
2022-09-11 09:22,prcash-vccn003,Pricing,prd prdab pricing promo promo-vis-east,,filebeat.yml,elkrck-vccn009:5044 elkrck-vccn010:5044 elkrck-vccn011:5044,kafrck-vicn017:31090 kafrck-vicn018:31091 kafrck-vicn019:31092 kafrck-vicn020:31093 kafrck-vicn021:31094
2022-09-11 09:22,prcash-vccn004,Pricing,prd prdab pricing promo promo-vis-east,,filebeat.yml,elkrck-vccn009:5044 elkrck-vccn010:5044 elkrck-vccn011:5044,kafrck-vicn017:31090 kafrck-vicn018:31091 kafrck-vicn019:31092 kafrck-vicn020:31093 kafrck-vicn021:31094
2022-09-11 09:22,prcash-vccn005,Pricing,prd prdab pricing promo promo-vis-east,,filebeat.yml,elkrck-vccn009:5044 elkrck-vccn010:5044 elkrck-vccn011:5044,kafrck-vicn017:31090 kafrck-vicn018:31091 kafrck-vicn019:31092 kafrck-vicn020:31093 kafrck-vicn021:31094
2022-09-11 09:22,prcash-vccn006,Pricing,prd prdab pricing promo promo-vis-east,,filebeat.yml,elkrck-vccn009:5044 elkrck-vccn010:5044 elkrck-vccn011:5044,kafrck-vicn017:31090 kafrck-vicn018:31091 kafrck-vicn019:31092 kafrck-vicn020:31093 kafrck-vicn021:31094
2022-09-11 09:22,prcash-vccn007,Pricing,omsd prd prdab pricing,,filebeat.yml,elkrck-vccn009:5044 elkrck-vccn010:5044 elkrck-vccn011:5044,kafrck-vicn017:31090 kafrck-vicn018:31091 kafrck-vicn019:31092 kafrck-vicn020:31093 kafrck-vicn021:31094
2022-09-11 09:22,prcash-vccn008,Pricing,omsd prd prdab pricing,,filebeat.yml,elkrck-vccn009:5044 elkrck-vccn010:5044 elkrck-vccn011:5044,kafrck-vicn017:31090 kafrck-vicn018:31091 kafrck-vicn019:31092 kafrck-vicn020:31093 kafrck-vicn021:31094
2022-09-11 09:22,prcash-vccn009,Pricing,omsd prd prdab pricing,,filebeat.yml,elkrck-vccn009:5044 elkrck-vccn010:5044 elkrck-vccn011:5044,kafrck-vicn017:31090 kafrck-vicn018:31091 kafrck-vicn019:31092 kafrck-vicn020:31093 kafrck-vicn021:31094
2022-09-11 09:22,prcash-vpcn001,Pricing,omsd prd prdab pricing,,filebeat.yml,null,kafrck-vicn017:31090 kafrck-vicn018:31091 kafrck-vicn019:31092 kafrck-vicn020:31093 kafrck-vicn021:31094
2022-09-11 09:22,prcash-vpcn002,Pricing,omsd prd prdab pricing,,filebeat.yml,null,kafrck-vicn017:31090 kafrck-vicn018:31091 kafrck-vicn019:31092 kafrck-vicn020:31093 kafrck-vicn021:31094
2022-09-11 09:22,prcrck-vccn001,Pricing,prd prdrk pricing promo promo-vis-west,,filebeat.yml,elkrck-vccn009:5044 elkrck-vccn010:5044 elkrck-vccn011:5044,kafrck-vicn017:31090 kafrck-vicn018:31091 kafrck-vicn019:31092 kafrck-vicn020:31093 kafrck-vicn021:31094
2022-09-11 09:22,prcrck-vccn002,Pricing,prd prdrk pricing promo promo-vis-west,,filebeat.yml,elkrck-vccn009:5044 elkrck-vccn010:5044 elkrck-vccn011:5044,kafrck-vicn017:31090 kafrck-vicn018:31091 kafrck-vicn019:31092 kafrck-vicn020:31093 kafrck-vicn021:31094
2022-09-11 09:22,prcrck-vccn003,Pricing,prd prdrk pricing promo promo-vis-west,,filebeat.yml,elkrck-vccn009:5044 elkrck-vccn010:5044 elkrck-vccn011:5044,kafrck-vicn017:31090 kafrck-vicn018:31091 kafrck-vicn019:31092 kafrck-vicn020:31093 kafrck-vicn021:31094
2022-09-11 09:22,prcrck-vccn004,Pricing,prd prdrk pricing promo promo-vis-west,,filebeat.yml,elkrck-vccn009:5044 elkrck-vccn010:5044 elkrck-vccn011:5044,kafrck-vicn017:31090 kafrck-vicn018:31091 kafrck-vicn019:31092 kafrck-vicn020:31093 kafrck-vicn021:31094
2022-09-11 09:22,prcrck-vccn005,Pricing,prd prdrk pricing promo promo-vis-west,,filebeat.yml,elkrck-vccn009:5044 elkrck-vccn010:5044 elkrck-vccn011:5044,kafrck-vicn017:31090 kafrck-vicn018:31091 kafrck-vicn019:31092 kafrck-vicn020:31093 kafrck-vicn021:31094
2022-09-11 09:22,prcrck-vccn006,Pricing,prd prdrk pricing promo promo-vis-west,,filebeat.yml,elkrck-vccn009:5044 elkrck-vccn010:5044 elkrck-vccn011:5044,kafrck-vicn017:31090 kafrck-vicn018:31091 kafrck-vicn019:31092 kafrck-vicn020:31093 kafrck-vicn021:31094
2022-09-11 09:22,prcrck-vccn007,Pricing,omsd prd prdrk pricing,,filebeat.yml,elkrck-vccn009:5044 elkrck-vccn010:5044 elkrck-vccn011:5044,kafrck-vicn017:31090 kafrck-vicn018:31091 kafrck-vicn019:31092 kafrck-vicn020:31093 kafrck-vicn021:31094
2022-09-11 09:22,prcrck-vccn008,Pricing,omsd prd prdrk pricing,,filebeat.yml,elkrck-vccn009:5044 elkrck-vccn010:5044 elkrck-vccn011:5044,kafrck-vicn017:31090 kafrck-vicn018:31091 kafrck-vicn019:31092 kafrck-vicn020:31093 kafrck-vicn021:31094
2022-09-11 09:22,prcrck-vccn009,Pricing,omsd prd prdrk pricing,,filebeat.yml,elkrck-vccn009:5044 elkrck-vccn010:5044 elkrck-vccn011:5044,kafrck-vicn017:31090 kafrck-vicn018:31091 kafrck-vicn019:31092 kafrck-vicn020:31093 kafrck-vicn021:31094
2022-09-11 09:22,prcrck-vpcn001,Pricing,omsd prd prdrk pricing,,filebeat.yml,null,kafrck-vicn017:31090 kafrck-vicn018:31091 kafrck-vicn019:31092 kafrck-vicn020:31093 kafrck-vicn021:31094
2022-09-11 09:22,prcrck-vpcn002,Pricing,omsd prd prdrk pricing,,filebeat.yml,null,kafrck-vicn017:31090 kafrck-vicn018:31091 kafrck-vicn019:31092 kafrck-vicn020:31093 kafrck-vicn021:31094
2022-09-11 09:22,prcrck-vpcn003,DataFeeds,dfeed-promo prd prdrk pricing,,filebeat.yml,null,kafrck-vicn017:31090 kafrck-vicn018:31091 kafrck-vicn019:31092 kafrck-vicn020:31093 kafrck-vicn021:31094
2022-09-11 09:22,prcrck-vpcn004,DataFeeds,dfeed-promo prd prdrk pricing,,filebeat.yml,null,kafrck-vicn017:31090 kafrck-vicn018:31091 kafrck-vicn019:31092 kafrck-vicn020:31093 kafrck-vicn021:31094
2022-09-11 09:22,prcrck-vpcn005,DataFeeds,dfeed-promo prd prdrk pricing,,filebeat.yml,null,kafrck-vicn017:31090 kafrck-vicn018:31091 kafrck-vicn019:31092 kafrck-vicn020:31093 kafrck-vicn021:31094
2022-09-11 09:22,proash-vccn004,Profile,ab5v prd prdab profile,,filebeat.yml,null,kafrck-vccn010:31090 kafrck-vccn011:31091 kafrck-vccn012:31092 kafrck-vccn013:31093 kafrck-vccn014:31094
2022-09-11 09:22,proash-vccn005,Profile,ab6v prd prdab profile,,filebeat.yml,null,kafrck-vccn010:31090 kafrck-vccn011:31091 kafrck-vccn012:31092 kafrck-vccn013:31093 kafrck-vccn014:31094
2022-09-11 09:22,proash-vccn006,Profile,ab7v prd prdab profile,,filebeat.yml,null,kafrck-vccn010:31090 kafrck-vccn011:31091 kafrck-vccn012:31092 kafrck-vccn013:31093 kafrck-vccn014:31094
2022-09-11 09:22,prorck-vccn004,Profile,prd prdrk profile rk5v,,filebeat.yml,elkrck-vccn009:5044 elkrck-vccn010:5044 elkrck-vccn011:5044,kafrck-vccn010:31090 kafrck-vccn011:31091 kafrck-vccn012:31092 kafrck-vccn013:31093 kafrck-vccn014:31094
2022-09-11 09:22,prorck-vccn005,Profile,prd prdrk profile rk6v,,filebeat.yml,null,kafrck-vccn010:31090 kafrck-vccn011:31091 kafrck-vccn012:31092 kafrck-vccn013:31093 kafrck-vccn014:31094
2022-09-11 09:22,prorck-vccn006,Profile,prd prdrk profile rk7v,,filebeat.yml,null,kafrck-vccn010:31090 kafrck-vccn011:31091 kafrck-vccn012:31092 kafrck-vccn013:31093 kafrck-vccn014:31094
2022-09-11 09:22,prprck-vccn001,Singleuse,dtcmo prd prdrk pricing singleuse,,filebeat.full.yml filebeat.yml,elkrck-vccn009:5044 elkrck-vccn010:5044 elkrck-vccn011:5044,
2022-09-11 09:22,prprck-vccn002,Pricing,prd prdrk pricing sterling,,filebeat.full.yml filebeat.yml,elkrck-vccn009:5044 elkrck-vccn010:5044 elkrck-vccn011:5044,
2022-09-11 09:22,prprck-vccn003,Pricing,prd prdrk pricing sterling,,filebeat.yml,elkrck-vccn009:5044 elkrck-vccn010:5044 elkrck-vccn011:5044,kafrck-vicn017:31090 kafrck-vicn018:31091 kafrck-vicn019:31092 kafrck-vicn020:31093 kafrck-vicn021:31094
2022-09-11 09:22,prprck-vccn004,Pricing,prd prdrk pricing sterling,,filebeat.yml,elkrck-vccn009:5044 elkrck-vccn010:5044 elkrck-vccn011:5044,kafrck-vicn017:31090 kafrck-vicn018:31091 kafrck-vicn019:31092 kafrck-vicn020:31093 kafrck-vicn021:31094
2022-09-11 09:22,prprck-vccn005,Pricing,prd prdrk pricing sterling,,filebeat.yml,elkrck-vccn009:5044 elkrck-vccn010:5044 elkrck-vccn011:5044,kafrck-vicn017:31090 kafrck-vicn018:31091 kafrck-vicn019:31092 kafrck-vicn020:31093 kafrck-vicn021:31094
2022-09-11 09:22,prpsac-vccn001,Pricing,prd prdsac pricing,,filebeat.yml,null,
2022-09-11 09:22,prpsac-vccn002,Pricing,prd prdsac pricing,,filebeat.yml,null,
2022-09-11 09:22,prpsac-vccn003,Pricing,prd prdsac pricing,,filebeat.yml,null,
2022-09-11 09:22,prpsac-vccn004,Pricing,prd prdsac pricing,,filebeat.yml,null,
2022-09-11 09:22,prpsac-vccn005,Pricing,prd prdsac pricing,,filebeat.yml,null,
2022-09-07 06:12,pt-preprd-ab1v,DP,frontend preprd preprdab,,filebeat.yml,null,kafash-vccn010:31095 kafash-vccn011:31096 kafash-vccn012:31097 kafash-vccn013:31098 kafash-vccn014:31099
2022-09-07 06:12,pt-preprd-rk1v,DP,frontend preprd preprdrk,,filebeat.yml,null,kafrck-vccn010:31095 kafrck-vccn011:31096 kafrck-vccn012:31097 kafrck-vccn013:31098 kafrck-vccn014:31099
2022-09-11 09:22,search-publisher-prd-rk1v,OSS,oss-publisher prdrk prdrk1,,filebeat.yml,null,
2022-09-11 09:22,regadm-prd-rk1v,Registry,admin prdrk registry,,filebeat.yml,null,
2022-09-11 09:22,regadm-prd-rk2v,Registry,admin prdrk registry,,filebeat.yml,null,
2022-09-11 09:22,regash-vccn001,Registry,ab1v fdn prdab registry,,filebeat.yml,null,
2022-09-11 09:22,regash-vccn002,Registry,ab2v fdn prdab registry,,filebeat.yml,null,
2022-09-11 09:22,regash-vccn003,Registry,ab1v prdab registry xbr,,filebeat.yml,null,kafash-vccn010:31095 kafash-vccn011:31096 kafash-vccn012:31097 kafash-vccn013:31098 kafash-vccn014:31099
2022-09-11 09:22,regash-vccn004,Registry,ab2v prdab registry xbr,,filebeat.yml,null,kafash-vccn010:31095 kafash-vccn011:31096 kafash-vccn012:31097 kafash-vccn013:31098 kafash-vccn014:31099
2022-09-11 09:22,regash-vpcn002,Registry,ab3v prdab registry xbr,,,,kafash-vccn010:31090 kafash-vccn011:31091 kafash-vccn012:31092 kafash-vccn013:31093 kafash-vccn014:31094
2022-09-11 09:22,regrck-vccn003,Registry,jobs prdrk registry rk1v,,filebeat.yml,null,
2022-09-11 09:22,regrck-vccn004,Registry,fdn prdrk registry rk1v,,filebeat.yml,null,
2022-09-11 09:22,regrck-vccn005,Registry,fdn prdrk registry rk2v,,filebeat.yml,null,
2022-09-11 09:22,regrck-vccn006,Registry,prdrk registry rk1v xbr,,filebeat.yml,null,kafrck-vccn010:31095 kafrck-vccn011:31096 kafrck-vccn012:31097 kafrck-vccn013:31098 kafrck-vccn014:31099
2022-09-11 09:22,regrck-vccn007,Registry,prdrk registry rk2v xbr,,filebeat.yml,null,kafrck-vccn010:31095 kafrck-vccn011:31096 kafrck-vccn012:31097 kafrck-vccn013:31098 kafrck-vccn014:31099
2022-09-11 09:22,regrck-vpcn002,Registry,prdrk registry rk3v xbr,,,,kafrck-vccn010:31095 kafrck-vccn011:31096 kafrck-vccn012:31097 kafrck-vccn013:31098 kafrck-vccn014:31099
2022-09-11 09:22,sccash-vpcn001,SCC,prdab sccint,,,,kafrck-vccn010:31090 kafrck-vccn011:31091 kafrck-vccn012:31092 kafrck-vccn013:31093 kafrck-vccn014:31094
2022-09-11 09:22,sccash-vpcn002,SCC,prdab sccint,,,,kafrck-vccn010:31090 kafrck-vccn011:31091 kafrck-vccn012:31092 kafrck-vccn013:31093 kafrck-vccn014:31094
2022-09-11 09:22,sccash-vpcn003,SCC,prdab sccext,,filebeat.yml,null,kafrck-vccn010:31090 kafrck-vccn011:31091 kafrck-vccn012:31092 kafrck-vccn013:31093 kafrck-vccn014:31094
2022-09-11 09:22,sccash-vpcn004,SCC,prdab sccext,,filebeat.yml,null,kafrck-vccn010:31090 kafrck-vccn011:31091 kafrck-vccn012:31092 kafrck-vccn013:31093 kafrck-vccn014:31094
2022-09-11 09:22,sccash-vpcn005,SCC,prdab sccext,,filebeat.yml,null,kafrck-vccn010:31090 kafrck-vccn011:31091 kafrck-vccn012:31092 kafrck-vccn013:31093 kafrck-vccn014:31094
2022-09-11 09:22,sccext-prd-rk1v,SCC,prdrk sccext,,filebeat.yml,null,
2022-09-11 09:22,sccext-prd-rk2v,SCC,prdrk sccext,,filebeat.yml test2.yml,,
2022-09-11 09:22,sccext-prd-sac1v,SCC,prdsac sccext,,filebeat.yml,null,
2022-09-11 09:22,sccint-prd-rk1v,SCC,prdrk sccint,,filebeat.yml,null,
2022-09-11 09:22,sccint-prd-rk2v,SCC,prdrk sccint,,filebeat.yml,null,
2022-09-11 09:22,sccrck-vpcn001,SCC,prdrk prdrk3v sccint,,filebeat.yml,null,kafrck-vccn010:31090 kafrck-vccn011:31091 kafrck-vccn012:31092 kafrck-vccn013:31093 kafrck-vccn014:31094
2022-09-11 09:22,sccrck-vpcn002,SCC,prdrk prdrk4v sccint,,filebeat.yml,null,kafrck-vccn010:31090 kafrck-vccn011:31091 kafrck-vccn012:31092 kafrck-vccn013:31093 kafrck-vccn014:31094
2022-09-11 09:22,sccrck-vpcn003,SCC,prdrk prdrk3v sccext,,filebeat.yml,null,kafrck-vccn010:31090 kafrck-vccn011:31091 kafrck-vccn012:31092 kafrck-vccn013:31093 kafrck-vccn014:31094
2022-09-11 09:22,sccrck-vpcn004,SCC,prdrk prdrk4v sccext,,filebeat.yml test2.yml,,
2022-09-11 09:22,sccrck-vpcn005,SCC,prdrk prdrk5v sccext,,filebeat.yml,null,
2022-09-11 09:22,search-orchestrator-ca-prd-ab1v,OSS,ab1-ca oss-orchestrator-ca prd-ca prd1-ca prdab-ca prdab1-ca,,,,
2022-09-11 09:22,search-orchestrator-ca-prd-sac1v,OSS,oss-orchestrator-ca prd-ca prd1-ca prdsac-ca prdsac1-ca sac1-ca,,filebeat.yml,null,
2022-09-11 09:22,search-orchestrator-prd-sac1v,OSS,oss-orchestrator prd prd1 prdsac prdsac1 sac1,,filebeat.yml,null,
2022-09-11 09:22,search-publisher-ca-prd-ab1v,OSS,oss-publisher-ca prdab-ca prdab1-ca,,,,
2022-09-11 09:22,search-publisher-ca-prd-sac1v,OSS,oss-publisher-ca prdsac-ca prdsac1-ca,,filebeat.yml,null,
2022-09-11 09:22,search-publisher-prd-rk1v,OSS,oss-publisher prdrk prdrk1,,filebeat.yml,null,
2022-09-11 09:22,search-publisher-prd-sac1v,OSS,oss-publisher prdsac prdsac1,,filebeat.yml,null,
2022-09-11 09:22,singleuse-prd-rk1v,Singleuse,master prd prdrk singleuse,,filebeat.yml,null,
2022-09-11 09:22,singleuseresolver-prd-rk1v,Singleuse,ab1v prd prdab singleuse,,filebeat.yml,null,
2022-09-11 09:22,singleuseresolver-prd-rk2v,Singleuse,ab2v prd prdab singleuse,,filebeat.yml,null,
2022-09-11 09:22,singleuseresolver-prd-rk3v,Singleuse,prd prdrk resolver rk3v singleuse,,filebeat.yml,null,
2022-09-11 09:22,singleuseresolver-prd-rk4v,Singleuse,prd prdrk resolver rk4v singleuse,,filebeat.yml,null,
2022-09-11 09:22,vaultprdrk1v-1,BGB,bgb-service prdrk,,filebeat.yml,null,
2022-09-11 09:22,vaultprdrk1v-1,BGB,bgb-service prdrk,,filebeat.yml,null,
2022-09-11 09:22,verrck-vpcn011,Vertex,o-series9 prd prd1 prdrk prod vertex,,,,
2022-09-11 09:22,versac-vpcn007,Vertex,o-series9 prd prd3 prdsac prod vertex,,,,
2022-09-11 09:22,versac-vpcn008,Vertex,o-series9 prd prd4 prdsac prod vertex,,,,
2022-09-11 09:22,wahrck-vpcn001,Oauth,oauth prd rk7v webauth,,filebeat.yml,null,kafrck-vccn010:31090 kafrck-vccn011:31091 kafrck-vccn012:31092 kafrck-vccn013:31093 kafrck-vccn014:31094
2022-09-11 09:22,wahrck-vpcn002,Oauth,oauth prd rk8v webauth,,,,kafrck-vccn010:31090 kafrck-vccn011:31091 kafrck-vccn012:31092 kafrck-vccn013:31093 kafrck-vccn014:31094
2022-09-11 09:22,wahrck-vpcn003,Oauth,oauth prd rk9v webauth,,,,kafrck-vccn010:31090 kafrck-vccn011:31091 kafrck-vccn012:31092 kafrck-vccn013:31093 kafrck-vccn014:31094
2022-09-11 09:22,wahrck-vpcn004,Oauth,oauth prd rk10v webauth,,,,kafrck-vccn010:31090 kafrck-vccn011:31091 kafrck-vccn012:31092 kafrck-vccn013:31093 kafrck-vccn014:31094
2022-09-11 09:22,wahrck-vpcn005,Oauth,oauth prd rk11v webauth,,,,kafrck-vccn010:31090 kafrck-vccn011:31091 kafrck-vccn012:31092 kafrck-vccn013:31093 kafrck-vccn014:31094
2022-09-11 09:22,wahrck-vpcn006,Oauth,oauth prd rk12v webauth,,,,kafrck-vccn010:31090 kafrck-vccn011:31091 kafrck-vccn012:31092 kafrck-vccn013:31093 kafrck-vccn014:31094
2022-09-11 09:22,wcarck-vccn001,AdminTool,prd rck rk2 wc1 xcadm,,filebeat.yml,null,
2022-09-11 09:22,wcarck-vccn002,AdminTool,prd rck rk2 wc2 xcadm,,,,
2022-09-11 09:22,wcmrck-vccn003,ECM,ecmprd1 ecmprd1- frontend,,filebeat.yml,null,
2022-09-11 09:22,wcmrck-vccn005,ECM,ecmprd1 ecmprd1- frontend,,filebeat.yml,null,
2022-09-11 09:22,wcmrck-vccn006,ECM,ecmprd1 ecmprd1- frontend,,filebeat.yml,null,
2022-09-11 09:22,wcmrck-vccn009,ECM,ecmprd1 ecmprd1- frontend,,filebeat.yml,null,
2022-09-06 13:56,we-ecmpub-prd-rk1v,ECM,ecm ecm-publish ecmpub prd prdrk publish,,filebeat.yml,elkrck-vccn009:5044 elkrck-vccn010:5044 elkrck-vccn011:5044,
2022-09-11 09:22,we-prd-ab10v,DP,frontend prdab,,filebeat.yml,elkrck-vccn009:5044 elkrck-vccn010:5044 elkrck-vccn011:5044,kafash-vccn010:31095 kafash-vccn011:31096 kafash-vccn012:31097 kafash-vccn013:31098 kafash-vccn014:31099
2022-09-11 09:22,we-prd-ab1v,DP,frontend prdab,,filebeat.yml,elkrck-vccn009:5044 elkrck-vccn010:5044 elkrck-vccn011:5044,kafash-vccn010:31095 kafash-vccn011:31096 kafash-vccn012:31097 kafash-vccn013:31098 kafash-vccn014:31099
2022-09-11 09:22,we-prd-ab2v,DP,frontend prdab,,filebeat.yml,elkrck-vccn009:5044 elkrck-vccn010:5044 elkrck-vccn011:5044,kafash-vccn010:31095 kafash-vccn011:31096 kafash-vccn012:31097 kafash-vccn013:31098 kafash-vccn014:31099
2022-09-11 09:22,we-prd-ab3v,DP,frontend prdab,,filebeat.yml,elkrck-vccn009:5044 elkrck-vccn010:5044 elkrck-vccn011:5044,kafash-vccn010:31095 kafash-vccn011:31096 kafash-vccn012:31097 kafash-vccn013:31098 kafash-vccn014:31099
2022-09-11 09:22,we-prd-ab4v,DP,frontend prdab,,filebeat.yml,elkrck-vccn009:5044 elkrck-vccn010:5044 elkrck-vccn011:5044,kafash-vccn010:31095 kafash-vccn011:31096 kafash-vccn012:31097 kafash-vccn013:31098 kafash-vccn014:31099
2022-09-11 09:22,we-prd-ab5v,DP,frontend prdab,,filebeat.yml,elkrck-vccn009:5044 elkrck-vccn010:5044 elkrck-vccn011:5044,kafash-vccn010:31095 kafash-vccn011:31096 kafash-vccn012:31097 kafash-vccn013:31098 kafash-vccn014:31099
2022-09-11 09:22,we-prd-ab6v,DP,frontend prdab,,filebeat.yml,elkrck-vccn009:5044 elkrck-vccn010:5044 elkrck-vccn011:5044,kafash-vccn010:31095 kafash-vccn011:31096 kafash-vccn012:31097 kafash-vccn013:31098 kafash-vccn014:31099
2022-09-11 09:22,we-prd-ab7v,DP,frontend prdab,,filebeat.yml,elkrck-vccn009:5044 elkrck-vccn010:5044 elkrck-vccn011:5044,kafash-vccn010:31095 kafash-vccn011:31096 kafash-vccn012:31097 kafash-vccn013:31098 kafash-vccn014:31099
2022-09-11 09:22,we-prd-ab8v,DP,frontend prdab,,filebeat.yml,elkrck-vccn009:5044 elkrck-vccn010:5044 elkrck-vccn011:5044,kafash-vccn010:31095 kafash-vccn011:31096 kafash-vccn012:31097 kafash-vccn013:31098 kafash-vccn014:31099
2022-09-11 09:22,we-prd-ab9v,DP,frontend prdab,,filebeat.yml,elkrck-vccn009:5044 elkrck-vccn010:5044 elkrck-vccn011:5044,kafash-vccn010:31095 kafash-vccn011:31096 kafash-vccn012:31097 kafash-vccn013:31098 kafash-vccn014:31099
2022-09-07 06:12,we-preprd-ab1v,DP,frontend preprd preprdab,,filebeat.yml,null,kafash-vccn010:31095 kafash-vccn011:31096 kafash-vccn012:31097 kafash-vccn013:31098 kafash-vccn014:31099
2022-09-11 09:22,webash-vccn001,Oauth,ab3v oauth prd webauth,,filebeat.yml,null,kafash-vccn010:31090 kafash-vccn011:31091 kafash-vccn012:31092 kafash-vccn013:31093 kafash-vccn014:31094
2022-09-11 09:22,webauth-prd-ab01v,Oauth,ab1v oauth prd webauth,,filebeat.yml,null,kafash-vccn010:31090 kafash-vccn011:31091 kafash-vccn012:31092 kafash-vccn013:31093 kafash-vccn014:31094
2022-09-11 09:22,webauth-prd-ab02v,Oauth,ab2v oauth prd webauth,,filebeat.yml,null,kafash-vccn010:31090 kafash-vccn011:31091 kafash-vccn012:31092 kafash-vccn013:31093 kafash-vccn014:31094
2022-09-11 09:22,webauth-prd-ab04v,Oauth,ab4v oauth prd webauth,,,,kafash-vccn010:31090 kafash-vccn011:31091 kafash-vccn012:31092 kafash-vccn013:31093 kafash-vccn014:31094
2022-09-11 09:22,webauth-prd-ab05v,Oauth,ab5v oauth prd webauth,,,,kafash-vccn010:31090 kafash-vccn011:31091 kafash-vccn012:31092 kafash-vccn013:31093 kafash-vccn014:31094
2022-09-11 09:22,webauth-prd-ab06v,Oauth,ab6v oauth prd webauth,,,,kafash-vccn010:31090 kafash-vccn011:31091 kafash-vccn012:31092 kafash-vccn013:31093 kafash-vccn014:31094
2022-08-24 10:31,webauth-prd-rk01v,Oauth,webauth oauth prd rk1v,,filebeat.yml,null,kafrck-vccn010:31090 kafrck-vccn011:31091 kafrck-vccn012:31092 kafrck-vccn013:31093 kafrck-vccn014:31094
2022-08-24 10:31,webauth-prd-rk02v,Oauth,webauth oauth prd rk2v,,filebeat.yml,null,kafrck-vccn010:31090 kafrck-vccn011:31091 kafrck-vccn012:31092 kafrck-vccn013:31093 kafrck-vccn014:31094
2022-08-24 10:31,webauth-prd-rk04v,Oauth,webauth oauth prd rk4v,,,,kafrck-vccn010:31090 kafrck-vccn011:31091 kafrck-vccn012:31092 kafrck-vccn013:31093 kafrck-vccn014:31094
2022-08-24 10:31,webauth-prd-rk05v,Oauth,webauth oauth prd rk5v,,,,kafrck-vccn010:31090 kafrck-vccn011:31091 kafrck-vccn012:31092 kafrck-vccn013:31093 kafrck-vccn014:31094
2022-08-24 10:31,webauth-prd-rk06v,Oauth,webauth oauth prd rk6v,,,,kafrck-vccn010:31090 kafrck-vccn011:31091 kafrck-vccn012:31092 kafrck-vccn013:31093 kafrck-vccn014:31094
2022-08-24 10:31,webrck-vccn001,Oauth,webauth oauth prd rk3v,,filebeat.yml,null,kafrck-vccn010:31090 kafrck-vccn011:31091 kafrck-vccn012:31092 kafrck-vccn013:31093 kafrck-vccn014:31094
2022-09-06 13:56,ws-ecmpub-prd-rk1v,ECM,ecm ecm-publish ecmpub prd prdrk publish,,filebeat.yml,elkrck-vccn009:5044 elkrck-vccn010:5044 elkrck-vccn011:5044,
2022-09-07 06:12,ws-preprd-ab1v,DP,frontend preprd preprdab,,filebeat.yml,null,kafash-vccn010:31095 kafash-vccn011:31096 kafash-vccn012:31097 kafash-vccn013:31098 kafash-vccn014:31099
2022-09-07 06:12,ws-preprd-rk1v,DP,frontend preprd preprdrk,,filebeat.yml,elkrck-vccn009:5044 elkrck-vccn010:5044 elkrck-vccn011:5044,kafrck-vccn010:31095 kafrck-vccn011:31096 kafrck-vccn012:31097 kafrck-vccn013:31098 kafrck-vccn014:31099
2022-09-11 09:22,xcaash-vccn001,AdminTool,ab ab1 prd xcadm,,filebeat.yml,null,
2022-09-11 09:22,xcaash-vpcn001,AdminTool,ab ab2 prd xcadm,,,,
2022-09-11 09:22,xcaash-vpcn002,AdminTool,ab ab1 caprd xcadm,,,,
2022-09-11 09:22,xcaash-vpcn003,AdminTool,ab ab2 caprd xcadm,,,,
2022-09-11 09:22,xcadm-prd-ab1v,AdminTool,ab1v prd xcadm,,filebeat.yml,null,
2022-09-11 09:22,xcadm-prd-rk1v,AdminTool,prd rck rk rk1v xcadm,,filebeat.yml,null,
2022-09-11 09:22,xcadm-prd-rk2v,AdminTool,prd rck rk rk2v xcadm,,filebeat.yml,null,
2022-09-11 09:22,xcarck-vccn001,AdminTool,prd rck rk1 xc1 xcadm,,filebeat.yml,elkrck-vccn009:5044 elkrck-vccn010:5044 elkrck-vccn011:5044,
2022-09-11 09:22,xcasac-vpcn001,AdminTool,caprd sac sac1 xcadm,,,,
2022-09-11 09:22,xcasac-vpcn002,AdminTool,caprd sac sac2 xcadm,,,,
2022-09-11 09:22,xcasac-vpcn003,C3,caprd sac sac3 xcadm,,,,
2022-09-11 09:22,xcasac-vpcn004,AdminTool,caprd sac sac4 xcadm,,,,
