Date, Host,App,RunDeck Tags,WSI Package,Config File,Filebeat Kafka Hosts,Log4j Kafka Hosts
2022-09-11 09:22,aemsac-vccn001,AEM,aem prdsac,wsgc-devops-edam-prd-west-primary-config-2.0.22,edam.yml edam.yml,kafrck-vccn010:31090 kafrck-vccn011:31091 kafrck-vccn012:31092 kafrck-vccn013:31093 kafrck-vccn014:31094 kafash-vccn010:31090 kafash-vccn011:31091 kafash-vccn012:31092 kafash-vccn013:31093 kafash-vccn014:31094,kafrck-vccn010:31090 kafrck-vccn011:31091 kafrck-vccn012:31092 kafrck-vccn013:31093 kafrck-vccn014:31094 kafash-vccn010:31090 kafash-vccn011:31091 kafash-vccn012:31092 kafash-vccn013:31093 kafash-vccn014:31094
2022-09-11 09:22,aemsac-vccn002,AEM,aem prdsac,,filebeat.yml,null,
2022-09-11 09:22,aemsac-vpcn001,CMA,-recipe aem author cma prd,wsgc-devops-cma-prd-ws-author-config-2.0.4,cma.yml cma.yml,null,kafrck-vccn010:31090 kafrck-vccn011:31091 kafrck-vccn012:31092 kafrck-vccn013:31093 kafrck-vccn014:31094 kafash-vccn010:31090 kafash-vccn011:31091 kafash-vccn012:31092 kafash-vccn013:31093 kafash-vccn014:31094
2022-09-11 09:22,aemsac-vpcn002,CMA,-recipe aem cma prd publish,wsgc-devops-cma-prd-ws-publish-config-2.0.4,cma.yml cma.yml,null,kafrck-vccn010:31090 kafrck-vccn011:31091 kafrck-vccn012:31092 kafrck-vccn013:31093 kafrck-vccn014:31094 kafash-vccn010:31090 kafash-vccn011:31091 kafash-vccn012:31092 kafash-vccn013:31093 kafash-vccn014:31094
2022-09-11 09:22,bgbrck-vccn001,ECM Agent,ca-prdrk caprdrk ecmagent-bgb ecmagent-imgproc ecmagent-svc prd,,filebeat.yml,null,
2022-09-11 09:22,ecmagentprdrk1v,ECM Agent,ecmagent-bgb ecmagent-svc prdold prdrkold,,filebeat.yml,null,
2022-09-11 09:22,ecmrck-vccn001,ECM Agent,ecmagent-bgb ecmagent-imgproc ecmagent-svc prd prdrk,,filebeat.yml,elkrck-vccn009:5044 elkrck-vccn010:5044 elkrck-vccn011:5044,
2022-09-11 09:22,mg-ecmauth-prd-rk1v,CMA,author ecm ecm-author ecmauth prd prdrk,,filebeat.yml,elkrck-vccn009:5044 elkrck-vccn010:5044 elkrck-vccn011:5044,
2022-09-11 09:22,mg-wcm-prd1-rk1v,WCM,prd prdrk wcm,,filebeat.yml,elkrck-vccn009:5044 elkrck-vccn010:5044 elkrck-vccn011:5044,
2022-09-11 09:22,pb-ecmauth-prd-rk1v,CMA,author ecm ecm-author ecmauth prd prdrk,,filebeat.yml,elkrck-vccn009:5044 elkrck-vccn010:5044 elkrck-vccn011:5044,
2022-09-11 09:22,pb-ecmpub-prd-rk1v,ECM,ecm ecm-publish ecmpub prd prdrk publish,,filebeat.yml,elkrck-vccn009:5044 elkrck-vccn010:5044 elkrck-vccn011:5044,
2022-09-11 09:22,pb-wcm-prd1-rk1v,WCM,prd prdrk wcm,,filebeat.yml,elkrck-vccn009:5044 elkrck-vccn010:5044 elkrck-vccn011:5044,
2022-09-11 09:22,pk-wcm-prd1-rk1v,WCM,prd prdrk wcm,,filebeat.yml,elkrck-vccn009:5044 elkrck-vccn010:5044 elkrck-vccn011:5044,
2022-09-11 09:22,pt-wcm-prd1-rk1v,WCM,prd prdrk wcm,,filebeat.yml,elkrck-vccn009:5044 elkrck-vccn010:5044 elkrck-vccn011:5044,
2022-09-11 09:22,wcmrck-vpcn002,WCM,prd prdrk wcm,,filebeat.yml,kafrck-vccn010:31090 kafrck-vccn011:31091 kafrck-vccn012:31092 kafrck-vccn013:31093 kafrck-vccn014:31094,
2022-09-11 09:22,we-ecmauth-prd-rk1v,CMA,author ecm ecm-author ecmauth prd prdrk,,filebeat.yml,elkrck-vccn009:5044 elkrck-vccn010:5044 elkrck-vccn011:5044,
2022-09-11 09:22,we-ecmpub-prd-rk1v,ECM,ecm ecm-publish ecmpub prd prdrk publish,,filebeat.yml,elkrck-vccn009:5044 elkrck-vccn010:5044 elkrck-vccn011:5044,
2022-09-11 09:22,we-wcm-prd1-rk1v,WCM,prd prdrk wcm,,filebeat.yml,elkrck-vccn009:5044 elkrck-vccn010:5044 elkrck-vccn011:5044,
2022-09-11 09:22,ws-ecmauth-prd-rk1v,CMA,author ecm ecm-author ecmauth prd prdrk,,filebeat.yml,elkrck-vccn009:5044 elkrck-vccn010:5044 elkrck-vccn011:5044,
2022-09-11 09:22,ws-ecmpub-prd-rk1v,ECM,ecm ecm-publish ecmpub prd prdrk publish,,filebeat.yml,elkrck-vccn009:5044 elkrck-vccn010:5044 elkrck-vccn011:5044,
2022-09-11 09:22,ws-wcm-prd1-rk1v,WCM,prd prdrk wcm,,filebeat.yml,elkrck-vccn009:5044 elkrck-vccn010:5044 elkrck-vccn011:5044,
